tree
version=v4
num_class=1
num_tree_per_iteration=1
label_index=0
max_feature_idx=11
objective=binary sigmoid:1
feature_names=Intraday_Range Close_Open_Momentum Top_Wick_Rejection Dist_SMA_10 Dist_SMA_50 Volume_Ratio Relative_Strength_10d Market_Regime_200 VIX_Close VIX_5d_Change Month DayOfWeek
feature_infos=[0:0.43243725410926309] [-0.27264421725531834:0.34079603241126155] [-1.3145503512608867e-16:0.3046594982078854] [-0.67608942825558915:0.54481285464410711] [-0.73291961043415499:1.1349077294407222] [0:19.643962544895459] [-0.75591039201546661:1.1223260885563922] [-0.34142277973741597:0.30054769648402835] [9.1499996185302734:83.610000610351562] [-0.44785045017705905:1.2964119527977322] [1:12] [0:4]
tree_sizes=1862 1903 1892 1893 1903 1904 1903 1881 1897 1900 1885 1901 1901 1882 1905 1902 1910 1906 1915 1917 1903 1908 1885 1901 1913 1890 1898 1906 1892 1897 1896 1910 1903 1902 1917 1894 1926 1910 1919 1918 1901 1923 1906 1902 1906 1907 1898 1913 1903 1901 1898 1926 1900 1899 1902 1887 1888 1873 1881 1873 1913 1912 1920 1763 1894 1665 1909 1892 1670 1896 1905 1896 1669 1880 1671 1897 1877 1915 1773 1913 1888 1903 1650 1903 1940 1907 1920 1901 1899 1927 1919 1766 1913 1913 1675 1889 1918 1907 1918 1940 1886 1919 1920 1678 1909 1890 1944 1888 1676 1912 1882 1917 1893 1905 1900 1916 1889 1948 1917 1890 1876 1938 1932 1927 1884 1679 1919 1923 1936 1917 1887 1893 1919 1797 1920 1879 1911 1888 1921 1912 1907 1781 1940 1914 1915 1910 1887 1936 1927 1921

Tree=0
num_leaves=16
num_cat=0
split_feature=7 11 9 7 11 8 8 7 7 9 8 9 7 4 7
split_gain=493.731 694.118 409.677 264.623 259.568 617.678 255.203 175.326 178.392 162.252 155.08 105.048 68.9887 6.10854 2.43429
threshold=-0.068873503122694288 3.5000000000000004 -0.18785404488743349 -0.0577327146855433 1.5000000000000002 21.85999965667725 17.149999618530277 -0.049168444365212498 -0.038367579922955579 -0.10802613429763723 22.729999542236332 -0.052454320562892891 -0.085355310879802623 0.13775724768261435 -0.21139297599414056
decision_type=2 2 2 2 2 2 2 2 2 2 2 2 2 2 2
left_child=1 4 7 9 10 -6 -5 13 -9 -4 -1 14 -13 -2 -3
right_child=2 11 3 6 5 -7 -8 8 -10 -11 -12 12 -14 -15 -16
leaf_value=-0.34149704375766948 -0.29844548495928974 -0.30642104027074546 -0.39915575398741882 -0.36106671408890451 -0.31843177828646707 -0.37065188639192981 -0.35491233412822498 -0.37475805439528431 -0.34172455170280563 -0.36890200143324892 -0.31590766237544199 -0.39419059236101539 -0.36111882013045499 -0.33572111487907186 -0.33241249733897482
leaf_weight=347.68382810242474 75.770206063985825 3.6827026354149011 179.42497654445469 31354.51337971678 348.17867464758456 491.81877856422216 7517.9819569368847 170.27978503890336 1082.3599332403392 1439.7125908671878 550.83195417094976 266.24248853605241 72.152613555081189 4.174667000770568 27.164836652576923
leaf_count=4596 363 373 1532 423051 3064 14676 219685 1149 15835 13710 12405 3774 1524 20 1879
internal_value=-0.359119 -0.344952 -0.359833 -0.360371 -0.337018 -0.349007 -0.359876 -0.343466 -0.346215 -0.372255 -0.32581 -0.382308 -0.387139 -0.300392 -0.32931
internal_weight=43932 2107.76 41824.2 40491.6 1738.51 839.997 38872.5 1332.58 1252.64 1619.14 898.516 369.243 338.395 79.9449 30.8475
internal_count=717636 42291 675345 657978 34741 17740 642736 17367 16984 15242 17001 7550 5298 383 2252
is_linear=0
shrinkage=1


Tree=1
num_leaves=16
num_cat=0
split_feature=10 8 7 11 9 7 11 11 7 10 7 7 7 4 8
split_gain=1265.15 421.334 366.797 582.12 354.619 293.715 241.488 226.936 396.607 193.034 153.208 101.299 33.6774 18.5019 8.7017
threshold=2.5000000000000004 11.904999732971193 -0.068873503122694288 3.5000000000000004 -0.15448477574261296 -0.055062669769475929 1.5000000000000002 2.5000000000000004 0.0064878370299188423 3.5000000000000004 -0.049168444365212498 -0.049168444365212498 0.02519426283951787 0.13775724768261435 11.34500026702881
decision_type=2 2 2 2 2 2 2 2 2 2 2 2 2 2 2
left_child=1 12 3 6 10 -6 -2 11 -9 -5 -4 -3 14 -14 -1
right_child=2 7 4 9 5 -7 -8 8 -10 -11 -12 -13 13 -15 -16
leaf_value=-0.029224159115287428 0.032125911424808473 -0.035161866590231704 0.04191074515382822 -0.035984206646441953 -0.011127663898451519 0.0014380538616271656 0.0097909347670528789 -0.027531435746618947 -0.0039672540388476047 0.017525963241825055 0.011326523593176383 -0.0028941674864766476 -0.027069829408281273 -6.8317525734389511e-05 -0.041356910441567675
leaf_weight=70.640965864062309 903.57301299273968 89.838168516755104 160.27625815570354 241.24973971676081 1769.7782755019143 30983.295532855205 841.35997725836933 1250.3350353967398 1323.0521463723853 81.060682048089802 1836.4721980821341 3454.5006109704264 686.62000470049679 23.625129051506519 215.50816015899181
leaf_count=383 17001 766 766 2268 16767 512321 17740 15337 31507 4899 25292 67240 4050 150 1149
internal_value=-2.06511e-07 -0.0115818 0.0022377 0.0145146 0.00150735 0.000759078 0.0213566 -0.00863543 -0.0154164 -0.0225265 0.0137815 -0.00371206 -0.0296725 -0.0261717 -0.0383617
internal_weight=43931.2 7114.12 36817.1 2067.24 34749.8 32753.1 1744.93 6117.73 2573.39 322.31 1996.75 3544.34 996.394 710.245 286.149
internal_count=717636 120582 597054 41908 555146 529088 34741 114850 46844 7167 26058 68006 5732 4200 1532
is_linear=0
shrinkage=0.03


Tree=2
num_leaves=16
num_cat=0
split_feature=10 8 7 9 7 9 7 7 10 8 7 7 4 8 8
split_gain=1192.56 400.217 344.122 332.737 295.951 466.47 276.829 211.088 168.326 159.056 142.68 32.2753 17.5838 13.3302 8.36436
threshold=2.5000000000000004 11.904999732971193 -0.068873503122694288 -0.15448477574261296 -0.085355310879802623 0.21062456473434024 -0.055062669769475929 -0.047118301419243939 3.5000000000000004 12.144999980926515 -0.049168444365212498 0.02519426283951787 0.13775724768261435 18.054999351501468 11.34500026702881
decision_type=2 2 2 2 2 2 2 2 2 2 2 2 2 2 2
left_child=1 11 4 10 5 -2 -5 13 -6 -9 -4 14 -13 -3 -1
right_child=2 7 3 6 8 -7 -8 9 -10 -11 -12 12 -14 -15 -16
leaf_value=-0.028504012348262119 -0.0074499421828118032 -0.034936451715998532 0.040391139844637255 -0.010816399993020556 0.0095238701785176939 0.037225845606774124 0.0013945505541404239 0.03694348562162908 0.03590259237533696 -0.0076577563791819965 0.01096507711756764 -0.026391677821729201 -6.6269155093830884e-05 -0.017013846844675603 -0.040435078434836701
leaf_weight=70.258724138140678 846.0711241113022 268.27750761061907 161.30073991417885 1766.1418826594017 339.87241986393929 279.93393856845796 30991.211364073213 72.877687200903893 605.72892934177071 5723.4574168869294 1840.0427838102914 683.18750776723027 23.624840535223484 43.389361158013344 213.83392359316349
leaf_count=383 24465 2298 766 16767 2298 5625 512321 383 9520 111786 25292 4050 150 383 1149
internal_value=-4.52231e-07 -0.0112593 0.00216964 0.0014617 0.0140479 0.00365682 0.000736186 -0.0083902 0.0264214 -0.00709698 0.0133367 -0.0289443 -0.0255118 -0.0324413 -0.0374844
internal_weight=43929.2 7098.91 36830.3 34758.7 2071.61 1126.01 32757.4 6108 945.601 5796.34 2001.34 990.905 706.812 311.667 284.093
internal_count=717636 120582 597054 555146 41908 30090 529088 114850 11818 112169 26058 5732 4200 2681 1532
is_linear=0
shrinkage=0.03


Tree=3
num_leaves=16
num_cat=0
split_feature=10 8 7 9 7 9 7 7 10 7 7 7 4 8 8
split_gain=1124.17 380.385 322.945 312.28 276.579 436.868 260.914 200.653 156.73 150.32 133.12 30.9921 16.7184 12.7848 8.06051
threshold=2.5000000000000004 11.904999732971193 -0.068873503122694288 -0.15448477574261296 -0.085355310879802623 0.21062456473434024 -0.055062669769475929 -0.047118301419243939 3.5000000000000004 0.076743773001661922 -0.049168444365212498 0.02519426283951787 0.13775724768261435 18.054999351501468 11.34500026702881
decision_type=2 2 2 2 2 2 2 2 2 2 2 2 2 2 2
left_child=1 11 4 10 5 -2 -5 13 -6 -9 -4 14 -13 -3 -1
right_child=2 7 3 6 8 -7 -8 9 -10 -11 -12 12 -14 -15 -16
leaf_value=-0.027809023269265997 -0.0072362821977208424 -0.034139504414216641 0.03896796164697125 -0.010513839677160738 0.0092241570381057757 0.035923798059560974 0.0013523750005439096 -0.0095919859433646736 0.034642142336560225 0.0017667485954242395 0.010616472719926695 -0.025736114615675543 -6.4281851076048344e-05 -0.01655515210102072 -0.039558706118680939
leaf_weight=69.86022275686264 844.9382944945246 266.33340870589018 162.16225838661194 1762.5134652280249 340.38027869910002 281.35509369615465 30998.860182306264 4413.419229421299 608.88524803891778 1375.3406918346882 1843.3966151271015 679.62654970213771 23.624560914933681 43.255848214030266 212.04109826683998
leaf_count=383 24465 2298 766 16767 2298 5625 512321 78082 9520 34087 25292 4050 150 383 1149
internal_value=-6.53574e-07 -0.0109459 0.00210373 0.00141746 0.0135992 0.00354537 0.00071399 -0.00815174 0.025528 -0.00689329 0.0129089 -0.0282426 -0.0248737 -0.0316826 -0.0366469
internal_weight=43926 7083.5 36842.5 34766.9 2075.56 1126.29 32761.4 6098.35 949.266 5788.76 2005.56 985.152 703.251 309.589 281.901
internal_count=717636 120582 597054 555146 41908 30090 529088 114850 11818 112169 26058 5732 4200 2681 1532
is_linear=0
shrinkage=0.03


Tree=4
num_leaves=16
num_cat=0
split_feature=10 8 7 11 9 7 11 7 11 10 11 8 7 11 8
split_gain=1059.74 361.718 303.212 515.194 293.145 245.914 214.229 365.112 211.559 178.338 134.566 90.8037 29.8129 15.9558 7.78567
threshold=2.5000000000000004 11.904999732971193 -0.068873503122694288 3.5000000000000004 -0.15448477574261296 -0.055062669769475929 2.5000000000000004 0.0064878370299188423 1.5000000000000002 3.5000000000000004 3.5000000000000004 13.769999980926515 0.02519426283951787 1.5000000000000002 11.34500026702881
decision_type=2 2 2 2 2 2 2 2 2 2 2 2 2 2 2
left_child=1 12 3 8 10 -6 11 -8 -2 -5 -4 -3 14 -14 -1
right_child=2 6 4 9 5 -7 7 -9 -10 -11 -12 -13 13 -15 -16
leaf_value=-0.027137485936823191 0.02955739595853088 -0.011252435853186882 0.016540160543757867 -0.034895476619330089 -0.010219706057980962 0.0013114861564536083 -0.026236960035144575 -0.0035546055654053317 0.0087308270629849506 0.016507567206194486 -0.0024100121893675642 -0.00028159120788847508 -0.019710496939474156 -0.028771886985791674 -0.038723778922288135
leaf_weight=69.447579070925713 912.98017917573452 917.24883180111647 1580.7040091883391 238.8596926368773 1758.8987323078327 31006.251467762981 1237.7517704372294 1319.6416752729565 845.50552505906671 81.461371261626482 428.71646794024855 2614.0310073294677 348.6341564655304 350.94478779099882 210.14326718449593
leaf_count=383 17001 8414 20033 2268 16767 512321 15337 31507 17740 4899 6025 59592 1915 2285 1149
internal_value=-8.35095e-07 -0.0106418 0.00203991 0.0131695 0.00137459 0.000692469 -0.00792012 -0.0145326 0.0195437 -0.0218231 0.0124971 -0.00313126 -0.0275655 -0.0242562 -0.0358459
internal_weight=43921.2 7067.84 36853.4 2078.81 34774.6 32765.2 6088.67 2557.39 1758.49 320.321 2009.42 3531.28 979.17 699.579 279.591
internal_count=717636 120582 597054 41908 555146 529088 114850 46844 34741 7167 26058 68006 5732 4200 1532
is_linear=0
shrinkage=0.03


Tree=5
num_leaves=16
num_cat=0
split_feature=10 7 7 9 7 9 7 9 10 7 7 7 9 9 9
split_gain=999.077 284.782 279.388 275.205 250.094 394.352 231.776 229.905 146.127 123.033 90.3689 72.6596 27.2551 26.0559 21.6993
threshold=2.5000000000000004 -0.068873503122694288 0.076743773001661922 -0.15448477574261296 -0.085355310879802623 0.21062456473434024 -0.055062669769475929 0.2209240964292857 3.5000000000000004 -0.049168444365212498 -0.049168444365212498 0.099909881366515588 0.23464400287500545 0.022618884979570434 0.076493066728187245
decision_type=2 2 2 2 2 2 2 2 2 2 2 2 2 2 2
left_child=2 4 7 9 5 -2 -5 10 -6 -3 -1 14 -9 -13 -4
right_child=1 3 11 6 8 -7 -8 12 -10 -11 -12 13 -14 -15 -16
leaf_value=-0.033683248097421174 -0.0070987349199256996 0.037074023443554552 0.010025358245589703 -0.0099337354647707054 0.0083378540954730639 0.033811659811947656 0.0012718439513556897 0.01950834076668298 0.032820331190909352 0.0098969437442552183 -0.014019955300282298 0.0019716954727534057 0.0026582979631809508 -0.0075466615781043939 0.028340148093943456
leaf_weight=219.38607084006071 843.5650297338143 163.13971078395844 215.33320121653378 1755.3028915007599 341.77732495218515 283.269955156371 31013.394699176308 158.51029072329402 612.84262048639357 1849.9960052859969 5108.8942872616462 649.89535557851195 189.89734297432005 430.15508399810642 79.796967415139079
leaf_count=1915 24465 766 4596 16767 2298 5625 512321 1149 9520 25292 77386 16469 6045 11107 1915
internal_value=-1.03863e-06 0.00197807 -0.0103467 0.00133302 0.0127569 0.00318554 0.000671601 -0.0132857 0.024055 0.0120993 -0.0148296 0.00178552 0.0103243 -0.00181921 0.0149773
internal_weight=43915.2 36863.3 7051.87 34781.8 2081.45 1126.83 32768.7 5676.69 954.62 2013.14 5328.28 1375.18 348.408 1080.05 295.13
internal_count=717636 597054 120582 555146 41908 30090 529088 86495 11818 26058 79301 34087 7194 27576 6511
is_linear=0
shrinkage=0.03


Tree=6
num_leaves=16
num_cat=0
split_feature=10 8 7 11 9 7 11 7 11 10 11 7 7 11 8
split_gain=941.818 341.069 267.569 470.804 258.437 218.449 200.486 341.822 192.173 167.168 124.742 84.8393 28.8702 15.3193 7.57596
threshold=2.5000000000000004 11.904999732971193 -0.068873503122694288 3.5000000000000004 -0.15448477574261296 -0.055062669769475929 2.5000000000000004 0.0064878370299188423 1.5000000000000002 3.5000000000000004 3.5000000000000004 -0.047118301419243939 0.02519426283951787 1.5000000000000002 11.34500026702881
decision_type=2 2 2 2 2 2 2 2 2 2 2 2 2 2 2
left_child=1 12 3 8 10 -6 11 -8 -2 -5 -4 -3 14 -14 -1
right_child=2 6 4 9 5 -7 7 -9 -10 -11 -12 -13 13 -15 -16
leaf_value=-0.026154294074579573 0.027929187896730996 -0.026569183532662098 0.015597298882398775 -0.033993833302175251 -0.0096556760502732441 0.0012334099725973692 -0.025230378579202788 -0.0032214325084348205 0.0081168605864179021 0.015774877940078681 -0.0026316508591731217 -0.0018730046078450949 -0.018843796104533014 -0.027760832633740806 -0.037642844508812681
leaf_weight=68.794898584485054 917.69428730756044 129.98927292227745 1587.1774036944844 236.64306460600346 1751.7306408421136 31020.298939379398 1226.8021824057214 1316.7939857002348 847.57289492059499 81.715899777598679 429.22178051993251 3393.0286051314324 346.01706072688103 347.57425841875374 207.40111540257931
leaf_count=383 17001 1149 20033 2268 16767 512321 15337 31507 17740 4899 6025 66857 1915 2285 1149
internal_value=-1.17808e-06 -0.010059 0.00191819 0.0123605 0.00129275 0.000651367 -0.00741823 -0.0138366 0.0184165 -0.0212193 0.011717 -0.00278422 -0.0265787 -0.0233123 -0.0347813
internal_weight=43908.5 7036.4 36872.1 2083.63 34788.4 32772 6066.61 2543.6 1765.27 318.359 2016.4 3523.02 969.787 693.591 276.196
internal_count=717636 120582 597054 41908 555146 529088 114850 46844 34741 7167 26058 68006 5732 4200 1532
is_linear=0
shrinkage=0.03


Tree=7
num_leaves=16
num_cat=0
split_feature=7 11 9 5 11 8 7 11 7 8 8 9 7 8 8
split_gain=320.705 486.606 292.087 209.953 179.98 524.491 172.725 136.629 176.717 144.832 134.098 88.1075 61.2094 36.2939 2.24195
threshold=-0.068873503122694288 3.5000000000000004 -0.18785404488743349 1.0000000180025095e-35 1.5000000000000002 21.750000000000004 -0.0577327146855433 3.5000000000000004 0.034003778993425 14.324999809265138 22.729999542236332 -0.052454320562892891 -0.085355310879802623 13.769999980926515 51.635000228881843
decision_type=2 2 2 2 2 2 2 2 2 2 2 2 2 2 2
left_child=1 4 7 13 10 -6 -5 9 -9 -2 -1 14 -13 -4 -3
right_child=2 11 3 6 5 -7 -8 8 -10 -11 -12 12 -14 -15 -16
leaf_value=0.012576532920105051 -0.00011506161612172104 0.024832436434275303 0.067429714734445673 -0.010800950754031471 0.036487963116529472 -0.011570150823988818 -0.00071773859422834371 -0.043359982387328744 0.0098136153295618322 0.024633338942873222 0.036101476817093421 -0.031778295661534436 -0.00031019975980264321 -0.022924121429524345 0.049622959575708871
leaf_weight=355.20202179253101 291.78837571293116 27.410300698131326 46.777560248970985 1591.7255618381314 343.15031345002353 505.41566174849868 38780.299838971812 79.917130634188652 189.95016134809703 786.3698799489066 564.88837370742112 258.06469094846398 70.919614164158702 4.375383924227207 3.7299790736287823
leaf_count=4596 3064 1879 388 15242 2681 15059 642264 383 3410 10510 12405 3774 1524 84 373
internal_value=-1.35763e-06 0.011357 -0.000580212 -0.00103832 0.0178291 0.007864 -0.00111528 0.0131572 -0.00593294 0.0179355 0.0270196 -0.0204293 -0.0249947 0.0597013 0.0278018
internal_weight=43900 2128.78 41771.2 40423.2 1768.66 848.566 40372 1348.03 269.867 1078.16 920.09 360.125 328.984 51.1529 31.1403
internal_count=717636 42291 675345 657978 34741 17740 657506 17367 3793 13574 17001 7550 5298 472 2252
is_linear=0
shrinkage=0.03


Tree=8
num_leaves=16
num_cat=0
split_feature=10 8 7 11 9 7 11 7 11 10 7 8 7 8 8
split_gain=884.123 324.67 234.579 415.342 230.33 196.376 189.502 324.641 168.625 153.773 112.84 82.4478 27.874 15.0597 7.35142
threshold=2.5000000000000004 11.904999732971193 -0.068873503122694288 3.5000000000000004 -0.15448477574261296 -0.055062669769475929 2.5000000000000004 0.0064878370299188423 1.5000000000000002 3.5000000000000004 -0.049168444365212498 13.769999980926515 0.02519426283951787 11.150000095367433 11.34500026702881
decision_type=2 2 2 2 2 2 2 2 2 2 2 2 2 2 2
left_child=1 12 3 8 10 -6 11 -8 -2 -5 -4 -3 14 -14 -1
right_child=2 6 4 9 5 -7 7 -9 -10 -11 -12 -13 13 -15 -16
leaf_value=-0.025518544106879804 0.026155870127879899 -0.010448841224496658 0.034957511231725164 -0.032572665795762755 -0.0091290330659526027 0.0012147810611902469 -0.024592736662010461 -0.0031064340613891303 0.0076246773086133561 0.015225760259611566 0.0089928468048345381 3.0743220744278685e-05 -0.026421055205524305 -0.01740775572181975 -0.036878285815185811
leaf_weight=68.342590242624283 921.92779287975281 911.85515109915286 163.93547061085701 232.74865515343845 1744.7403495274484 31023.586730800103 1219.3861962677911 1315.8087913789786 848.83004277665168 81.887188252992928 1857.3822413855232 2608.579157395754 406.75311456620693 282.8536106813699 205.26188921928406
leaf_count=383 17001 8414 766 2268 16767 512321 15337 31507 17740 4899 25292 59592 2298 1902 1149
internal_value=-1.43803e-06 -0.00976052 0.00185612 0.0116292 0.00127029 0.000664028 -0.00718722 -0.013441 0.0172728 -0.0201326 0.0110987 -0.00268366 -0.0259387 -0.0227241 -0.0340408
internal_weight=43893.9 7018.84 36875 2085.39 34789.6 32768.3 6055.63 2535.19 1770.76 314.636 2021.32 3520.43 963.211 689.607 273.604
internal_count=717636 120582 597054 41908 555146 529088 114850 46844 34741 7167 26058 68006 5732 4200 1532
is_linear=0
shrinkage=0.03


Tree=9
num_leaves=16
num_cat=0
split_feature=10 8 7 11 9 5 11 7 11 10 11 7 7 11 8
split_gain=833.606 309.079 220.609 390.977 216.385 191.269 179.332 308.608 158.224 146.18 109.551 79.1632 26.9395 14.4886 7.14337
threshold=2.5000000000000004 11.904999732971193 -0.068873503122694288 3.5000000000000004 -0.15448477574261296 1.0000000180025095e-35 2.5000000000000004 0.0064878370299188423 1.5000000000000002 3.5000000000000004 3.5000000000000004 -0.047118301419243939 0.02519426283951787 1.5000000000000002 11.34500026702881
decision_type=2 2 2 2 2 2 2 2 2 2 2 2 2 2 2
left_child=1 12 3 8 10 -6 11 -8 -2 -5 -4 -3 14 -14 -1
right_child=2 6 4 9 5 -7 7 -9 -10 -11 -12 -13 13 -15 -16
leaf_value=-0.024918841768461545 0.025326362422257425 -0.025693457191696224 0.014373200872914872 -0.031884318466528616 0.058942904245582815 0.00055392638719698795 -0.023999530991414886 -0.0030150755896673808 0.0073881316795010171 0.014737369966605613 -0.0027002386433132917 -0.001727657097112642 -0.017807059905229905 -0.026528744376049854 -0.036159242333842843
leaf_weight=67.89455084502697 923.53405629005283 128.75764540582895 1594.6077450001612 230.67181745078415 50.570455301553011 32720.840778046753 1212.1508715250529 1315.0202602003701 849.71305717714131 82.060167853720486 429.28943484136835 3389.7254671007395 342.65350739657879 343.03546331264079 203.096181884408
leaf_count=383 17001 1149 20033 2268 458 528630 15337 31507 17740 4899 6025 66857 1915 2285 1149
internal_value=-1.5913e-06 -0.00949084 0.00180005 0.0112763 0.00123195 0.000644028 -0.0069836 -0.0130802 0.0167306 -0.0196509 0.0107517 -0.00260468 -0.0253351 -0.0221703 -0.0333431
internal_weight=43883.6 7002.33 36881.3 2085.98 34795.3 32771.4 6045.65 2527.17 1773.25 312.732 2023.9 3518.48 956.68 685.689 270.991
internal_count=717636 120582 597054 41908 555146 529088 114850 46844 34741 7167 26058 68006 5732 4200 1532
is_linear=0
shrinkage=0.03


Tree=10
num_leaves=16
num_cat=0
split_feature=10 8 8 10 5 8 8 11 8 8 8 8 11 4 4
split_gain=786.009 297.351 184.387 178.702 165.251 146.523 137.51 387.863 131.836 127.404 225.492 33.9982 25.0645 4.99959 2.02182
threshold=2.5000000000000004 13.769999980926515 13.904999732971193 1.5000000000000002 1.0000000180025095e-35 15.164999961853029 19.525000572204593 1.5000000000000002 18.525000572204593 13.47499990463257 11.904999732971193 14.175000190734865 3.5000000000000004 -0.057832322359162129 0.03953258106141478
decision_type=2 2 2 2 2 2 2 2 2 2 2 2 2 2 2
left_child=1 9 3 -3 11 -4 8 -8 -6 10 -1 14 -11 -13 -2
right_child=4 2 5 -5 6 -7 7 -9 -10 12 -12 13 -14 -15 -16
leaf_value=-0.024749850935897134 0.064439754906817373 0.0014475997429643293 -0.012483540071644875 0.053154115838753652 0.0013957855182818823 -0.00068796007832484384 0.016034262440961768 -0.00088599628243758624 -0.0073196345977366226 -0.024171595774976566 -0.0056625707051946462 -0.051364282598065587 -0.037085547269918084 0.022245736541393453 0.043590188622800861
leaf_weight=950.03460894152522 43.005141220986843 163.92690836638212 1654.1109946062788 95.029353104531765 30198.417933473829 2219.5769936703146 2119.5987237500958 2870.5787190985866 1647.2814328372478 324.19004830066115 1346.5901003107429 2.7591748666018252 232.10844084247947 1.1879754057154048 4.637282393872737
leaf_count=5732 349 1915 24320 1506 409124 68798 66027 90624 30818 4190 11848 33 2273 40 39
internal_value=-1.73441e-06 -0.00922904 -0.0040864 0.0204224 0.00174569 -0.00572481 0.00167054 0.00630095 0.000944963 -0.0166785 -0.0135583 0.0554004 -0.0295598 -0.0292098 0.0624104
internal_weight=43873 6985.57 4132.64 258.956 36887.5 3873.69 36835.9 4990.18 31845.7 2852.92 2296.62 51.5896 556.298 3.94715 47.6424
internal_count=717636 120582 96539 3421 597054 93118 596593 156651 439942 24043 17580 461 6463 73 388
is_linear=0
shrinkage=0.03


Tree=11
num_leaves=16
num_cat=0
split_feature=10 8 7 8 7 7 9 8 7 9 7 9 8 10 11
split_gain=741.071 282.041 208.827 493.907 385.021 368.146 317.955 173.124 213.789 168.051 160.965 238.795 138.441 93.3656 3.33272
threshold=2.5000000000000004 13.769999980926515 -0.035784694540175847 13.454999923706056 -0.012433950021172256 0.030117839541801587 0.21062456473434024 13.904999732971193 1.0000000180025095e-35 0.20313850765176125 0.0047084982816636431 -0.064687293423094802 15.164999961853029 5.5000000000000009 2.5000000000000004
decision_type=2 2 2 2 2 2 2 2 2 2 2 2 2 2 2
left_child=1 10 3 13 9 -6 -5 8 -3 -4 14 -12 -9 -2 -1
right_child=2 7 4 6 5 -7 -8 12 -10 -11 11 -13 -14 -15 -16
leaf_value=-0.032184773742819132 0.050623188480949668 0.063390428189399647 -0.0061259158889397508 0.0022656405873330227 0.0087976717474781228 3.6085374514066458e-05 0.024446122478176333 -0.012142263328228991 0.0027772708775946672 -0.026986625052021342 0.0018359031485837961 -0.019274351842570859 -0.00066741449517575301 0.021778111264340632 -0.041488198667686778
leaf_weight=42.084767796099186 233.74772964417934 72.7097088098526 3546.7319800001569 6251.4736741264351 5491.3187439939938 20168.672174814157 641.32790226489305 1649.6527247810736 187.22805310040712 385.31558729242533 639.32675835490227 1963.0043817600235 2219.2716779722832 177.81958597898483 196.2731819152832
leaf_count=383 1915 383 38951 75066 98872 367920 8667 24320 3038 4897 6498 15630 68798 766 1532
internal_value=-1.85898e-06 -0.00897361 0.00169286 0.00623561 0.000571548 0.00191109 0.00432938 -0.00396783 0.019732 -0.00817013 -0.0162494 -0.0140881 -0.00556012 0.0381605 -0.0398456
internal_weight=43866 6969.55 36896.4 7304.37 29592 25660 6892.8 4128.86 259.938 3932.05 2840.69 2602.33 3868.92 411.567 238.358
internal_count=717636 120582 597054 86414 510640 466792 83733 96539 3421 43848 24043 22128 93118 2681 1915
is_linear=0
shrinkage=0.03


Tree=12
num_leaves=16
num_cat=0
split_feature=10 8 7 8 7 7 10 11 7 7 10 7 7 4 8
split_gain=698.712 272.926 196.257 461.315 362.642 345.748 295.308 161.489 283.037 147.342 86.6071 72.428 26.3537 16.4989 7.10856
threshold=2.5000000000000004 11.904999732971193 -0.035784694540175847 13.454999923706056 -0.012433950021172256 0.030117839541801587 6.5000000000000009 2.5000000000000004 0.0064878370299188423 -0.020324899089832368 5.5000000000000009 -0.047118301419243939 0.02519426283951787 0.13775724768261435 11.34500026702881
decision_type=2 2 2 2 2 2 2 2 2 2 2 2 2 2 2
left_child=1 12 3 10 9 -6 -5 11 -9 -4 -2 -3 14 -14 -1
right_child=2 7 4 6 5 -7 -8 8 -10 -11 -12 -13 13 -15 -16
leaf_value=-0.023315167073913408 0.048757012589061337 -0.02447914035931837 -0.0053382065164317696 0.0025569469035283368 0.008520940374238492 3.5002441635070848e-05 0.027692225893313837 -0.022749774380684134 -0.00256615252237242 -0.020934411420247635 0.021046300561340679 -0.0013879767970268876 -0.021501868197541078 0.0044105600321359103 -0.03464516081964783
leaf_weight=66.598167210817337 235.38733099400997 126.83793313056231 3272.330274595879 6446.3449720479548 5499.4419529163279 20168.796656502411 450.04759136494249 1195.5535934669897 1310.9546865131706 654.15241837175563 178.47233495116234 3381.5193121726625 650.99784950353205 22.892357654869556 198.04328709840775
leaf_count=383 1915 1149 30529 74374 98872 367920 9359 15337 31507 13319 766 66857 4050 150 1149
internal_value=-2.03561e-06 -0.00872548 0.00164158 0.0060434 0.000554278 0.00185312 0.00419724 -0.00637771 -0.0121933 -0.00793654 0.0368071 -0.00222279 -0.0237719 -0.0206216 -0.0317939
internal_weight=43858.4 6953.4 36905 7310.25 29594.7 25668.2 6896.39 6014.87 2506.51 3926.48 413.86 3508.36 938.532 673.89 264.641
internal_count=717636 120582 597054 86414 510640 466792 83733 114850 46844 43848 2681 68006 5732 4200 1532
is_linear=0
shrinkage=0.03


Tree=13
num_leaves=16
num_cat=0
split_feature=10 8 9 7 11 7 8 11 11 7 8 7 4 5 8
split_gain=658.828 260.012 190.241 202.021 372.906 155.672 154.106 199.201 127.399 148.394 83.2615 25.5303 15.6959 9.14032 6.92978
threshold=2.5000000000000004 11.904999732971193 -0.18785404488743349 -0.068873503122694288 3.5000000000000004 -0.055062669769475929 12.144999980926515 2.5000000000000004 3.5000000000000004 0.034003778993425 16.345000267028812 0.02519426283951787 0.13775724768261435 0.97855009281421845 11.34500026702881
decision_type=2 2 2 2 2 2 2 2 2 2 2 2 2 2 2
left_child=1 11 8 4 -4 -5 13 -8 10 -10 -2 14 -13 -3 -1
right_child=2 6 3 5 -6 -7 7 -9 9 -11 -12 12 -14 -15 -16
leaf_value=-0.022777316354600761 0.0098061646608455302 0.043808066061139628 0.01570635622427876 -0.0078835754333869412 -0.020133213284643649 0.0011220049252244943 -0.0021573269525561579 -0.01333953330082532 -0.038432050581601193 0.009740553794152014 0.027396733828331396 -0.020989880199058897 0.0042735008787242604 0.02011500760567439 -0.034009969337503228
leaf_weight=66.132772386074066 506.81692326022312 52.453781068325043 1742.7351748039946 1826.804171773605 307.36952406074852 31796.057979247533 3506.5361200235784 2425.5216131708585 83.126015109010041 187.0662480504252 463.78562344238162 646.93291454948485 22.917368426918983 20.335342660546303 195.72503919899464
leaf_count=383 7124 276 31379 17150 6794 522531 68006 46461 756 3040 8280 4050 150 107 1149
internal_value=-2.19675e-06 -0.00848507 0.00159184 0.00119018 0.010333 0.000632712 -0.00619718 -0.00672955 0.0131396 -0.00507999 0.0182115 -0.0232305 -0.0201256 0.0371889 -0.0311731
internal_weight=43850.3 6936.55 36913.8 35673 2050.1 33622.9 6004.85 5932.06 1240.79 270.192 970.603 931.708 669.85 72.7891 261.858
internal_count=717636 120582 597054 577854 38173 539681 114850 114467 19200 3796 15404 5732 4200 383 1532
is_linear=0
shrinkage=0.03


Tree=14
num_leaves=16
num_cat=0
split_feature=10 8 7 8 7 7 10 8 7 7 8 7 8 10 11
split_gain=621.15 254.058 183.3 431.63 341.359 324.873 277.898 160.716 197.481 153.175 147.949 139.3 128.791 80.4711 3.11179
threshold=2.5000000000000004 13.769999980926515 -0.035784694540175847 13.454999923706056 -0.012433950021172256 0.030117839541801587 6.5000000000000009 13.904999732971193 1.0000000180025095e-35 0.0047084982816636431 11.904999732971193 -0.020324899089832368 15.164999961853029 5.5000000000000009 2.5000000000000004
decision_type=2 2 2 2 2 2 2 2 2 2 2 2 2 2 2
left_child=1 9 3 13 11 -6 -5 8 -3 14 -11 -4 -9 -2 -1
right_child=2 7 4 6 5 -7 -8 12 -10 10 -12 -13 -14 -15 -16
leaf_value=-0.031024898770442195 0.046961884619069839 0.061010270739635025 -0.0052263907161049132 0.0024130701809777495 0.0082091977527328358 -1.1171655256483616e-05 0.026746396459510935 -0.01141720932238963 0.0029427921051292166 -0.022703711412462326 -0.0077143218405195512 -0.020414682683192142 -0.00032277494923842735 0.020309019943534394 -0.040104324736833209
leaf_weight=41.286877572536469 236.68714211881161 73.396255493164062 3270.0747212469578 6446.9297016216442 5508.2856082580984 20173.639750647359 452.01779700024053 1639.0030511459336 187.03255006484687 924.84197940118611 1649.8373048985377 651.79460296826437 2213.5158878769726 179.09676507115364 191.78405030071735
leaf_count=383 1915 383 30529 74374 98872 367920 9359 24320 3038 5732 16396 13319 68798 766 1532
internal_value=-2.28876e-06 -0.00825003 0.00154382 0.00579643 0.000493057 0.00175194 0.00400739 -0.00350089 0.0193079 -0.0152068 -0.0130986 -0.00775061 -0.00504275 0.0354813 -0.038496
internal_weight=43839.2 6920.7 36918.5 7314.73 29603.8 25681.9 6898.95 4112.95 260.429 2807.75 2574.68 3921.87 3852.52 415.784 233.071
internal_count=717636 120582 597054 86414 510640 466792 83733 96539 3421 24043 22128 43848 93118 2681 1915
is_linear=0
shrinkage=0.03


Tree=15
num_leaves=16
num_cat=0
split_feature=10 7 9 7 9 7 7 10 7 9 7 7 7 1 9
split_gain=590.658 288.038 265.094 229.058 213.968 239.767 191.403 237.219 211.096 141.718 97.5668 120.098 38.1518 20.8957 17.1225
threshold=3.5000000000000004 -0.10713815006275694 0.39471836451625392 -0.14112623220486983 0.006699437944214349 -0.063636436613844868 0.041725045582279859 6.5000000000000009 0.037659729739515153 0.0073786311614565401 0.05844522292843491 0.088875503657968494 -0.052327299980846724 -0.0040320403736128175 0.2209240964292857
decision_type=2 2 2 2 2 2 2 2 2 2 2 2 2 2 2
left_child=1 3 6 14 5 -3 8 -8 -2 -6 12 -12 -4 -5 -1
right_child=2 4 10 13 9 -7 7 -9 -10 -11 11 -13 -14 -15 -16
leaf_value=-0.0035783588831028827 0.0028384611504595411 0.020244055777215279 0.034968024257061275 0.051088932623367701 -0.04343637526934431 -0.0040893588833336479 0.0067438590808456284 -0.0025648130621491291 0.014539235167941112 -0.0099413323872276187 -0.03520257294483764 0.030893098936265927 0.065696820182139501 0.023156072342928762 -0.039745490247294894
leaf_weight=18.334183332510293 15939.859515727032 401.26732614636421 146.11503010243177 131.60339665412903 115.93832538276911 3970.9105831813067 3072.0520304450765 12445.269016053528 1520.0252263583243 5850.7831746945158 38.784054191783071 68.336360894143581 48.411808326840401 29.506993591785431 32.96016748342663
leaf_count=1865 218215 3064 1149 626 766 80740 72659 224238 19031 89871 766 766 383 140 3357
internal_value=-2.43096e-06 -0.00618735 0.00195854 0.0283945 -0.00689781 -0.0018561 0.00170246 -0.000721922 0.00385711 -0.0105922 0.0299545 0.00696248 0.0426155 0.0459731 -0.0268182
internal_weight=43830.2 10551.3 33278.9 212.405 10338.9 4372.18 32977.2 15517.3 17459.9 5966.72 301.647 107.12 194.527 161.11 51.2944
internal_count=717636 180429 537207 5988 174441 83804 534143 296897 237246 90637 3064 1532 1532 766 5222
is_linear=0
shrinkage=0.03


Tree=16
num_leaves=16
num_cat=0
split_feature=10 11 8 8 9 9 8 5 9 10 9 8 8 10 10
split_gain=556.445 354.733 436.32 297.375 301.459 198.874 273.889 178.116 161.356 121.963 120.597 119.707 88.4525 87.3291 12.1713
threshold=3.5000000000000004 1.5000000000000002 23.285000801086429 19.525000572204593 0.17848837018481503 -0.046732652918042343 13.305000305175783 1.0000000180025095e-35 -0.30442646982717225 5.5000000000000009 -0.064687293423094802 18.675000190734867 30.164999961853031 6.5000000000000009 5.5000000000000009
decision_type=2 2 2 2 2 2 2 2 2 2 2 2 2 2 2
left_child=1 2 7 8 10 6 -3 -1 14 -6 -5 -7 -4 -10 -2
right_child=3 5 12 4 9 11 -8 -9 13 -11 -12 -13 -14 -15 -16
leaf_value=0.054348778530677364 0.0087180539184779637 0.012347584134833512 0.030361713522943781 0.017081887444404122 0.041075739669459953 -0.011105426065934506 -0.013067498104971662 -0.0035261328743021896 0.0031043568242829982 0.00074037608388948775 0.0033087003134111208 -0.022843444540655299 -0.026364122557257872 -0.00034425686555602901 0.041088934942473926
leaf_weight=48.49027094244957 11.729563830886034 721.26724599301815 463.99594391230494 770.34857834270224 356.74735146248713 3802.5595145924017 810.40849505411461 3676.6300955717452 9910.3990040519275 83.203509057871997 2223.8119815890677 984.35560497781262 26.132853417657316 19836.225496618543 96.108117625117302
leaf_count=393 1795 8043 9170 30496 4539 55401 22668 59706 105466 3041 88917 22437 2611 301804 1149
internal_value=-2.49373e-06 -0.00601199 0.000728271 0.00189915 0.0102595 -0.0105085 -0.00109952 -0.00277277 0.000937478 0.0334475 0.00685232 -0.0135192 0.0273372 0.000804685 0.0375679
internal_weight=43822.4 10533.8 4215.25 33288.6 3434.11 6318.59 1531.68 3725.12 29854.5 439.951 2994.16 4786.92 490.129 29746.6 107.838
internal_count=717636 180429 71880 537207 126993 108549 30711 60099 410214 7580 119413 77838 11781 407270 2944
is_linear=0
shrinkage=0.03


Tree=17
num_leaves=16
num_cat=0
split_feature=10 8 9 7 8 7 8 7 7 9 7 9 7 7 7
split_gain=524.7 246.23 172.42 184.52 205.615 183.607 150.961 181.797 147.704 203.743 124.31 89.0411 96.6934 11.3528 1.6997
threshold=2.5000000000000004 13.769999980926515 -0.15448477574261296 -0.068873503122694288 21.530000686645511 -0.055062669769475929 13.904999732971193 1.0000000180025095e-35 0.0047084982816636431 -0.064687293423094802 0.076743773001661922 -0.30442646982717225 -0.049168444365212498 0.081407955603235341 -0.020324899089832368
decision_type=2 2 2 2 2 2 2 2 2 2 2 2 2 2 2
left_child=1 8 11 4 -4 -5 7 -3 14 -10 -8 13 -13 -2 -1
right_child=2 6 3 5 -6 -7 10 -9 9 -11 -12 12 -14 -15 -16
leaf_value=-0.034079833562295374 0.0084488767468903249 0.05899394448569871 0.024191162586402783 -0.0091025149326529661 0.0034216455199375562 0.00090147939554433129 -0.007827891579898525 0.0033955635163727587 0.0022785049265660797 -0.017303413747599656 0.0041578957581850486 0.027559473214121728 0.0060533665187003467 0.039693091823337662 -0.039484880794392246
leaf_weight=81.036167599260807 11.74000023677945 73.904796332120895 613.55133333429694 1743.8039701925591 1426.0992012806237 31073.492811734788 2747.0957911079749 186.50492323003709 636.93293602019548 1918.9063944127411 1086.9130952842534 210.71557140070945 1757.3678681934252 96.496965371072292 147.97978257387877
leaf_count=766 1795 383 6511 16767 30914 512321 63244 3038 6498 15630 29874 5249 22348 1149 1149
internal_value=-2.57047e-06 -0.0076096 0.00141433 0.000914057 0.00966937 0.0003699 -0.00292874 0.0191745 -0.0144916 -0.0124235 -0.00443001 0.00981287 0.00835595 0.0363042 -0.0375723
internal_weight=43812.5 6879.27 36933.3 34856.9 2039.65 32817.3 4094.42 260.41 2784.86 2555.84 3834.01 2076.32 1968.08 108.237 229.016
internal_count=717636 120582 597054 566513 37425 529088 96539 3421 24043 22128 93118 30541 27597 2944 1915
is_linear=0
shrinkage=0.03


Tree=18
num_leaves=16
num_cat=0
split_feature=10 11 7 7 8 9 9 8 7 8 10 7 10 10 9
split_gain=500.404 330.616 447.097 329.832 274.563 282.897 218.234 155.09 149.326 248.713 223.71 128.276 113.561 111.519 110.627
threshold=3.5000000000000004 1.5000000000000002 -0.042891557505805304 0.076743773001661922 19.525000572204593 0.17848837018481503 -0.075894393586487016 18.675000190734867 0.041725045582279859 11.204999923706056 8.5000000000000018 0.099909881366515588 5.5000000000000009 10.500000000000002 0.006699437944214349
decision_type=2 2 2 2 2 2 2 2 2 2 2 2 2 2 2
left_child=1 2 6 7 8 13 -1 -3 9 -2 -10 -5 -7 -6 -4
right_child=4 3 14 11 5 12 -8 -9 10 -11 -12 -13 -14 -15 -16
leaf_value=-0.028113981337942389 0.014015224451373744 -0.010776968645722928 0.0020470304431311737 0.01874459210598587 0.0051541073169993901 0.039581610530274397 0.021746198158909831 -0.023786065056895799 0.0031209309002804635 0.0016193595172754518 -0.0044452374763176289 -0.0024537227528825677 0.00068037504986122451 0.030984397444751819 -0.0094347708231956404
leaf_weight=86.008177611045539 1629.5422806665301 4034.4939787485637 1254.520495754201 367.83542586863041 2838.3243910488673 358.20583428768441 970.33725284319371 1036.7042459971271 6004.3798918332905 13738.636460176669 8490.0199800040573 851.95822002831846 83.23032311629504 158.84886358771473 1897.6319237514399
leaf_count=1139 13405 60451 30303 6128 107745 4539 9504 18607 110471 152569 133769 23363 3041 11668 30934
internal_value=-2.64133e-06 -0.00571331 0.000795399 -0.0100675 0.00179787 0.00982544 0.0176866 -0.0134364 0.000873511 0.00293374 -0.00131091 0.00393874 0.032247 0.0065231 -0.00486515
internal_weight=43800.7 10499.5 4208.5 6290.99 33301.2 3438.61 1056.35 5071.2 29862.6 15368.2 14494.4 1219.79 441.436 2997.17 3152.15
internal_count=717636 180429 71880 108549 537207 126993 10643 79058 410214 165974 244240 29491 7580 119413 61237
is_linear=0
shrinkage=0.03


Tree=19
num_leaves=16
num_cat=0
split_feature=10 11 7 7 8 9 9 8 9 7 7 9 10 9 7
split_gain=471.501 312.165 420.357 311.83 257.954 265.15 205.445 147.567 141.318 159.137 120.249 109.341 106.213 104.391 10.6118
threshold=3.5000000000000004 1.5000000000000002 -0.042891557505805304 0.076743773001661922 19.525000572204593 0.17848837018481503 -0.075894393586487016 18.675000190734867 -0.30442646982717225 0.041725045582279859 0.099909881366515588 -0.064687293423094802 5.5000000000000009 0.006699437944214349 0.081407955603235341
decision_type=2 2 2 2 2 2 2 2 2 2 2 2 2 2 2
left_child=1 2 6 7 8 11 -1 -3 14 -10 -5 -6 -7 -4 -2
right_child=4 3 13 10 5 12 -8 -9 9 -11 -12 -13 -14 -15 -16
leaf_value=-0.027532436231554679 0.0080924989377712461 -0.01048282315750511 0.0019848176807336707 0.018120620539037905 0.016047704431711284 0.038268451596078383 0.021050546983614724 -0.023204419346863844 0.0028443084792093109 -0.0015458352666161926 -0.0023813183157037386 0.0029488260437385803 0.00065989175402419759 -0.0091722805165227166 0.038279252861743447
leaf_weight=85.202397787943482 11.753182950895278 4023.4398510893807 1255.0192920020781 369.06728024408221 772.41829631431028 359.36385974520817 972.30061368644238 1030.8984056529589 15375.523829464801 14382.303021025378 851.53280589263886 2227.4256892865524 83.239391456358135 1893.4443003595807 96.817592762410641
leaf_count=1139 1795 60451 30303 6128 30496 4539 9504 18607 165974 241296 23363 88917 3041 30934 1149
internal_value=-2.75634e-06 -0.00555229 0.000771621 -0.00979108 0.00174345 0.0095197 0.0171362 -0.0130776 0.000847149 0.000722501 0.00381776 0.00632161 0.0311955 -0.00472491 0.0350114
internal_weight=43789.7 10480.9 4205.97 6274.94 33308.8 3442.45 1057.5 5054.34 29866.4 29757.8 1220.6 2999.84 442.603 3148.46 108.571
internal_count=717636 180429 71880 108549 537207 126993 10643 79058 410214 407270 29491 119413 7580 61237 2944
is_linear=0
shrinkage=0.03


Tree=20
num_leaves=16
num_cat=0
split_feature=10 11 7 7 8 9 8 9 7 9 8 7 10 10 9
split_gain=444.286 294.744 395.302 294.807 242.444 248.761 199.75 141.57 135.636 134.226 131.557 112.758 104.348 99.4965 98.5043
threshold=3.5000000000000004 1.5000000000000002 -0.042891557505805304 0.076743773001661922 19.525000572204593 0.17848837018481503 13.694999694824221 -0.052454320562892891 -0.068873503122694288 -0.30442646982717225 15.614999771118166 0.099909881366515588 10.500000000000002 5.5000000000000009 0.006699437944214349
decision_type=2 2 2 2 2 2 2 2 2 2 2 2 2 2 2
left_child=1 2 6 7 8 12 -1 -3 10 -10 -2 -5 -6 -7 -4
right_child=4 3 14 11 5 13 -8 -9 9 -11 -12 -13 -14 -15 -16
leaf_value=0.0580937283083061 0.051764465182338418 -0.0030095303234202336 0.0019245241264173804 0.01752228045346866 0.0048018230290129754 0.037030232291474001 0.012513130856334041 -0.015330789936116822 0.033890765410971621 0.00050658359517882919 0.0071900709045580637 -0.0023110225049753821 0.02972165127042934 0.00064002657804024222 -0.0089168978784333625
leaf_weight=95.070187114179134 89.449860095977783 1064.0067170104012 1255.5007255943492 370.2021195795387 2842.0881599676795 360.22487646015361 963.31769809965044 3973.510018161498 108.79221294121817 29493.129821082111 178.52555407583714 851.11779730860144 159.7293249880895 83.248167309910059 1889.3066010354087
leaf_count=766 383 20014 30303 6128 107745 4539 9877 59044 2944 406121 766 23363 11668 3041 30934
internal_value=-2.83132e-06 -0.00539597 0.000748618 -0.00952244 0.00169079 0.00922625 0.0166074 -0.0127283 0.000821621 0.000629276 0.0220689 0.00370078 0.00612783 0.0301991 -0.00458868
internal_weight=43777.2 10462 4203.2 6258.84 33315.2 3445.29 1058.39 5037.52 29869.9 29601.9 267.975 1221.32 3001.82 443.473 3144.81
internal_count=717636 180429 71880 108549 537207 126993 10643 79058 410214 409065 1149 29491 119413 7580 61237
is_linear=0
shrinkage=0.03


Tree=21
num_leaves=16
num_cat=0
split_feature=10 11 8 8 9 9 8 5 9 8 9 10 8 10 10
split_gain=418.642 278.358 372.195 227.857 233.647 171.186 250.569 149.669 124.633 105.163 102.86 93.3371 83.8748 75.7559 9.94792
threshold=3.5000000000000004 1.5000000000000002 23.285000801086429 19.525000572204593 0.17848837018481503 -0.046732652918042343 13.305000305175783 1.0000000180025095e-35 -0.30442646982717225 18.675000190734867 -0.064687293423094802 5.5000000000000009 30.164999961853031 6.5000000000000009 5.5000000000000009
decision_type=2 2 2 2 2 2 2 2 2 2 2 2 2 2 2
left_child=1 2 7 8 10 6 -3 -1 14 -7 -5 -6 -4 -10 -2
right_child=3 5 12 4 11 9 -8 -9 13 -11 -12 -13 -14 -15 -16
leaf_value=0.049955676353206753 0.0068067255880321443 0.012317248066140081 0.028223021109103734 0.015363536903051906 0.035859743255368406 -0.0098127416690793213 -0.012051726970871075 -0.0032127865582868283 0.0028197996600707832 -0.020912631960051387 0.002669441815064069 0.00062076168201902465 -0.027021238491746882 -0.0003907033640105281 0.035982706309813497
leaf_weight=48.278582036495209 11.79456915380433 720.97919474169612 464.53958470933139 773.81654954329133 360.81365784117952 3752.9364468744025 802.35714928153902 3662.0329496380873 9922.9615277741104 965.90470155375078 2230.3571148589253 83.256665631197393 26.125358275137842 19840.797894610092 97.159718967974186
leaf_count=393 1795 8043 9170 30496 4539 55401 22668 59706 105466 22437 88917 3041 2611 301804 1149
internal_value=-2.88594e-06 -0.00524404 0.000726314 0.00163975 0.00894158 -0.00926207 -0.000518145 -0.00252096 0.000796889 -0.0120848 0.00593919 0.029253 0.0252816 0.000679649 0.0328243
internal_weight=43764.1 10443.2 4200.98 33321 3448.24 6242.18 1523.34 3710.31 29872.7 4718.84 3004.17 444.07 490.665 29763.8 108.954
internal_count=717636 180429 71880 537207 126993 108549 30711 60099 410214 77838 119413 7580 11781 407270 2944
is_linear=0
shrinkage=0.03


Tree=22
num_leaves=16
num_cat=0
split_feature=10 8 11 8 8 8 9 9 10 10 10 8 9 8 3
split_gain=394.45 266.392 287.409 381.86 263.206 214.226 219.629 117.172 97.7624 87.6729 71.2429 22.2318 31.9266 9.46769 4.76734
threshold=3.5000000000000004 11.904999732971193 2.5000000000000004 13.00500011444092 24.644999504089359 19.525000572204593 0.17848837018481503 -0.30442646982717225 10.500000000000002 5.5000000000000009 6.5000000000000009 9.6950001716613787 0.094681910808391515 16.775000572204593 -0.007330905685087096
decision_type=2 2 2 2 2 2 2 2 2 2 2 2 2 2 2
left_child=1 11 4 -4 -3 7 8 13 -7 -8 -9 14 -13 -2 -1
right_child=5 2 3 -5 -6 6 9 10 -10 -11 -12 12 -14 -15 -16
leaf_value=0.015792150580403615 0.020649101765725042 -0.001140572278988396 0.013744715707516435 -0.013868509814091172 0.024253086677261844 0.0044728379022984967 0.034750687066670276 0.0027339721364544991 0.028539564768730107 0.00060207942920222882 -0.00037900781614838954 -0.027401438211922695 -0.015627972539407425 0.038813788061485027 -0.00702514385958284
leaf_weight=9.7689288854598981 42.010739746503532 5352.2774575296789 523.10133089311421 3257.6438128883019 394.42758392728865 2845.3895267881453 361.15319063887 9927.3706482541747 160.4752954384312 83.264891368336976 19839.479811738245 452.7819619756192 382.3368958234787 67.025920377578586 52.69770385324955
leaf_count=60 1819 94901 6498 63068 10230 107745 4539 105466 11668 3041 301804 3051 2298 1125 323
internal_value=-2.90638e-06 -0.00509594 -0.00362399 -0.010048 0.000602332 0.00159029 0.00866808 0.000772893 0.0057577 0.0283527 0.000659184 -0.02072 -0.0220113 0.0318151 -0.00345683
internal_weight=43751.2 10425 9527.45 3780.75 5746.71 33326.2 3450.28 29875.9 3005.86 444.418 29766.9 897.585 835.119 109.037 62.4666
internal_count=717636 180429 174697 69566 105131 537207 126993 410214 119413 7580 407270 5732 5349 2944 383
is_linear=0
shrinkage=0.03


Tree=23
num_leaves=16
num_cat=0
split_feature=10 8 11 8 7 8 9 7 8 10 9 10 7 9 8
split_gain=371.699 253.4 271.471 360.375 310.177 201.399 206.647 128.564 237.452 202.32 96.8076 82.4499 24.0958 15.7838 7.22431
threshold=3.5000000000000004 11.904999732971193 2.5000000000000004 13.00500011444092 -0.082040370655703396 19.525000572204593 0.17848837018481503 0.041725045582279859 11.204999923706056 8.5000000000000018 -0.064687293423094802 5.5000000000000009 0.02519426283951787 0.028169043880918013 11.34500026702881
decision_type=2 2 2 2 2 2 2 2 2 2 2 2 2 2 2
left_child=1 12 4 -4 -3 7 10 8 -2 -9 -7 -8 14 -14 -1
right_child=5 2 3 -5 -6 6 11 9 -10 -11 -12 -13 13 -15 -16
leaf_value=-0.019441279799250206 0.013471198177556442 0.029137316551586055 0.0132998313683453 -0.013504633923912646 -0.0011172899612194647 0.01471664498921014 0.033697530917072255 0.0029331789178229021 0.0013747298406515571 -0.0042623778911347132 0.002410382915517009 0.00058396024309528578 -0.024172782524976476 -0.014032809038844142 -0.031213921171650363
leaf_weight=62.94580003619194 1633.9852051138878 323.15378923714161 524.36165589466691 3245.2472775960341 5422.2925320644863 774.97351887077093 361.26490144245327 6008.4488438726403 13755.719593683258 8480.7297325758263 2232.9658378642052 83.27285769674927 200.77801605500281 442.98480440676212 184.17944544553757
leaf_count=383 13405 5262 6498 63068 99869 30496 4539 110471 152569 133769 88917 3041 1519 2681 1149
internal_value=-2.95387e-06 -0.00495263 -0.00352015 -0.00977607 0.000584386 0.00154232 0.00840257 0.000749624 0.00265906 -0.00127849 0.005581 0.0274945 -0.0202521 -0.0171953 -0.0282153
internal_weight=43737.3 10405.9 9515.06 3769.61 5745.45 33331.4 3452.48 29878.9 15389.7 14489.2 3007.94 444.538 890.888 643.763 247.125
internal_count=717636 180429 174697 69566 105131 537207 126993 410214 165974 244240 119413 7580 5732 4200 1532
is_linear=0
shrinkage=0.03


Tree=24
num_leaves=16
num_cat=0
split_feature=10 11 7 7 7 7 8 8 10 7 8 7 7 8 7
split_gain=350.276 241.325 339.848 275.414 193.615 217.529 188.335 134.46 120.276 113.758 211.842 184.103 99.8185 97.678 92.1678
threshold=3.5000000000000004 1.5000000000000002 -0.042891557505805304 0.076743773001661922 -0.068873503122694288 -0.09043602802703686 13.694999694824221 18.675000190734867 4.5000000000000009 0.041725045582279859 11.204999923706056 0.070607989530113172 0.099909881366515588 25.355000495910648 -0.037070744628548195
decision_type=2 2 2 2 2 2 2 2 2 2 2 2 2 2 2
left_child=1 2 6 7 5 13 -1 -3 -7 10 -6 -11 -5 -2 -4
right_child=4 3 14 12 9 8 -8 -9 -10 11 -12 -13 -14 -15 -16
leaf_value=0.05574143633230591 -0.022129501201900211 -0.0092122116858246814 -0.026321904030351718 0.017204213604050594 0.013039574667239333 0.039688390250718734 0.011472867863709175 -0.021466235967385457 0.01438675862158909 -0.0039031080829776666 0.0016721206488801632 0.0026144643159481686 -0.0014665160392186556 0.0078909832040955814 -0.0030194096038825076
leaf_weight=95.03255969285965 161.76128296926618 3967.6390235917643 161.03988703340292 370.62728188745677 1637.3766776360571 260.24439606070518 962.60039523150772 1011.3059796900488 482.77172491513193 8120.3805795782246 14921.109290094115 7506.1737883831374 845.87657138332725 245.71484153252095 2972.0455113216303
leaf_count=766 3064 60451 1149 6128 13405 1532 9877 18607 10270 125324 194412 173105 23363 16095 60088
internal_value=-3.00851e-06 -0.00481366 0.000746492 -0.00857465 0.00149582 0.0135885 0.0154506 -0.0117012 0.0232488 0.00106355 0.00279619 -0.00077241 0.00422182 -0.00402665 -0.00421715
internal_weight=43721.7 10386.2 4190.72 6195.45 33335.5 1150.49 1057.63 4978.95 743.016 32185 16558.5 15626.6 1216.5 407.476 3133.09
internal_count=717636 180429 71880 108549 537207 30961 10643 79058 11802 506246 207817 298429 29491 19159 61237
is_linear=0
shrinkage=0.03


Tree=25
num_leaves=16
num_cat=0
split_feature=10 8 11 8 7 8 9 7 8 9 10 10 7 4 8
split_gain=330.033 240.105 247.287 336.927 284.98 184.573 192.559 120.965 123.508 110.776 92.155 75.8313 23.3393 15.4226 7.14201
threshold=3.5000000000000004 11.904999732971193 2.5000000000000004 13.00500011444092 -0.082040370655703396 19.525000572204593 0.17848837018481503 -0.068873503122694288 15.614999771118166 -0.30442646982717225 10.500000000000002 5.5000000000000009 0.02519426283951787 0.13775724768261435 11.34500026702881
decision_type=2 2 2 2 2 2 2 2 2 2 2 2 2 2 2
left_child=1 12 4 -4 -3 7 10 8 -2 -9 -7 -8 14 -14 -1
right_child=5 2 3 -5 -6 6 11 9 -10 -11 -12 -13 13 -15 -16
leaf_value=-0.018788014176615957 0.049494921012671403 0.028042827435693335 0.013006643372105775 -0.012907922314035517 -0.0010012123690845795 0.0040482832177561046 0.032421761721041671 0.030687870257123242 0.0063312667001370051 0.00039878357787654186 0.027368806166066018 0.00065402766546070765 -0.017521375595695395 0.0079308394753169354 -0.030564964771605255
leaf_weight=62.269902884960175 89.585410490632057 322.1337181860581 525.08251293562353 3223.6146651185118 5415.7728181299753 2848.5020055021159 360.59788304753602 109.07333958847448 178.62104031443596 29508.8097860571 161.1320680398494 83.237105221487582 616.26869522128254 22.198193982243538 181.20959571003914
leaf_count=383 383 5262 6498 63068 99869 107745 4539 2944 766 406121 11668 3041 4050 150 1149
internal_value=-3.03953e-06 -0.00467759 -0.00328562 -0.00927805 0.000629359 0.00145074 0.00801721 0.000691953 0.0207486 0.000510329 0.00529684 0.026464 -0.0196502 -0.0166365 -0.027553
internal_weight=43708.1 10368.6 9486.6 3748.7 5737.91 33339.6 3453.47 29886.1 268.206 29617.9 3009.63 443.835 881.946 638.467 243.479
internal_count=717636 180429 174697 69566 105131 537207 126993 410214 1149 409065 119413 7580 5732 4200 1532
is_linear=0
shrinkage=0.03


Tree=26
num_leaves=16
num_cat=0
split_feature=10 8 11 8 7 8 8 10 8 7 7 7 7 7 8
split_gain=311.016 228.418 233.553 317.949 268.832 174.508 274.804 230.527 215.113 204.856 180.252 102.636 22.6583 15.2425 6.97958
threshold=3.5000000000000004 11.904999732971193 2.5000000000000004 13.00500011444092 -0.082040370655703396 14.625000000000002 14.775000095367433 6.5000000000000009 14.989999771118166 -0.033104207518651889 -0.042891557505805304 0.034003778993425 0.02519426283951787 0.053722994261896646 11.34500026702881
decision_type=2 2 2 2 2 2 2 2 2 2 2 2 2 2 2
left_child=1 12 4 -4 -3 7 11 10 -8 -9 -2 -7 14 -14 -1
right_child=5 2 3 -5 -6 6 8 9 -10 -11 -12 -13 13 -15 -16
leaf_value=-0.018359385034533104 -0.051752982024576726 0.02727176527346065 0.012589120766484838 -0.012568567689177253 -0.00097137997566545779 0.03891402901035361 -0.017736495110978658 0.020287563280318541 0.004021417356354369 -0.0023801241323553471 0.0067860484110939473 0.011886537911886224 -0.017798855741158491 -0.0023913286631771983 -0.030053179547830829
leaf_weight=61.818890064954758 47.904597252607346 321.31652938108891 526.20466124266386 3211.5193301239051 5414.6532448129728 261.06998929288238 423.6026777154766 366.97240856289864 11826.327312012669 16152.451691629365 4019.310211208649 245.23868162930012 570.28596131503582 64.303011287935078 178.80322378873825
leaf_count=383 383 5262 6498 63068 99869 1887 9037 1532 285046 183283 51154 4885 3447 753 1149
internal_value=-3.05484e-06 -0.00454631 -0.00319163 -0.00902682 0.000610739 0.00140707 0.00416421 -0.000301353 0.00326903 -0.00187657 0.00609656 0.0258228 -0.01921 -0.0162376 -0.0270489
internal_weight=43691.8 10348.9 9473.69 3737.72 5735.97 33342.9 12756.2 20586.6 12249.9 16519.4 4067.21 506.309 875.211 634.589 240.622
internal_count=717636 180429 174697 69566 105131 537207 300855 236352 294083 184815 51537 6772 5732 4200 1532
is_linear=0
shrinkage=0.03


Tree=27
num_leaves=16
num_cat=0
split_feature=10 8 11 8 7 7 7 9 7 10 11 8 7 9 8
split_gain=293.08 217.276 220.58 300.043 253.675 171.524 200.488 140.233 120.108 114.414 99.1479 91.9132 22.0076 15.1429 6.82402
threshold=3.5000000000000004 11.904999732971193 2.5000000000000004 13.00500011444092 -0.082040370655703396 -0.068873503122694288 -0.09043602802703686 -0.15448477574261296 0.041725045582279859 4.5000000000000009 3.5000000000000004 25.355000495910648 0.02519426283951787 0.028169043880918013 11.34500026702881
decision_type=2 2 2 2 2 2 2 2 2 2 2 2 2 2 2
left_child=1 12 4 -4 -3 6 11 10 -9 -8 -7 -2 14 -14 -1
right_child=5 2 3 -5 -6 7 9 8 -10 -11 -12 -13 13 -15 -16
leaf_value=-0.017940147507496448 -0.021742882127277725 0.02652995431000673 0.012186813759170294 -0.012237802594533404 -0.00094243081448821837 0.012175829653095303 0.038123412137948329 0.0023067072792732376 -0.0014773295260451359 0.013409648634935959 -0.0041098180116810124 0.0073857763626379042 -0.022764871181644004 -0.012723723315172833 -0.029554227797374308
leaf_weight=61.37245437502861 161.44842799566686 320.40566212590784 527.25193638727069 3199.5548980934545 5413.5647712857462 1562.514157325495 259.01644679903984 15383.265113717876 14824.200197790284 482.95136776100844 428.77103286143392 246.11908880155534 196.18952153902501 434.6092571914196 176.40375180542469
leaf_count=383 3064 5262 6498 63068 99869 18143 1532 197991 284445 10270 5667 16095 1519 2681 1149
internal_value=-3.13034e-06 -0.00441868 -0.00310033 -0.00878232 0.000592685 0.00136455 0.0127514 0.000958025 0.000449705 0.0220371 0.00866914 -0.00415287 -0.0187786 -0.0158467 -0.0265565
internal_weight=43677.6 10329.4 9460.78 3726.81 5733.97 33348.3 1149.54 32198.8 30207.5 741.968 1991.29 407.568 868.575 630.799 237.776
internal_count=717636 180429 174697 69566 105131 537207 30961 506246 482436 11802 23810 19159 5732 4200 1532
is_linear=0
shrinkage=0.03


Tree=28
num_leaves=16
num_cat=0
split_feature=10 8 11 8 7 8 9 7 8 9 10 10 7 4 8
split_gain=276.192 206.671 208.323 285.926 239.439 164.365 179.67 108.534 116.4 101.879 87.5468 69.6031 21.3794 14.885 6.67452
threshold=3.5000000000000004 11.904999732971193 2.5000000000000004 12.625000000000002 -0.082040370655703396 19.525000572204593 0.17848837018481503 -0.068873503122694288 15.614999771118166 -0.30442646982717225 10.500000000000002 5.5000000000000009 0.02519426283951787 0.13775724768261435 11.34500026702881
decision_type=2 2 2 2 2 2 2 2 2 2 2 2 2 2 2
left_child=1 12 4 -4 -3 7 10 8 -2 -9 -7 -8 14 -14 -1
right_child=5 2 3 -5 -6 6 11 9 -10 -11 -12 -13 13 -15 -16
leaf_value=-0.017529972177283977 0.047533108072931596 0.025815415992860861 0.018769364234507632 -0.01107972884715527 -0.00091433959392771074 0.0036780599101030606 0.031085808050421319 0.029384869858252463 0.0056175709004206206 0.00032864946484929125 0.026374647709809528 0.00064225449834568664 -0.016346584532337807 0.0087596419879927574 -0.02906723994688146
leaf_weight=60.930989608168602 89.499877512454987 319.41093668714166 315.63389352336526 3400.3262038859539 5412.5066691804677 2850.8444347670302 359.52842264855281 109.00624139001593 178.64524431526661 29517.77747531794 161.62588521186262 83.238017568364739 605.02590970881283 22.02724551409483 174.01478096842766
leaf_count=383 383 5262 2681 66885 99869 107745 4539 2944 766 406121 11668 3041 4050 150 1149
internal_value=-3.13794e-06 -0.00429462 -0.00301164 -0.00854434 0.000575175 0.00132353 0.00751847 0.000607524 0.0196079 0.000435556 0.00489578 0.0253626 -0.0183566 -0.0154646 -0.0260752
internal_weight=43660 10309.9 9447.88 3715.96 5731.92 33350.2 3455.24 29894.9 268.145 29626.8 3012.47 442.766 861.999 627.053 234.946
internal_count=717636 180429 174697 69566 105131 537207 126993 410214 1149 409065 119413 7580 5732 4200 1532
is_linear=0
shrinkage=0.03


Tree=29
num_leaves=16
num_cat=0
split_feature=10 8 11 7 7 8 9 7 8 9 10 10 7 9 8
split_gain=260.27 196.594 196.723 280.711 226.059 154.6 169.464 102.198 109.885 95.944 88.1275 65.6943 20.7663 14.6584 6.5304
threshold=3.5000000000000004 11.904999732971193 2.5000000000000004 0.0064878370299188423 -0.082040370655703396 19.525000572204593 0.17848837018481503 -0.068873503122694288 15.614999771118166 -0.30442646982717225 4.5000000000000009 5.5000000000000009 0.02519426283951787 0.028169043880918013 11.34500026702881
decision_type=2 2 2 2 2 2 2 2 2 2 2 2 2 2 2
left_child=1 12 4 -4 -3 7 10 8 -2 -9 -7 -8 14 -14 -1
right_child=5 2 3 -5 -6 6 11 9 -10 -11 -12 -13 13 -15 -16
leaf_value=-0.017128562391759191 0.046202471139008744 0.025126360238821893 -0.015491964498136163 0.001183873509696854 -0.00088708022049011201 0.012576425565408009 0.030202544331365891 0.028527776467329749 0.0054490935087118716 0.0003187723905204319 0.0013855710461262471 0.00062292190103609081 -0.021951380030118574 -0.012006598556755487 -0.028591421187070861
leaf_weight=60.494826778769493 89.317716866731644 318.34144686628133 2110.0497525669634 1595.4375716773793 5411.4781346693635 905.17377098510042 358.94993372820318 108.91411277232692 178.64359495043755 29519.374596735463 2108.7951865708455 83.246543272398412 193.40819440409541 429.89732977747917 171.63957005739212
leaf_count=383 383 5262 28251 41315 99869 23233 4539 2944 766 406121 96180 3041 1519 2681 1149
internal_value=-3.12731e-06 -0.00417389 -0.00292536 -0.008312 0.000558193 0.00128374 0.00729097 0.000589277 0.0190331 0.000422469 0.00474648 0.024634 -0.0179449 -0.0150924 -0.0256042
internal_weight=43643.2 10290.7 9435.31 3705.49 5729.82 33352.4 3456.17 29896.3 267.961 29628.3 3013.97 442.196 855.44 623.306 232.134
internal_count=717636 180429 174697 69566 105131 537207 126993 410214 1149 409065 119413 7580 5732 4200 1532
is_linear=0
shrinkage=0.03


Tree=30
num_leaves=16
num_cat=0
split_feature=10 8 8 9 8 8 8 10 8 7 7 7 7 9 3
split_gain=245.265 186.984 176.767 222.824 183.752 147.301 259.017 213.391 199.409 191.011 170.75 96.9082 20.4614 27.95 4.7862
threshold=3.5000000000000004 11.904999732971193 13.47499990463257 -0.03163519198262215 13.769999980926515 14.625000000000002 14.775000095367433 6.5000000000000009 14.989999771118166 -0.033104207518651889 -0.042891557505805304 0.034003778993425 0.053722994261896646 0.094681910808391515 -0.007330905685087096
decision_type=2 2 2 2 2 2 2 2 2 2 2 2 2 2 2
left_child=1 12 3 -3 -4 7 11 10 -8 -9 -2 -7 13 -1 -14
right_child=5 2 4 -5 -6 6 8 9 -10 -11 -12 -13 14 -15 -16
leaf_value=-0.024149339397993224 -0.05071694147386873 0.013943406201576879 -0.017564569409614133 -0.0057690599721111121 -0.0032311435721865925 0.037432517001303137 -0.01734371155928819 0.019524516764623537 0.0036298925791234324 -0.0023285284022154067 0.0064934674180850312 0.011216233170604422 0.018086760766100104 -0.012807299243591998 -0.0046692642334963032
leaf_weight=419.47590418159962 47.506027385592461 1122.923183131963 920.25997556559741 954.9906677370891 6424.8707691021264 262.61595249455422 422.54754593828693 368.18709442019463 11835.400466362946 16147.298358031549 4024.7754347817972 245.55604670755565 9.8542290972545725 366.29400534927845 53.373696741648018
leaf_count=2681 383 12639 10676 8401 142981 1887 9037 1532 285046 183283 51154 4885 105 2298 648
internal_value=-3.11885e-06 -0.00405644 -0.00284151 0.00488373 -0.00502696 0.00124519 0.00377697 -0.000324726 0.0029069 -0.00184135 0.00582607 0.0247644 -0.017541 -0.0188621 -0.00112268
internal_weight=43625.9 10272 9423.04 2077.91 7345.13 33353.9 12766.1 20587.8 12257.9 16515.5 4072.28 508.172 848.998 785.77 63.2279
internal_count=717636 180429 174697 21040 153657 537207 300855 236352 294083 184815 51537 6772 5732 4979 753
is_linear=0
shrinkage=0.03


Tree=31
num_leaves=16
num_cat=0
split_feature=10 8 8 10 8 7 7 9 7 10 8 7 4 9 0
split_gain=231.041 177.847 166.464 213.038 174.166 143.218 182.569 125.813 115.116 107.751 86.0873 83.3795 20.3242 16.0065 8.60051
threshold=3.5000000000000004 11.904999732971193 13.47499990463257 2.5000000000000004 13.769999980926515 -0.068873503122694288 -0.09043602802703686 -0.15448477574261296 -0.055062669769475929 4.5000000000000009 25.355000495910648 -0.042891557505805304 -0.020593116169230315 0.094681910808391515 0.045871247980869022
decision_type=2 2 2 2 2 2 2 2 2 2 2 2 2 2 2
left_child=1 12 3 -3 -4 6 10 11 -9 -8 -2 -7 14 -14 -1
right_child=5 2 4 -5 -6 7 9 8 -10 -11 -12 -13 13 -15 -16
leaf_value=-0.024201077756975154 -0.021529430532612987 -0.0026476394948711317 -0.0171211605584288 0.017227925476188261 -0.0031365504963912472 -0.0036808417923383206 0.036216703944450375 -0.0089345325132771779 0.00072425208291998576 0.012159867583451224 0.0066573114008949717 0.011324325252803649 -0.017572158443154372 -0.006538917181996594 -0.0075039865138154986
leaf_weight=315.25220492389053 161.28731743991375 1306.7378876330331 915.83813948184252 772.1560003682971 6420.1478483295068 423.14352449961007 256.72023989260197 1154.6631609033793 29063.243087879848 482.51048254873604 246.6559968655929 1569.5106362691149 302.69725495949388 194.304797321558 30.445524761918932
leaf_count=2079 3064 11848 10676 9192 142981 2298 1532 11799 470637 10270 16095 21512 2228 1224 201
internal_value=-3.1782e-06 -0.00394069 -0.00275887 0.00473467 -0.00488242 0.00120762 0.0116238 0.000836647 0.000355178 0.0205143 -0.0044868 0.00813795 -0.0171443 -0.0132587 -0.0227306
internal_weight=43615.3 10257.6 9414.88 2078.89 7335.99 33357.7 1147.17 32210.6 30217.9 739.231 407.943 1992.65 842.7 497.002 345.698
internal_count=717636 180429 174697 21040 153657 537207 30961 506246 482436 11802 19159 23810 5732 3452 2280
is_linear=0
shrinkage=0.03


Tree=32
num_leaves=16
num_cat=0
split_feature=10 11 9 9 9 9 9 9 11 9 9 11 10 9 9
split_gain=217.649 186.099 228.589 149.436 129.374 116.845 115.374 164.131 89.9345 83.8636 66.4958 65.7144 74.4908 48.726 43.8332
threshold=3.5000000000000004 1.5000000000000002 0.2209240964292857 0.006699437944214349 0.39471836451625392 -0.15448477574261296 -0.046732652918042343 -0.081762156240663228 3.5000000000000004 -0.12935695822374946 0.2851636982461771 1.5000000000000002 10.500000000000002 0.2851636982461771 0.56746320277959439
decision_type=2 2 2 2 2 2 2 2 2 2 2 2 2 2 2
left_child=1 2 3 -1 5 8 7 -3 -2 -7 -8 14 -13 -4 -6
right_child=4 6 13 -5 11 9 10 -9 -10 -11 -12 12 -14 -15 -16
leaf_value=0.0052484908973503943 0.011246608486287779 -0.0074856998662189101 0.02599057092509327 -0.0069773606999990988 -0.0015283852222496052 -0.0076715051083229837 -0.0084961615944457291 0.013065273903441832 -0.0041120652639817686 0.00083290241628891149 -0.022054728611337494 0.047450973962155897 -0.044229522984405599 0.0058047978402617556 0.027409647021166637
leaf_weight=1614.3720268672332 1600.3293701251969 956.81304003298283 355.51434065029025 2032.7756067151204 113.79627986997366 1081.2727281474508 4225.3882200010121 551.27289855200797 436.78495856653899 29941.067471613642 352.71859758533537 96.616019263863564 8.6938291229307634 154.35190779622644 80.388783343136311
leaf_count=34113 21506 19684 3799 29450 1149 15113 71816 11027 6414 491110 6022 766 383 4518 766
internal_value=-3.1713e-06 -0.00382819 0.00106461 -0.00156571 0.00117134 0.000993519 -0.00717009 2.66007e-05 0.0079535 0.000536484 -0.00954078 0.0208 0.0398823 0.0198797 0.0104514
internal_weight=43602.2 10243.2 4157.01 3647.15 33358.9 33059.5 6086.19 1508.09 2037.11 31022.3 4578.11 299.495 105.31 509.866 194.185
internal_count=717636 180429 71880 63563 537207 534143 108549 30711 27920 506223 77838 3064 1149 8317 1915
is_linear=0
shrinkage=0.03


Tree=33
num_leaves=16
num_cat=0
split_feature=10 11 9 9 9 9 9 9 11 9 11 11 10 9 10
split_gain=205.05 175.594 215.249 144.538 122.193 109.883 109.095 154.263 84.5355 78.991 65.8287 62.6809 70.6022 46.0393 41.4514
threshold=3.5000000000000004 1.5000000000000002 0.2209240964292857 0.20313850765176125 0.39471836451625392 -0.15448477574261296 -0.046732652918042343 -0.081762156240663228 3.5000000000000004 -0.12935695822374946 3.5000000000000004 1.5000000000000002 10.500000000000002 0.2851636982461771 7.5000000000000009
decision_type=2 2 2 2 2 2 2 2 2 2 2 2 2 2 2
left_child=1 2 3 -1 5 8 7 -3 -2 -7 -8 14 -13 -4 -6
right_child=4 6 13 -5 11 9 10 -9 -10 -11 -12 12 -14 -15 -16
leaf_value=-0.00066287453435912806 0.01090168395732069 -0.0072739311606290751 0.02524669105930288 -0.043167631694354204 -0.00015101536440337925 -0.0074507989892196877 -0.0066200943908125125 0.012639324637388037 -0.003990838285585171 0.00080780657668422782 -0.014157888657688354 0.046355374117473376 -0.043277539754440639 0.0056263338143511714 0.028822155152491598
leaf_weight=3571.4795512109995 1601.4170651440509 955.15463085798547 355.01709398254752 73.484105572104454 124.99468803405762 1079.9236978068948 2953.1029031057842 552.73272247938439 436.55483215628192 29945.037931147963 1611.8643987411633 95.942618988454342 8.6196348145604116 154.46857559215277 68.960151813924313
leaf_count=63180 21506 19684 3799 383 1149 15113 51748 11027 6414 491110 26090 766 383 4518 766
internal_value=-3.14085e-06 -0.0037194 0.00103323 -0.00151979 0.00113612 0.0009636 -0.00697069 2.54921e-05 0.00771155 0.000520339 -0.00928165 0.0202438 0.0389664 0.0192981 0.0101503
internal_weight=43588.8 10227.3 4154.45 3644.96 33361.5 33062.9 6072.85 1507.89 2037.97 31025 4564.97 298.517 104.562 509.486 193.955
internal_count=717636 180429 71880 63563 537207 534143 108549 30711 27920 506223 77838 3064 1149 8317 1915
is_linear=0
shrinkage=0.03


Tree=34
num_leaves=16
num_cat=0
split_feature=10 11 7 7 9 7 9 7 7 9 10 7 11 7 7
split_gain=193.179 165.713 258.234 237.515 171.677 131.888 202.68 209.449 160.727 160.537 122.626 107.495 97.0754 89.4258 84.5074
threshold=3.5000000000000004 1.5000000000000002 -0.042891557505805304 0.076743773001661922 -0.075894393586487016 0.041725045582279859 0.16646887692470072 0.037659729739515153 0.070607989530113172 -0.11730211401730321 6.5000000000000009 -0.049168444365212498 3.5000000000000004 -0.037070744628548195 0.10713889956351953
decision_type=2 2 2 2 2 2 2 2 2 2 2 2 2 2 2
left_child=1 2 4 11 -1 6 7 -2 10 -10 -7 -3 -8 -4 -5
right_child=5 3 13 14 -6 8 12 -9 9 -11 -12 -13 -14 -15 -16
leaf_value=-0.027179149573403432 0.0013135425251849084 -0.018884052378696909 -0.025231935457002259 0.013929957795959966 0.017456018384790203 0.0054530019813265572 0.015086050537996292 0.012933407235985864 0.012989580183078601 0.00046314410432084566 -0.0052992969988683285 -0.0075591356980818812 0.048042269515301703 -0.0021623428345885053 -0.00203216194389369
leaf_weight=84.330988614819944 15734.390042549931 934.17261407244951 159.41432955861092 541.6952036395669 964.92579974699765 1105.1066480688751 364.95820654788986 1532.0451320782304 1074.3934407182969 6440.644635038916 7009.3974022287875 3918.2126332707703 103.18374984012917 2944.0011762087233 664.92191061843187
leaf_count=1139 212982 9857 1149 9192 9504 25936 5636 19031 20492 152613 99388 69201 1129 60088 20299
internal_value=-3.11658e-06 -0.00361363 0.00100259 -0.00677747 0.0138686 0.00110195 0.00287265 0.00234457 -0.000907248 0.002254 -0.00383495 -0.00973939 0.02235 -0.00334737 0.00513383
internal_weight=43575.8 10211.7 4152.67 6059 1049.26 33364.1 17734.6 17266.4 15629.5 7515.04 8114.5 4852.39 468.142 3103.42 1206.62
internal_count=717636 180429 71880 108549 10643 537207 238778 232013 298429 173105 125324 79058 6765 61237 29491
is_linear=0
shrinkage=0.03


Tree=35
num_leaves=16
num_cat=0
split_feature=10 8 11 7 7 8 8 10 8 7 8 7 7 4 3
split_gain=182.012 167.684 167.054 255.854 185.247 131.449 243.063 189.814 187.042 178.39 166.98 91.3877 21.0123 18.3515 4.59506
threshold=3.5000000000000004 11.904999732971193 2.5000000000000004 0.0064878370299188423 -0.082040370655703396 14.625000000000002 14.775000095367433 6.5000000000000009 14.989999771118166 -0.033104207518651889 12.59500026702881 0.034003778993425 0.053722994261896646 0.056897941879976217 -0.007330905685087096
decision_type=2 2 2 2 2 2 2 2 2 2 2 2 2 2 2
left_child=1 12 4 -4 -3 7 11 10 -8 -9 -2 -7 13 -1 -14
right_child=5 2 3 -5 -6 6 8 9 -10 -11 -12 -13 14 -15 -16
leaf_value=-0.019737182450945003 0.013501425074365627 0.023238280535272209 -0.014305742614575744 0.0016995586307212542 -0.00046047405037476989 0.03601697158741541 -0.01701973141937075 0.018770300984706719 0.0033151855745328172 -0.0023171767207048684 0.0008445730445214674 0.010597447149861203 0.019315999582521972 -0.0068097369460801511 -0.0031430539343052111
leaf_weight=652.66676679253578 1462.1140565685928 314.15687422826886 2073.4609744730406 1586.8104961900972 5389.626315004658 263.92160368803889 421.5923292497173 369.30619701743126 11840.26842697151 16144.998856477905 2617.6078068404458 245.87828670581803 9.7260358119383437 116.46576529741287 52.21352873230353
leaf_count=4239 25278 5262 28251 41315 99869 1887 9037 1532 285046 183283 26259 4885 105 740 648
internal_value=-3.1402e-06 -0.00351128 -0.00236509 -0.00736708 0.000844822 0.0010688 0.0034599 -0.000414074 0.00261602 -0.0018456 0.00538061 0.023757 -0.0164259 -0.0177796 0.00038357
internal_weight=43560.8 10195.1 9364.05 3660.27 5703.78 33365.7 12771.7 20594 12261.9 16514.3 4079.72 509.8 831.072 769.133 61.9396
internal_count=717636 180429 174697 69566 105131 537207 300855 236352 294083 184815 51537 6772 5732 4979 753
is_linear=0
shrinkage=0.03


Tree=36
num_leaves=16
num_cat=0
split_feature=10 11 7 7 9 7 7 7 9 11 10 10 7 7 9
split_gain=171.498 150.003 235.695 217.265 160.748 128.696 169.325 101.554 99.5167 112.477 97.4695 88.1819 87.0516 79.2323 36.2776
threshold=3.5000000000000004 1.5000000000000002 -0.042891557505805304 0.076743773001661922 -0.075894393586487016 -0.068873503122694288 -0.09043602802703686 -0.049168444365212498 -0.18785404488743349 3.5000000000000004 4.5000000000000009 2.5000000000000004 0.041725045582279859 0.10713889956351953 -0.050767386668883856
decision_type=2 2 2 2 2 2 2 2 2 2 2 2 2 2 2
left_child=1 2 4 7 -1 6 14 -3 9 -7 -8 -4 -10 -5 -2
right_child=5 3 11 13 -6 8 10 -9 12 -11 -12 -13 -14 -15 -16
leaf_value=-0.026646103387511947 -0.013659140459346093 -0.018214016719287619 -0.00047960704190764321 0.013446979931870948 0.016742045507870278 0.014013444801797033 0.034572110443787808 -0.0071595409319747151 0.0019088924436349377 -0.0080171727649606308 0.011600714620003616 -0.012671124441532065 -0.0012707000211101133 -0.0019982584178239058 0.0042366578187031777
leaf_weight=83.507542341016233 200.94175135623664 925.46425421256572 2412.188851765357 543.16713619232178 963.99922938458622 940.92595120798796 253.65847659111023 3898.9538593050092 15871.736068313941 267.9705415116623 482.3743596598506 685.75394493667409 15143.563731341623 664.75281041674316 206.93880485650152
leaf_count=1139 11234 9857 45721 9192 9504 11684 1532 69201 201745 3423 10270 15516 289394 20299 7925
internal_value=-3.17706e-06 -0.00341209 0.000981315 -0.00643126 0.0132831 0.00103659 0.0109252 -0.00928011 0.000685564 0.00913002 0.0195173 -0.0031783 0.000356421 0.00494702 -0.00457968
internal_weight=43545.9 10177.8 4145.45 6032.34 1047.51 33368.1 1143.91 4824.42 32224.2 1208.9 736.033 3097.94 31015.3 1207.92 407.881
internal_count=717636 180429 71880 108549 10643 537207 30961 79058 506246 15107 11802 61237 491139 29491 19159
is_linear=0
shrinkage=0.03


Tree=37
num_leaves=16
num_cat=0
split_feature=10 8 7 8 7 9 7 9 7 8 7 11 7 8 11
split_gain=162.077 179.115 137.865 301.235 136.493 122.579 112.956 93.61 109.669 388.964 295.664 70.3767 130.822 88.7926 2.17104
threshold=2.5000000000000004 13.769999980926515 -0.037070744628548195 18.139999389648441 0.0047084982816636431 -0.069046609497654163 -0.027557551026770207 -0.15448477574261296 -0.035784694540175847 13.454999923706056 -0.012433950021172256 3.5000000000000004 -0.032411627424389793 15.284999847412111 2.5000000000000004
decision_type=2 2 2 2 2 2 2 2 2 2 2 2 2 2 2
left_child=1 4 3 -3 14 -6 -4 11 9 -9 -10 13 -13 -2 -1
right_child=7 2 6 -5 5 -7 -8 8 10 -11 -12 12 -14 -15 -16
leaf_value=-0.027261819579197325 0.0029793675968969361 -0.019647949385576007 0.018971750469006923 0.053731920768985794 0.0031483818324096308 -0.012351139645439263 0.0002983382018715563 0.031872962364787802 -0.0084565399455039242 0.0019883097295861798 0.000759619092687878 -0.036743589724422057 0.004396735209597471 0.016908009557734693 -0.035171072723561451
leaf_weight=38.268967971205711 843.05467911856249 574.0048880726099 322.46370225399733 55.190443517640233 616.17857761122286 1802.8137030745856 3040.5581143959425 418.42158371955156 3589.7580439550802 6200.9345654794015 24614.04452998098 86.708683526143432 351.83437841292471 805.44161126762629 169.93098218739033
leaf_count=383 8733 5362 3064 1138 6115 16013 86975 2681 41953 75803 446076 1130 5642 15036 1532
internal_value=-3.15398e-06 -0.00432584 -0.000322556 -0.0132114 -0.0104091 -0.00840302 0.00208884 0.000772068 0.000402206 0.00387737 -0.000413406 0.00694339 -0.00373753 0.00978479 -0.0337173
internal_weight=43529.6 6619.41 3992.22 629.195 2627.19 2418.99 3363.02 36910.2 34823.2 6619.36 28203.8 2087.04 438.543 1648.5 208.2
internal_count=717636 120582 96539 6500 24043 22128 90039 597054 566513 78484 488029 30541 6772 23769 1915
is_linear=0
shrinkage=0.03


Tree=38
num_leaves=16
num_cat=0
split_feature=10 11 7 7 9 7 7 7 7 10 7 10 10 7 11
split_gain=155.002 139.774 218.115 202.076 146.667 120.194 159.988 99.2355 94.4794 129.551 125.704 92.9257 83.2908 74.1129 35.1893
threshold=3.5000000000000004 1.5000000000000002 -0.042891557505805304 0.076743773001661922 -0.075894393586487016 -0.068873503122694288 -0.09043602802703686 -0.049168444365212498 -0.055062669769475929 6.5000000000000009 -0.035784694540175847 4.5000000000000009 2.5000000000000004 0.10713889956351953 2.5000000000000004
decision_type=2 2 2 2 2 2 2 2 2 2 2 2 2 2 2
left_child=1 2 4 7 -1 6 14 -3 9 -7 -10 -8 -4 -5 -2
right_child=5 3 12 13 -6 8 11 -9 10 -11 -12 -13 -14 -15 -16
leaf_value=-0.025689615389047519 -0.012285466235348045 -0.017794314575364435 -0.00038987222394716256 0.012996736771825142 0.01611218431118833 -0.0099455371093935038 0.033668885848722102 -0.006832750112176037 0.0066972879473039511 0.03082901911169093 0.00033235357481757296 0.011196390362531941 -0.012254797745745791 -0.0019330966379798365 0.0054812476424809338
leaf_weight=81.965096052736044 229.55368732754141 919.3400761205703 2409.5795886400156 544.48623640276492 963.89936389122158 1162.2957852929831 252.22298701107502 3881.7775822794065 3103.3459948073141 74.633376616518945 27885.765620037913 482.23264985810965 683.54222818650305 664.38367336522788 178.23257672134787
leaf_count=1139 11643 9857 45721 9192 9504 9178 1532 69201 23931 3004 470133 10270 15516 20299 7516
internal_value=-3.21701e-06 -0.00324971 0.0009927 -0.0061714 0.0128361 0.000984206 0.0105478 -0.00893172 0.000645228 -0.0074853 0.000969758 0.0189138 -0.00301188 0.00479144 -0.00452011
internal_weight=43517.3 10149 4138.99 6009.99 1045.86 33368.3 1142.24 4801.12 32226 1236.93 30989.1 734.456 3093.12 1208.87 407.786
internal_count=717636 180429 71880 108549 10643 537207 30961 79058 506246 12182 494064 11802 61237 29491 19159
is_linear=0
shrinkage=0.03


Tree=39
num_leaves=16
num_cat=0
split_feature=10 9 7 7 7 7 7 9 10 9 11 7 9 10 7
split_gain=146.569 163.908 161.989 89.4894 198.764 197.597 135.584 133.389 111.954 107.377 80.6422 54.8349 32.1973 35.3325 13.5636
threshold=2.5000000000000004 0.2209240964292857 0.076743773001661922 0.041725045582279859 0.037659729739515153 0.036821370270570537 0.070607989530113172 -0.12592713941836073 6.5000000000000009 -0.01545012482727509 1.5000000000000002 0.099909881366515588 0.39471836451625392 1.5000000000000002 -0.038367579922955579
decision_type=2 2 2 2 2 2 2 2 2 2 2 2 2 2 2
left_child=1 2 10 4 5 -2 8 -8 -5 -6 -1 -4 13 -3 -14
right_child=3 12 11 6 9 -7 7 -9 -10 -11 -12 -13 14 -15 -16
leaf_value=-0.003106819755447261 0.0016728616782807138 0.018884039011328572 0.01544732588908237 0.0051020868904478921 0.0070531779518656409 -0.018877098544655437 0.012431181733946617 0.00041819752643004532 -0.0050846556130721976 0.024121654305963199 -0.010930540271246326 0.00079577618366979345 0.0031831983862325519 -0.0066263488956948748 0.073682141738969351
leaf_weight=1998.5969008328393 18657.533603218384 265.09304369240999 294.21822682768106 1127.3620982496068 1056.1711603519507 430.83862585574389 940.44254937162623 7206.3760810983367 6999.9114169208333 483.60006015282124 2915.2269365624525 1051.5874081719667 3.0945584401488295 59.905378834344447 11.905217442661522
leaf_count=31204 256155 3421 6511 29516 12525 4206 17069 170973 99388 7222 48097 27193 372 3031 753
internal_value=-3.19754e-06 -0.00412091 -0.00522276 0.000733217 0.00204541 0.00120903 -0.000930051 0.00180494 -0.00367162 0.0124139 -0.0077484 0.00399888 0.0161652 0.0141818 0.0591377
internal_weight=43501.9 6599.63 6259.63 36902.2 20628.1 19088.4 16274.1 8146.82 8127.27 1539.77 4913.82 1345.81 339.998 324.998 14.9998
internal_count=717636 120582 113005 597054 280108 260361 316946 188042 128904 19747 79301 33704 7577 6452 1125
is_linear=0
shrinkage=0.03


Tree=40
num_leaves=16
num_cat=0
split_feature=9 7 11 7 7 11 7 7 11 7 9 9 3 7 9
split_gain=108.769 103.366 177.507 157.47 143.677 89.4415 120.434 82.2782 81.9623 41.8624 42.0173 36.7313 29.9453 29.3736 20.5538
threshold=-0.18785404488743349 -0.068873503122694288 3.5000000000000004 -0.055062669769475929 -0.035784694540175847 3.5000000000000004 0.034003778993425 -0.073798217113713524 3.5000000000000004 -0.049168444365212498 -0.20813899279973089 -0.052454320562892891 0.010760258491775422 -0.045597680991572291 -0.24498171258407594
decision_type=2 2 2 2 2 2 2 2 2 2 2 2 2 2 2
left_child=5 2 7 8 -5 9 13 -2 -3 10 -1 -4 -11 -7 -8
right_child=1 3 11 4 -6 6 14 -9 -10 12 -12 -13 -14 -15 -16
leaf_value=-0.00092669090249436709 0.0063994201017230391 -0.006131905811907863 0.018617808271143392 0.0054473234188023674 -0.00079003757491828035 0.044119456603403155 0.026802495151794156 0.02167392324898534 -0.022424612897111545 0.018282801470866562 0.039845023862938964 -0.017387270658667298 0.0067734256885451198 -0.041398085568040019 0.0012895309441665324
leaf_weight=30.985075378790498 1289.4478552937508 1588.1993132298812 27.952780095860362 3678.4985048165545 34463.512790996116 3.7891332423314443 34.685447579715401 421.02212159708142 336.82237380603328 283.22398812603205 85.577324012294412 290.68763072416186 722.37753605749458 78.586468786001205 157.31125560775399
leaf_count=2988 28323 14517 1879 31558 608121 373 742 3056 3782 4271 757 5298 8920 383 2668
internal_value=-3.21087e-06 -0.000276468 0.00632941 -0.000611009 -0.000188493 0.00823364 -0.0071204 0.0101591 -0.00898265 0.0119877 0.0290069 -0.0142287 0.010015 -0.0374644 0.00589861
internal_weight=43492.7 42096.1 2029.11 40067 38142 1396.54 274.372 1710.47 1925.02 1122.16 116.562 318.64 1005.6 82.3756 191.997
internal_count=717636 696534 38556 657978 639679 21102 4166 31379 18299 16936 3745 7177 13191 756 3410
is_linear=0
shrinkage=0.03


Tree=41
num_leaves=16
num_cat=0
split_feature=10 11 7 7 9 7 7 10 7 7 7 10 7 7 9
split_gain=139.669 126.056 203.399 184.67 136.107 105.448 149.604 100.539 96.0959 83.64 83.3798 121.593 110.166 68.4621 39.3924
threshold=3.5000000000000004 1.5000000000000002 -0.042891557505805304 0.076743773001661922 -0.075894393586487016 -0.068873503122694288 -0.085355310879802623 4.5000000000000009 -0.049168444365212498 -0.037070744628548195 -0.055062669769475929 6.5000000000000009 -0.035784694540175847 0.10274631071693509 -0.050767386668883856
decision_type=2 2 2 2 2 2 2 2 2 2 2 2 2 2 2
left_child=1 2 4 8 -1 6 14 -8 -3 -4 11 -7 -12 -5 -2
right_child=5 3 9 13 -6 10 7 -9 -10 -11 12 -13 -14 -15 -16
leaf_value=-0.024998589167360093 -0.011697693426167608 -0.017288040877594953 -0.024209682354990096 0.014284898826184996 0.01552308988403096 -0.0094303814633331061 0.0397599421775841 0.012506829996390103 -0.0064588301783465186 -0.0017849061673346606 0.0062787410350824387 0.029996925511093245 0.00032338896061279447 -0.0006598604573043352 0.0049528648642168764
leaf_weight=80.863518994301558 212.75012871343642 911.45675169024616 157.74311492592096 425.482725571841 963.35482162144035 1158.2311932742596 168.81953572481871 437.66046034451574 3863.7952531157061 2933.0887041250244 3107.1369687705301 74.953073381911963 27883.236649624072 784.59823246207088 320.55679336655885
leaf_count=1139 11617 9857 1149 6894 9504 9178 1149 8371 69201 60088 23931 3004 470133 22597 9824
internal_value=-3.15631e-06 -0.00309021 0.000937974 -0.00587313 0.0123851 0.000933265 0.00990096 0.020093 -0.00852581 -0.00292937 0.000616066 -0.00703399 0.000920481 0.00459494 -0.00168948
internal_weight=43483.7 10120.4 4135.05 5985.33 1044.22 33363.3 1139.79 606.48 4775.25 3090.83 32223.6 1233.18 30990.4 1210.08 533.307
internal_count=717636 180429 71880 108549 10643 537207 30961 9520 79058 61237 506246 12182 494064 29491 21441
is_linear=0
shrinkage=0.03


Tree=42
num_leaves=16
num_cat=0
split_feature=10 8 8 9 11 8 9 9 7 8 7 8 7 9 2
split_gain=131.595 149.021 163.669 180.126 175.313 111.607 135.567 87.8387 75.362 219.998 149.363 58.5862 21.2078 28.6944 4.18297
threshold=3.5000000000000004 11.904999732971193 13.47499990463257 -0.03163519198262215 2.5000000000000004 19.525000572204593 0.17211080769888434 0.14738206685096092 0.041725045582279859 11.204999923706056 0.074472296542468688 22.804999351501468 0.053722994261896646 0.094681910808391515 0.0046666676899857805
decision_type=2 2 2 2 2 2 2 2 2 2 2 2 2 2 2
left_child=1 12 3 -3 -4 8 7 -7 9 -2 -10 -8 13 -1 -14
right_child=5 2 4 -5 -6 6 11 -9 10 -11 -12 -13 14 -15 -16
leaf_value=-0.022190685383982889 0.012148062240390859 0.013666114635535275 -0.00065838171632023532 -0.0041634995016327858 -0.010482148898822239 0.0047290781032700239 0.025269780733039416 -0.022465927897136043 -0.0038896840003200717 0.00053780929017886237 0.0022651268100239239 -0.0095724335044731386 -0.0066561860600866177 -0.010448463094811363 0.0091154972891179398
leaf_weight=400.2362165749073 1643.8673018179834 1119.5024482868612 4739.2470825640485 936.60699179116637 2495.998674549628 2893.1064073792659 396.83187463693321 110.99419310130179 8240.5515204002149 13796.502415435854 6232.4754124521278 48.771730587817729 28.47246474865824 352.05135621130466 32.308002286590636
leaf_count=2681 13405 12639 96322 8401 57335 116032 4972 2640 115821 152569 128419 3349 307 2298 446
internal_value=-3.126e-06 -0.00300254 -0.0019248 0.0055443 -0.00404736 0.000905282 0.00601476 0.00372429 0.000316042 0.0017739 -0.00123926 0.0214563 -0.0153184 -0.0166956 0.00172729
internal_weight=43467.5 10104.4 9291.36 2056.11 7235.25 33363.1 3449.7 3004.1 29913.4 15440.4 14473 445.604 813.068 752.288 60.7805
internal_count=717636 180429 174697 21040 153657 537207 126993 118672 410214 165974 244240 8321 5732 4979 753
is_linear=0
shrinkage=0.03


Tree=43
num_leaves=16
num_cat=0
split_feature=10 8 8 10 11 8 8 8 10 7 7 7 7 9 3
split_gain=123.974 141.575 154.088 172.709 165.849 105.182 225.862 172.928 165.758 162.257 154.876 83.1979 20.2396 27.6735 4.3645
threshold=3.5000000000000004 11.904999732971193 13.47499990463257 2.5000000000000004 2.5000000000000004 14.625000000000002 14.775000095367433 14.989999771118166 6.5000000000000009 -0.042891557505805304 -0.033104207518651889 0.034003778993425 0.053722994261896646 0.094681910808391515 -0.007330905685087096
decision_type=2 2 2 2 2 2 2 2 2 2 2 2 2 2 2
left_child=1 12 3 -3 -4 8 11 -8 9 -2 -10 -7 13 -1 -14
right_child=5 2 4 -5 -6 6 7 -9 10 -11 -12 -13 14 -15 -16
leaf_value=-0.021756267936746159 -0.050272984749179392 -0.0013427112216235523 -0.00063871397806511182 0.016622352725880741 -0.01020523690202956 0.034204315371350727 -0.016702364224406598 0.0028735785671057876 0.01737604058587407 0.0056079332028161786 -0.0022284704948596318 0.0099884996968157939 0.020198178118049588 -0.010182250801109955 -0.00181236984176689
leaf_weight=396.04512198269367 47.312677882611752 1288.0466294270009 4738.6382344542071 769.24195574596524 2486.953231911175 265.30418352643028 420.55279561225325 11839.665828207973 371.01159459352493 4039.0941509311087 16134.120842075907 246.17104273568839 9.6339126918464881 350.44271102547646 51.1912045115605
leaf_count=2681 383 11848 96322 9192 57335 1887 9037 285046 1532 51154 183283 4885 105 2298 648
internal_value=-3.13582e-06 -0.00291693 -0.00186897 0.00537462 -0.00393138 0.000878096 0.00301694 0.00220208 -0.000448499 0.00496094 -0.00178779 0.0225493 -0.0149669 -0.0163228 0.00167382
internal_weight=43453.4 10090.2 9282.88 2057.29 7225.59 33363.2 12771.7 12260.2 20591.5 4086.41 16505.1 511.475 807.313 746.488 60.8251
internal_count=717636 180429 174697 21040 153657 537207 300855 294083 236352 51537 184815 6772 5732 4979 753
is_linear=0
shrinkage=0.03


Tree=44
num_leaves=16
num_cat=0
split_feature=10 8 8 7 11 8 9 10 7 8 7 8 4 9 7
split_gain=116.79 134.489 145.073 168.149 156.884 102.473 128.037 83.69 73.5216 105.143 93.6446 55.2979 20.1019 15.3638 7.12856
threshold=3.5000000000000004 11.904999732971193 13.47499990463257 -0.063636436613844868 2.5000000000000004 19.525000572204593 0.17211080769888434 10.500000000000002 -0.068873503122694288 15.614999771118166 -0.042891557505805304 22.804999351501468 -0.020593116169230315 0.094681910808391515 0.053722994261896646
decision_type=2 2 2 2 2 2 2 2 2 2 2 2 2 2 2
left_child=1 12 3 -3 -4 8 7 -7 9 -2 -10 -8 14 -14 -1
right_child=5 2 4 -5 -6 6 11 -9 10 -11 -12 -13 13 -15 -16
leaf_value=-0.021452171567555717 0.042745719412298828 0.044117921202882861 -0.00061963079187961464 0.0033208999431489175 -0.0099351303822843677 0.0023642224647923843 0.024485615916084353 0.025124005185049623 -0.00610375304918235 0.0027110558837805296 0.00060087454434813476 -0.0093753276093105475 -0.015029258865967232 -0.0039779026679291158 -0.0027384870184208538
leaf_weight=307.99679936468601 88.28851892054081 95.340418197214603 4738.0467663523741 1962.9660077905282 2478.0657898620702 2852.4522789423354 395.87339512258768 153.21535173337907 2011.3456368334591 178.22029031813145 27635.790987799875 48.751864056102931 287.32715276489034 186.83699974417686 19.478629254270345
leaf_count=2092 383 766 96322 20274 57335 107387 4972 11285 13679 766 395386 3349 2228 1224 188
internal_value=-3.16357e-06 -0.00283373 -0.00181475 0.00521061 -0.00381864 0.000851679 0.00574715 0.00352441 0.000287026 0.0159737 0.000146014 0.0207729 -0.0146226 -0.0106746 -0.0203391
internal_weight=43440 10076.1 9274.42 2058.31 7216.11 33363.9 3450.29 3005.67 29913.6 266.509 29647.1 444.625 801.64 474.164 327.475
internal_count=717636 180429 174697 21040 153657 537207 126993 118672 410214 1149 409065 8321 5732 3452 2280
is_linear=0
shrinkage=0.03


Tree=45
num_leaves=16
num_cat=0
split_feature=10 8 8 9 11 8 8 8 10 8 7 7 4 9 0
split_gain=110.018 127.738 136.572 167.247 149.84 97.7281 213.26 161.95 156.006 157.973 145.518 78.8234 19.3434 14.6677 8.7533
threshold=3.5000000000000004 11.904999732971193 13.47499990463257 -0.03163519198262215 3.5000000000000004 14.625000000000002 14.775000095367433 14.989999771118166 6.5000000000000009 12.59500026702881 -0.033104207518651889 0.027342339511216677 -0.020593116169230315 0.094681910808391515 0.045871247980869022
decision_type=2 2 2 2 2 2 2 2 2 2 2 2 2 2 2
left_child=1 12 3 -3 -4 8 11 -8 9 -2 -10 -7 14 -14 -1
right_child=5 2 4 -5 -6 6 7 -9 10 -11 -12 -13 13 -15 -16
leaf_value=-0.021462639638028646 0.012676442101936755 0.012859032441662047 -0.0016362309399327629 -0.0043074242011760721 -0.012736518849201539 0.0351457737123149 -0.016228669762611243 0.0027439225078857805 0.016806301846098368 0.00038263941134569887 -0.0021802645276668155 0.011436997210216716 -0.014684457915627339 -0.0038654256661768268 -0.0041282142739418968
leaf_weight=295.5353821227327 1466.9706852138042 1122.8898388370872 5861.0459525114857 937.02728654164821 1345.7644810480997 225.03699027281255 419.25680297520012 11841.590477109887 371.67264175415039 2622.2235091524199 16129.570695247501 287.36848889617249 285.28292664466426 186.51042933762074 28.770012493245304
leaf_count=2079 25278 12639 124607 8401 29050 1504 9037 285046 1532 26259 183283 5268 2228 1224 201
internal_value=-3.1312e-06 -0.00275262 -0.00176192 0.00505025 -0.00370904 0.000826144 0.00288761 0.00209516 -0.000452684 0.00479296 -0.00175261 0.0218494 -0.0142845 -0.0104075 -0.0199249
internal_weight=43426.5 10062.8 9266.73 2059.92 7206.81 33363.7 12773.3 12260.8 20590.4 4089.19 16501.2 512.405 796.099 471.793 324.305
internal_count=717636 180429 174697 21040 153657 537207 300855 294083 236352 51537 184815 6772 5732 3452 2280
is_linear=0
shrinkage=0.03


Tree=46
num_leaves=16
num_cat=0
split_feature=10 8 8 7 8 8 9 9 9 7 8 7 9 8 4
split_gain=103.637 121.31 128.577 158.091 144.901 94.0845 120.966 82.5137 72.267 74.3113 52.2125 19.5226 25.9955 10.3852 3.50322
threshold=3.5000000000000004 11.904999732971193 13.47499990463257 -0.063636436613844868 13.769999980926515 19.525000572204593 0.17211080769888434 0.14738206685096092 -0.30442646982717225 0.041725045582279859 22.804999351501468 0.053722994261896646 0.094681910808391515 16.464999198913578 0.086836105337764105
decision_type=2 2 2 2 2 2 2 2 2 2 2 2 2 2 2
left_child=1 11 3 -3 -4 8 7 -7 13 -10 -8 12 -1 -2 -13
right_child=5 2 4 -5 -6 6 10 -9 9 -11 -12 14 -14 -15 -16
leaf_value=-0.020661676833562265 0.01243747945870916 0.042586693591894431 -0.014961481559447175 0.0030646426221785173 -0.0020073395899600213 0.0043064335232517676 0.023733457963468152 -0.022076576267835137 0.0016157297333902546 -0.0013822010577594988 -0.009180320920369054 0.00017779013300547067 -0.0093262570200810784 0.031801038680184329 0.025270266741242244
leaf_weight=385.34776310622692 39.121926931198686 95.517496630549431 886.25655176024884 1965.2407252108678 6311.8669906500727 2896.4090305506252 394.81161962449551 110.76926575414836 15447.167107650544 14358.183132457547 48.731183360796422 54.61358856735751 345.18563106656075 68.706987487152219 5.5130138266831628
leaf_count=2681 1460 766 10676 20274 142981 116032 4972 2640 165974 241296 3349 662 2298 1484 91
internal_value=-3.14846e-06 -0.0026739 -0.00171071 0.00489652 -0.0036023 0.000801308 0.0054918 0.00333462 0.000260223 0.000171531 0.0201173 -0.0139531 -0.0153056 0.0247757 0.00247852
internal_weight=43413.4 10049.5 9258.88 2060.76 7198.12 33363.9 3450.72 3007.18 29913.2 29805.4 443.543 790.66 730.533 107.829 60.1266
internal_count=717636 180429 174697 21040 153657 537207 126993 118672 410214 407270 8321 5732 4979 2944 753
is_linear=0
shrinkage=0.03


Tree=47
num_leaves=16
num_cat=0
split_feature=10 8 8 9 11 8 9 10 8 11 7 10 7 11 0
split_gain=97.6127 115.211 121.027 157.176 142.97 88.5394 114.311 80.0816 71.5193 252.317 134.336 52.1104 19.1591 18.4409 2.16929
threshold=3.5000000000000004 11.904999732971193 13.47499990463257 -0.03163519198262215 2.5000000000000004 19.525000572204593 0.17848837018481503 10.500000000000002 18.525000572204593 2.5000000000000004 0.030117839541801587 5.5000000000000009 0.020288782640264461 1.5000000000000002 0.012469243125283027
decision_type=2 2 2 2 2 2 2 2 2 2 2 2 2 2 2
left_child=1 12 3 -3 -4 8 7 -7 10 -10 -2 -8 14 -14 -1
right_child=5 2 4 -5 -6 6 11 -9 9 -11 -12 -13 13 -15 -16
leaf_value=-0.0057289239284423954 0.0032685117934248865 0.012302146743701978 -0.00044887875305125714 -0.0043325230031782255 -0.0093666677358854433 0.0020984696179459396 0.0249006811446938 0.023746611483980308 0.0026132515600699015 -0.023413556621865891 -0.00099888298371696334 -0.0014454468649694049 -0.0065860997416103675 -0.016285879927646244 -0.032901151152904151
leaf_weight=2.7977929264307013 10576.777532672975 1125.4779095537961 4732.2510132575408 936.65395167190582 2458.5801145178266 2856.4984330134466 347.35754391737282 162.54334150534123 998.50847500888631 504.66610535932705 17833.049631652422 83.883529126644135 294.58963415026665 439.68650111602619 48.198444455862045
leaf_count=21 107629 12639 96322 8401 57335 107745 4539 11668 18492 11564 272529 3041 1915 3434 362
internal_value=-3.11152e-06 -0.00259686 -0.00166057 0.00474641 -0.00349791 0.000777287 0.00532777 0.00326399 0.000252416 -0.00612482 0.000589838 0.0197759 -0.0136293 -0.0123944 -0.0314104
internal_weight=43401.5 10038.2 9252.96 2062.13 7190.83 33363.3 3450.28 3019.04 29913 1503.17 28409.8 431.241 785.272 734.276 50.9962
internal_count=717636 180429 174697 21040 153657 537207 126993 119413 410214 30056 380158 7580 5732 5349 383
is_linear=0
shrinkage=0.03


Tree=48
num_leaves=16
num_cat=0
split_feature=9 7 7 11 10 7 11 7 7 10 10 11 10 7 10
split_gain=94.9125 87.0478 147.136 139.334 123.008 113.88 82.1276 110.575 67.1822 56.1363 46.5487 45.2179 28.7095 27.503 7.76198
threshold=-0.18785404488743349 -0.068873503122694288 -0.055062669769475929 3.5000000000000004 6.5000000000000009 -0.035784694540175847 3.5000000000000004 0.034003778993425 -0.073798217113713524 3.5000000000000004 7.5000000000000009 1.0000000180025095e-35 9.5000000000000018 -0.045597680991572291 9.5000000000000018
decision_type=2 2 2 2 2 2 2 2 2 2 2 2 2 2 2
left_child=6 3 4 8 -3 -4 10 13 -2 -5 11 -1 -9 -8 -12
right_child=1 2 5 9 -6 -7 7 12 -10 -11 14 -13 -14 -15 -16
leaf_value=0.024723060097808763 0.0057984486330556195 -0.010216856036089812 0.0048599108056315773 -0.020201878072638738 0.028892795324341743 -0.00069357378114646019 0.042468462473654711 0.0096034310435614782 0.019651583637204546 0.0091011975213464609 -0.024658408725194269 0.0094686196104627456 -0.026472467019345317 -0.040210305159467212 0.0018597455046656958
leaf_weight=220.03955544577911 1283.90444587823 1839.9920665845275 3678.7196516022086 229.87672435585409 75.341991195920855 34388.117783267517 3.7983079832047215 169.425931468606 417.52384671103209 79.079013140872121 35.452955760061741 852.29710545577109 22.488588642328978 77.594394609332085 13.801287790294735
leaf_count=2274 28323 15295 31558 2651 3004 608121 373 3027 3056 4526 383 12816 383 383 1463
internal_value=-3.10164e-06 -0.000258834 -0.000565115 0.00583243 -0.00867843 -0.000156894 0.00769557 -0.00705084 0.00919795 -0.0127016 0.0112889 0.0125988 0.00537605 -0.036352 -0.0172279
internal_weight=43387.5 41992.6 39982.2 2010.38 1915.33 38066.8 1394.9 273.307 1701.43 308.956 1121.59 1072.34 191.915 81.3927 49.2542
internal_count=717636 696534 657978 38556 18299 639679 21102 4166 31379 7177 16936 15090 3410 756 1846
is_linear=0
shrinkage=0.03


Tree=49
num_leaves=16
num_cat=0
split_feature=10 5 7 7 7 7 7 10 7 10 7 9 4 3 6
split_gain=90.9122 106.505 105.026 145.651 83.254 79.7572 134.274 85.6449 76.7624 108.343 89.6746 33.519 3.69985 0.495256 0.29925
threshold=3.5000000000000004 1.0000000180025095e-35 -0.10713815006275694 -0.14112623220486983 0.076743773001661922 -0.068873503122694288 -0.09043602802703686 4.5000000000000009 -0.055062669769475929 6.5000000000000009 -0.049168444365212498 -0.064687293423094802 0.03953258106141478 0.0094465425193347458 0.050250334218033883
decision_type=2 2 2 2 2 2 2 2 2 2 2 2 2 2 2
left_child=1 12 3 -3 -4 6 11 -8 9 -7 -10 -2 13 -1 -14
right_child=5 2 4 -5 -6 8 7 -9 10 -11 -12 -13 14 -15 -16
leaf_value=0.047476164487371797 0.0082905167777919241 -0.026334239112786532 -0.0045513452348021231 0.033470996980655157 0.0023440379168269579 -0.0091536086163727763 0.030786119490647371 0.0089695561591806288 0.010560680889905468 0.027898599424329849 0.0005004694700020797 -0.010660358712293318 0.012046123517337208 0.039234946601048967 0.027008083230415182
leaf_weight=33.131478562951088 118.18126255180687 48.482568386942148 7800.6915076114237 150.17318041622639 1974.8755339737982 1154.6523245610297 244.36843775212765 480.14647754747421 819.08597805770114 75.680738705676049 30174.92367874179 290.41927033849061 2.8527942299842826 8.1838994175195676 2.0804860591888428
leaf_count=278 10477 5222 125037 766 49011 9178 1532 10270 7955 3004 486109 8682 26 69 20
internal_value=-3.05698e-06 -0.00250888 -0.00271949 0.0188753 -0.00315833 0.000749684 0.00857253 0.016328 0.000474607 -0.00687444 0.000766333 -0.00517912 0.0429116 0.0458437 0.018356
internal_weight=43377.9 10020.5 9974.22 198.656 9775.57 33357.5 1133.12 724.515 32224.3 1230.33 30994 408.601 46.2487 41.3154 4.93328
internal_count=717636 180429 180036 5988 174048 537207 30961 11802 506246 12182 494064 19159 393 347 46
is_linear=0
shrinkage=0.03


Tree=50
num_leaves=16
num_cat=0
split_feature=9 7 8 11 9 7 7 11 7 8 11 8 3 7 8
split_gain=88.8674 78.0543 133.895 233.185 139.102 132.955 104.669 77.2504 105.145 77.012 75.5867 35.4341 33.0983 25.9636 17.6323
threshold=-0.18785404488743349 -0.068873503122694288 15.614999771118166 1.5000000000000002 -0.042700626972351767 -0.055062669769475929 -0.035784694540175847 3.5000000000000004 0.034003778993425 14.324999809265138 3.5000000000000004 16.82499980926514 0.049156702645802304 -0.045597680991572291 12.625000000000002
decision_type=2 2 2 2 2 2 2 2 2 2 2 2 2 2 2
left_child=7 2 4 -4 -2 10 -7 9 13 14 -3 -10 -11 -9 -1
right_child=1 5 3 -5 -6 6 -8 8 11 12 -12 -13 -14 -15 -16
leaf_value=0.017413997339246524 -0.0094530403015070218 -0.0055222804478014028 0.014134898992295575 -0.0081932273717180027 0.035781484241029851 0.0046555989559762005 -0.00066737935476054121 0.040900282002943392 -0.0016989135825722103 0.01986304446673258 -0.021254023372026729 0.02928105886898864 0.007185283713188567 -0.039408183326888953 -0.005079417605099933
leaf_weight=35.741850808262825 83.695762678980827 1575.6695653861389 787.68285945616663 904.16636898927391 227.47288376837969 3680.6224726107903 34379.003455774393 3.8024328127503386 149.17803534725681 550.20548060396686 332.95851062098518 42.749856328591704 279.48110939003527 76.839398398995399 256.10667302086949
leaf_count=766 766 14517 14741 21517 1532 31558 608121 373 2644 9906 3782 766 3966 383 2298
internal_value=-2.95707e-06 -0.000250467 0.00552862 0.00220219 0.0236146 -0.000540087 -0.000152611 0.00744864 -0.00687626 0.0109301 -0.00826667 0.00520154 0.0155925 -0.0356215 -0.00232471
internal_weight=43365.4 41971.3 2003.02 1691.85 311.169 39968.3 38059.6 1394.1 272.57 1121.54 1908.63 191.928 829.687 80.6418 291.849
internal_count=717636 696534 38556 36258 2298 657978 639679 21102 4166 16936 18299 3410 13872 756 3064
is_linear=0
shrinkage=0.03


Tree=51
num_leaves=16
num_cat=0
split_feature=10 11 7 7 9 7 10 7 7 7 7 9 9 10 7
split_gain=85.8872 100.957 174.874 163.306 121.05 91.6315 83.1498 77.0866 175.723 187.838 126.099 125.398 98.0786 86.4411 62.1923
threshold=3.5000000000000004 1.5000000000000002 -0.042891557505805304 0.076743773001661922 -0.075894393586487016 -0.049168444365212498 2.5000000000000004 0.041725045582279859 0.037659729739515153 0.036821370270570537 0.070607989530113172 -0.11730211401730321 -0.01545012482727509 6.5000000000000009 0.10713889956351953
decision_type=2 2 2 2 2 2 2 2 2 2 2 2 2 2 2
left_child=1 2 4 5 -1 -3 -4 8 9 -2 13 -12 -10 -9 -5
right_child=7 3 6 14 -6 -7 -8 10 12 -11 11 -13 -14 -15 -16
leaf_value=-0.023884283660710996 0.001693811988559482 -0.016153001929981634 0.00020436876932849047 0.012404101672200858 0.014754609314274726 -0.0054579908568026846 -0.011683592437501431 0.0043739850565873341 0.006642647214430775 -0.018411540282076439 0.011467420775302247 0.00040393430749849151 0.022955871406429899 -0.0046452945914981893 -0.0012926086299807924
leaf_weight=78.981887247413397 15776.009533495177 889.69157459866256 2390.4285703143105 544.35832573473454 959.01903776265681 3802.1300425902009 680.20757942413911 1108.2018349841237 1056.0620214464143 429.60588170960546 1076.0888726501726 6440.5734393130988 483.57826828211546 6979.6380440974608 660.24732925929129
leaf_count=1139 215541 9857 45721 9192 9504 69201 15516 25936 12167 4206 20492 152613 6864 99388 20299
internal_value=-2.89121e-06 -0.00244072 0.00116944 -0.00495628 0.0118146 -0.00748604 -0.00242905 0.000728467 0.002081 0.00116083 -0.000809618 0.00198779 0.0117664 -0.00340947 0.0048969
internal_weight=43354.8 10005.1 4108.64 5896.43 1038 4691.82 3070.64 33349.8 17745.3 16205.6 15604.5 7516.66 1539.64 8087.84 1204.61
internal_count=717636 180429 71880 108549 10643 79058 61237 537207 238778 219747 298429 173105 19031 125324 29491
is_linear=0
shrinkage=0.03


Tree=52
num_leaves=16
num_cat=0
split_feature=10 8 8 10 8 8 8 8 10 7 7 7 7 9 2
split_gain=80.9096 107.773 114.749 148.507 134.46 78.2155 197.631 149.552 137.607 153.694 130.53 72.3357 19.1681 24.9673 3.98882
threshold=3.5000000000000004 11.904999732971193 13.47499990463257 2.5000000000000004 13.72499990463257 14.625000000000002 14.775000095367433 14.989999771118166 6.5000000000000009 -0.042891557505805304 -0.031802620311510869 0.034003778993425 0.053722994261896646 0.094681910808391515 0.0046666676899857805
decision_type=2 2 2 2 2 2 2 2 2 2 2 2 2 2 2
left_child=1 12 3 -3 -4 8 11 -8 9 -2 -10 -7 13 -1 -14
right_child=5 2 4 -5 -6 6 7 -9 10 -11 -12 -13 14 -15 -16
leaf_value=-0.019784746320583139 -0.049489759706782169 -0.0014529397239139807 -0.015275394304537294 0.01520540729375692 -0.0018540270926435947 0.031620906932763031 -0.015848330460602786 0.0024102988310079018 0.01152072625091477 0.0051113194285291649 -0.002200371487371101 0.0090775692453973177 -0.0050457023745533172 -0.0085749404756373451 0.010531878628411144
leaf_weight=376.5481241196394 46.935880772769451 1287.6477112816647 750.49685566872358 769.45959581807256 6406.9268181840889 266.63668711856008 417.99681406002492 11835.376006882172 649.57726643979549 4046.8369861282408 15839.773608138319 246.56028212793171 27.725737390574068 340.54154773056507 31.718727196101099
leaf_count=2681 383 11848 9157 9192 144500 1887 9037 285046 2681 51154 182134 4885 307 2298 446
internal_value=-2.90258e-06 -0.00237107 -0.00146656 0.0047781 -0.00326133 0.000706566 0.00255133 0.00178745 -0.000437638 0.00448531 -0.00165985 0.0207902 -0.0131042 -0.0144613 0.00326627
internal_weight=43340.8 9991.07 9214.53 2057.11 7157.42 33349.7 12766.6 12253.4 20583.1 4093.77 16489.4 513.197 776.534 717.09 59.4445
internal_count=717636 180429 174697 21040 153657 537207 300855 294083 236352 51537 184815 6772 5732 4979 753
is_linear=0
shrinkage=0.03


Tree=53
num_leaves=16
num_cat=0
split_feature=10 8 5 11 8 7 8 10 7 10 8 11 7 7 4
split_gain=76.2061 104.482 99.955 97.5059 89.7714 78.6973 75.0696 83.1527 164.49 85.6514 65.9993 232.857 113.667 65.2256 3.58252
threshold=3.5000000000000004 24.644999504089359 1.0000000180025095e-35 3.5000000000000004 24.550000190734867 -0.14112623220486983 19.525000572204593 4.5000000000000009 -0.09043602802703686 6.5000000000000009 18.525000572204593 2.5000000000000004 0.030117839541801587 -0.020324899089832368 0.03953258106141478
decision_type=2 2 2 2 2 2 2 2 2 2 2 2 2 2 2
left_child=1 2 14 5 -4 -3 10 8 -8 -9 12 -12 -2 -5 -1
right_child=6 3 4 13 -6 -7 7 9 -10 -11 11 -13 -14 -15 -16
leaf_value=0.044290457872975704 0.0029887526189245361 -0.022873754330882873 -0.002964260818846804 -0.028261020573144478 -0.03390900739424467 0.021689081588909344 -0.010825774781674763 -0.0028485032742234634 0.017824676041479786 0.0088540286415803183 0.0024432046491305354 -0.022619512025138889 -0.00093646107575118482 0.021120544179314842 0.017100330302068031
leaf_weight=40.536776281893253 10582.59820099175 39.41345105227083 9318.8245576648042 81.590410642325878 85.144476426765323 375.13378654979169 228.70261329784989 1440.0098199141212 853.07347028143704 924.10124144563451 998.42307427851483 501.08075204771012 17820.965994486585 34.148465472273529 4.8870089054107657
leaf_count=347 107629 4103 162600 2257 766 8395 7494 47946 17271 54282 18492 11564 272529 1915 46
internal_value=-2.9115e-06 -0.00230282 -0.00303 0.010655 -0.00324444 0.0174522 0.000685338 0.00487829 0.0117676 0.00172587 0.000202162 -0.00593186 0.000525995 -0.0136911 0.0413652
internal_weight=43328.6 9979.68 9449.39 530.286 9403.97 414.547 33349 3445.89 1081.78 2364.11 29903.1 1499.5 28403.6 115.739 45.4238
internal_count=717636 180429 163759 16670 163366 12498 537207 126993 24765 102228 410214 30056 380158 4172 393
is_linear=0
shrinkage=0.03


Tree=54
num_leaves=16
num_cat=0
split_feature=9 7 8 11 9 7 10 7 11 7 8 10 8 7 8
split_gain=78.7323 72.9527 128.238 203.013 131.213 126.376 108.904 90.4518 70.8593 96.4553 71.0096 61.3163 33.3081 24.5688 16.3114
threshold=-0.18785404488743349 -0.068873503122694288 15.614999771118166 1.5000000000000002 -0.042700626972351767 -0.055062669769475929 6.5000000000000009 -0.035784694540175847 3.5000000000000004 0.034003778993425 14.324999809265138 7.5000000000000009 16.82499980926514 -0.045597680991572291 12.625000000000002
decision_type=2 2 2 2 2 2 2 2 2 2 2 2 2 2 2
left_child=8 2 4 -4 -2 6 -3 -7 10 13 14 -12 -11 -10 -1
right_child=1 5 3 -5 -6 7 -8 -9 9 12 11 -13 -14 -15 -16
leaf_value=0.016591079930205008 -0.0091209575083979755 -0.0095252302238053779 0.013266021893589074 -0.0076363880258672207 0.034935466838181974 0.0043310682511367065 0.02714864944179415 -0.00061683997191660828 0.039874662900041817 -0.0019118436434239668 0.016875857832165927 -0.017641575618459936 0.028147509331146226 -0.038275499097237251 -0.0050415022630803065
leaf_weight=35.755849346518517 83.173558935523033 1826.1680287607014 782.86101523600519 897.75643630931154 226.59735069423914 3681.5669141947292 75.902702235616744 34350.822752336971 3.8024526135995975 149.24313766974956 779.80253827990964 49.241909129079431 42.659993767738342 75.651388376951218 255.76009027287364
leaf_count=766 766 15295 14741 21517 1532 31558 3004 608121 373 2644 12026 1846 766 383 2298
internal_value=-2.8614e-06 -0.000235907 0.00536955 0.00210032 0.0231063 -0.000515291 -0.00806175 -0.000137878 0.00701652 -0.00673847 0.0103475 0.0148257 0.00477034 -0.0345354 -0.00238816
internal_weight=43316.8 41924.8 1990.39 1680.62 309.771 39934.5 1902.07 38032.4 1391.92 271.357 1120.56 829.044 191.903 79.4538 291.516
internal_count=717636 696534 38556 36258 2298 657978 18299 639679 21102 4166 16936 13872 3410 756 3064
is_linear=0
shrinkage=0.03


Tree=55
num_leaves=16
num_cat=0
split_feature=9 8 8 7 8 9 11 7 8 7 10 9 8 7 7
split_gain=74.148 71.7803 121.141 99.8026 69.5376 70.0343 66.7112 91.802 66.8354 58.5102 57.7158 32.75 31.399 23.3639 15.8267
threshold=-0.18785404488743349 25.204999923706058 24.97500038146973 -0.068873503122694288 36.915000915527351 0.2209240964292857 3.5000000000000004 0.034003778993425 14.324999809265138 -0.047118301419243939 7.5000000000000009 0.2209240964292857 16.82499980926514 -0.045597680991572291 0.10946597411881044
decision_type=2 2 2 2 2 2 2 2 2 2 2 2 2 2 2
left_child=6 2 3 -2 5 -3 8 13 14 -4 -10 -6 -9 -8 -1
right_child=1 4 9 -5 11 -7 7 12 10 -11 -12 -13 -14 -15 -16
leaf_value=0.00017435866825020715 0.0078136360182847735 0.0064289501774338577 -0.045420172017997473 -0.00060338110884604107 -0.0038803265259035602 0.027440441293059607 0.03870710467676234 -0.0018548660254173216 0.016376263081635936 0.010713280037149683 -0.017117279018059137 -0.039361439139167169 0.027350355448049112 -0.037549710191703667 -0.021934619845766657
leaf_weight=258.51093520596623 1309.7950961813331 596.34530310705304 78.394835382699966 39591.148278193548 100.07304798252881 187.71043113060296 3.7996704205870619 149.21317095821723 779.48895466234535 21.239971593022346 49.227864752989262 30.563891980797052 42.587343955412507 74.812940463423729 32.842510960996151
leaf_count=2681 14554 26997 383 636603 9720 3044 373 2644 12026 1876 1846 3357 766 383 383
internal_value=-2.79492e-06 -0.000228892 -0.000414322 -0.000333838 0.00808291 0.0114593 0.00681276 -0.00656078 0.0100415 -0.0334537 0.0143867 -0.0121815 0.00462985 -0.0338639 -0.00231785
internal_weight=43305.8 41915.3 41000.6 40900.9 914.693 784.056 1390.48 270.413 1120.07 99.6348 828.717 130.637 191.801 78.6126 291.353
internal_count=717636 696534 653416 651157 43118 30041 21102 4166 16936 2259 13872 13077 3410 756 3064
is_linear=0
shrinkage=0.03


Tree=56
num_leaves=16
num_cat=0
split_feature=10 8 8 9 8 9 8 9 9 8 7 4 6 0 1
split_gain=72.7339 101.155 109.012 138.144 126.91 69.4412 84.9143 59.4393 76.1145 56.6581 34.2552 19.1572 14.8431 8.65732 2.03035
threshold=3.5000000000000004 11.904999732971193 13.47499990463257 -0.03163519198262215 13.72499990463257 0.39471836451625392 18.729999542236332 0.2851636982461771 0.17848837018481503 20.345000267028812 0.072142701279373958 -0.020593116169230315 -0.019043880215408756 0.045871247980869022 -0.0089432679743316843
decision_type=2 2 2 2 2 2 2 2 2 2 2 2 2 2 2
left_child=1 11 3 -3 -4 7 14 8 -2 -8 -9 13 -13 -1 -7
right_child=5 2 4 -5 -6 6 9 10 -10 -11 -12 12 -14 -15 -16
leaf_value=-0.019988264035634275 0.00043359951392200815 0.011792158797333769 -0.014843492176993904 -0.0038329329991793823 -0.001763890843075194 -0.03851926871943772 0.041528652712606876 0.010236332491329974 0.011331424229829181 0.011302597278355515 -0.025379217931681991 0.0065611597545073173 -0.010689320558769741 -0.0024932680107847003 -0.022481574874182779
leaf_weight=284.54249761952087 32310.070533048827 1123.7555932812393 745.51067406218499 931.26489566080272 6392.6626427699812 18.510216027498249 81.945495530962944 30.421136021614075 587.29149501025677 175.02482431009412 120.88210241496563 50.458960016723722 406.8596290461719 27.957701034843922 11.529668457806109
leaf_count=2079 520515 12639 9157 8401 144500 236 766 383 11713 1915 1532 367 3085 201 147
internal_value=-2.72547e-06 -0.00225184 -0.0013771 0.0047114 -0.00312992 0.000669466 0.0153622 0.000541867 0.00062815 0.0209414 -0.0182183 -0.0126981 -0.00878596 -0.0184231 -0.0323638
internal_weight=43298.7 9963.01 9193.19 2055.02 7138.17 33335.7 287.01 33048.7 32897.4 256.97 151.303 769.819 457.319 312.5 30.0399
internal_count=717636 180429 174697 21040 153657 537207 3064 534143 532228 2681 1915 5732 3452 2280 383
is_linear=0
shrinkage=0.03


Tree=57
num_leaves=16
num_cat=0
split_feature=9 5 10 8 9 11 8 8 10 8 8 8 8 4 4
split_gain=69.8043 69.6956 71.2761 100.4 67.6947 62.9156 87.4082 62.6235 54.3494 29.6085 22.2269 19.3843 15.1574 4.09402 1.69089
threshold=-0.18785404488743349 1.0000000180025095e-35 3.5000000000000004 24.644999504089359 0.39471836451625392 3.5000000000000004 18.804999351501468 14.324999809265138 7.5000000000000009 16.82499980926514 51.635000228881843 13.769999980926515 12.625000000000002 -0.057832322359162129 0.03953258106141478
decision_type=2 2 2 2 2 2 2 2 2 2 2 2 2 2 2
left_child=5 11 3 -3 -4 7 9 12 -9 -7 -8 14 -1 -13 -2
right_child=1 2 4 -5 -6 6 10 8 -10 -11 -12 13 -14 -15 -16
leaf_value=0.016074176952690807 0.0434649440509162 -0.0032338362055999753 0.00028797236106407838 0.010280981538058967 0.014943501995864703 -0.0018111819106868207 -0.036861959036581203 0.015885221842839678 -0.016623709684127644 0.026572369630072302 0.037589691290497933 -0.051562670358992091 -0.0047800441279042772 0.0063402233286319731 0.023920957229313426
leaf_weight=35.757873687893152 40.062939271330833 9231.9591743643396 31810.420832094271 522.72628296911716 286.20953398756683 149.18835400557145 73.96166142821312 779.05119710043073 49.207599457819015 42.499673651531339 3.7940091146156183 2.3427252918481827 255.47047279402614 2.0700661567971101 4.4240594394505015
leaf_count=766 349 161106 515595 16297 3064 2644 383 12026 1846 766 373 31 2298 53 39
internal_value=-2.70647e-06 -0.00022204 -0.000263863 -0.00250961 0.000418657 0.00661398 -0.00640077 0.00974643 0.0139538 0.00448181 -0.0332292 0.0355725 -0.0022195 -0.0244001 0.0415214
internal_weight=43289.1 41900.2 41851.3 9754.69 32096.6 1388.93 269.444 1119.49 828.259 191.688 77.7557 48.8998 291.228 4.41279 44.487
internal_count=717636 696534 696062 177403 518659 21102 4166 16936 13872 3410 756 472 3064 84 388
is_linear=0
shrinkage=0.03


Tree=58
num_leaves=16
num_cat=0
split_feature=9 5 10 8 7 11 7 8 10 8 7 8 7 4 4
split_gain=65.7522 66.3329 67.1205 94.4888 68.4301 59.2443 83.2682 58.9627 51.1704 27.9308 21.1581 18.49 14.8547 3.89583 1.65073
threshold=-0.18785404488743349 1.0000000180025095e-35 3.5000000000000004 24.644999504089359 -0.06642749355352294 3.5000000000000004 0.034003778993425 14.324999809265138 7.5000000000000009 16.82499980926514 -0.045597680991572291 13.769999980926515 0.10946597411881044 -0.057832322359162129 0.03953258106141478
decision_type=2 2 2 2 2 2 2 2 2 2 2 2 2 2 2
left_child=5 11 3 -3 -4 7 10 12 -9 -8 -7 14 -1 -13 -2
right_child=1 2 4 -5 -6 6 9 8 -10 -11 -12 13 -14 -15 -16
leaf_value=0.00026139126868267168 0.042706977246634949 -0.0031397612483404888 0.0072013261987556396 0.0099698457868629946 0.00012372322639772664 0.036541673822330624 -0.0017571917813024908 0.015418598154250314 -0.016133959363912539 0.025836014979087708 -0.036193617275940379 -0.050435199785792924 -0.021169328153025187 0.0061442469660555723 0.023335534037861195
leaf_weight=258.25732559710741 39.558390490710735 9223.446251468733 1280.5569691257551 522.86596872191876 30816.951234446373 3.7858556807041159 149.15953469322994 778.55673384200782 49.180663910228759 42.401114828884602 73.080963417887688 2.3235306572169065 32.807233318686485 2.0719802761450401 4.3993725292384616
leaf_count=2681 349 161106 29484 16297 489175 373 2644 12026 1846 766 383 31 383 53 39
internal_value=-2.63396e-06 -0.00021542 -0.000256001 -0.00243646 0.00040609 0.00642318 -0.0062339 0.00945992 0.0135439 0.00435044 -0.0326112 0.034902 -0.00215416 -0.0237645 0.0407682
internal_weight=43279.4 41892.2 41843.8 9746.31 32097.5 1387.23 268.427 1118.8 827.737 191.561 76.8668 48.3533 291.065 4.39551 43.9578
internal_count=717636 696534 696062 177403 518659 21102 4166 16936 13872 3410 756 472 3064 84 388
is_linear=0
shrinkage=0.03


Tree=59
num_leaves=16
num_cat=0
split_feature=9 5 8 8 8 11 7 8 3 8 7 7 8 4 4
split_gain=61.9346 63.1682 62.1461 116.032 65.4292 55.785 79.3567 55.6383 42.8315 26.356 23.5376 20.1497 17.6476 3.71245 1.61473
threshold=-0.18785404488743349 1.0000000180025095e-35 25.204999923706058 24.97500038146973 36.915000915527351 3.5000000000000004 0.034003778993425 15.284999847412111 0.0014625507254915073 16.82499980926514 0.099909881366515588 -0.045597680991572291 13.769999980926515 -0.057832322359162129 0.03953258106141478
decision_type=2 2 2 2 2 2 2 2 2 2 2 2 2 2 2
left_child=5 12 3 -3 -4 7 11 8 -1 -8 -9 -7 14 -14 -2
right_child=1 2 4 -5 -6 6 9 10 -10 -11 -12 -13 13 -15 -16
leaf_value=0.01854766006216594 0.041988372889678167 -0.000342534041890605 0.01076088537537547 -0.03284612257924073 -0.012172275489393281 0.03554504527318128 -0.0017048031436926276 0.016768268166883246 -0.0038329696478014903 0.025126797228332443 -0.00057679633579659449 -0.035550767172976346 -0.049385819318108898 0.0059546156852366061 0.022767169575418598
leaf_weight=98.421128803864121 39.036249775439501 40822.39206603216 783.99750881968066 99.085467349737883 130.62055828701705 3.7754001375287762 149.13134906580672 586.81011177366599 352.92473307671025 42.291627537459135 80.013993704691529 72.184002429246902 2.3020379319787025 2.0737980022095135 4.3743060678243628
leaf_count=1107 349 650685 30041 2259 13077 373 2644 10459 3844 766 1526 383 31 53 39
internal_value=-2.56466e-06 -0.000209001 -0.000248376 -0.000421237 0.0074857 0.00623779 -0.00607215 0.0091814 0.00104738 0.00422318 0.014687 -0.0320171 0.0342633 -0.0231589 0.0400515
internal_weight=43269.4 41883.9 41836.1 40921.5 914.618 1385.55 267.382 1118.17 451.346 191.423 666.824 75.9594 47.7864 4.37584 43.4106
internal_count=717636 696534 696062 652944 43118 21102 4166 16936 4951 3410 11985 756 472 84 388
is_linear=0
shrinkage=0.03


Tree=60
num_leaves=16
num_cat=0
split_feature=9 9 7 9 7 11 11 7 11 7 8 3 8 7 7
split_gain=58.3338 62.0352 216.546 153.362 227.711 169.672 127.012 88.666 52.5218 75.6571 53.2545 32.8307 24.8767 19.1971 15.0958
threshold=-0.18785404488743349 -0.081762156240663228 -0.011583781181654594 -0.037210915276461191 0.030117839541801587 1.5000000000000002 1.5000000000000002 -0.020324899089832368 3.5000000000000004 0.034003778993425 14.324999809265138 0.049156702645802304 16.82499980926514 -0.045597680991572291 -0.012433950021172256
decision_type=2 2 2 2 2 2 2 2 2 2 2 2 2 2 2
left_child=8 2 7 4 -3 -5 -4 -2 10 13 14 -12 -11 -10 -1
right_child=1 3 6 5 -6 -7 -8 -9 9 12 11 -13 -14 -15 -16
leaf_value=-0.0096241307011441807 -0.008192775482873834 0.010477069532398877 -0.005213706781156984 0.0019961773170434857 0.00013038990686912159 -0.0028324531783990286 0.0051010663228040634 -0.026188911505485895 0.034595287618433737 -0.0016539696689481373 0.017058104866225342 0.0044080442606447869 0.02444296909992558 -0.034931414558402922 0.0040982858790098485
leaf_weight=132.00835314393044 1959.8329944284633 2996.4745117691346 1792.6587333232164 11313.340680418536 5301.0926324101165 15553.667993685231 2681.5368842924945 281.83366299746558 3.7628634208813301 149.10379036189988 548.09136228729039 278.45219216216356 42.172359626740217 71.273774370551109 159.11669030413032
leaf_count=766 21610 42982 35594 186192 88902 267030 50846 3378 373 2644 9906 3966 766 383 2298
internal_value=-2.49748e-06 -0.000202749 -0.00284477 0.000301834 0.00386685 -0.000799181 0.000968286 -0.0104553 0.00605728 -0.00591527 0.00891004 0.0127965 0.00409986 -0.0314449 -0.00212404
internal_weight=43264.4 41880.4 6715.86 35164.6 8297.57 26867 4474.2 2241.67 1383.98 266.313 1117.67 826.544 191.276 75.0366 291.125
internal_count=717636 696534 111428 585106 131884 453222 86440 24988 21102 4166 16936 13872 3410 756 3064
is_linear=0
shrinkage=0.03


Tree=61
num_leaves=16
num_cat=0
split_feature=10 8 8 7 11 7 8 10 9 7 9 10 7 11 0
split_gain=60.9606 94.8013 102.103 138.737 124.612 62.4729 197.286 174.79 165.167 115.066 107.551 73.8536 19.1214 17.5802 2.18667
threshold=3.5000000000000004 11.904999732971193 13.47499990463257 -0.063636436613844868 3.5000000000000004 0.041725045582279859 11.204999923706056 10.500000000000002 0.16646887692470072 0.070607989530113172 -0.11730211401730321 6.5000000000000009 0.020288782640264461 1.5000000000000002 0.012469243125283027
decision_type=2 2 2 2 2 2 2 2 2 2 2 2 2 2 2
left_child=1 12 3 -3 -4 6 7 -2 -8 11 -11 -7 14 -14 -1
right_child=5 2 4 -5 -6 9 8 -9 -10 10 -12 -13 13 -15 -16
leaf_value=-0.0042394488345595246 0.0070520512715277822 0.039971245498947254 -0.0010316782340177794 0.0029526237221408512 -0.011265417304134821 0.0039312729913266722 0.00029923341274999508 0.032184726614019839 0.018632131148712178 0.010684855537837988 0.00043277275335828195 -0.0044032564799049182 -0.0052701667745561681 -0.014866863468707617 -0.031955557443203754
leaf_weight=2.7129189223051062 1340.7514289058745 95.570093676447868 5804.1466573756188 1954.8737319586799 1313.1389927701093 1109.178474879358 15634.535855844151 305.86129005253315 455.16203135298565 1074.6582394479774 6438.6025621099398 6968.2524611721747 288.26051253080368 425.23714867187664 46.020470485091209
leaf_count=21 9958 766 124607 20274 29050 25936 218608 3447 6765 20492 152613 99388 1915 3434 362
internal_value=-2.48789e-06 -0.00206569 -0.00122048 0.00467804 -0.0029198 0.000612255 0.00183004 0.0117205 0.000817853 -0.000773122 0.00189918 -0.00325877 -0.0122315 -0.0109897 -0.0304126
internal_weight=43257 9929.96 9167.73 2050.44 7117.29 33327 17736.3 1646.61 16089.7 15590.7 7513.26 8077.43 762.231 713.498 48.7334
internal_count=717636 180429 174697 21040 153657 537207 238778 13405 225373 298429 173105 125324 5732 5349 383
is_linear=0
shrinkage=0.03


Tree=62
num_leaves=16
num_cat=0
split_feature=10 11 7 7 9 7 7 9 7 7 10 7 9 7 11
split_gain=57.4166 83.728 151.049 140.627 105.323 87.9566 83.24 62.4711 60.5036 93.0999 92.0459 91.9833 68.4763 67.7536 32.0385
threshold=3.5000000000000004 1.5000000000000002 0.076743773001661922 -0.042891557505805304 -0.075894393586487016 -0.049168444365212498 -0.037070744628548195 -0.10237720547242184 -0.06642749355352294 -0.09043602802703686 4.5000000000000009 -0.055062669769475929 -0.092265332902629102 -0.049168444365212498 2.5000000000000004
decision_type=2 2 2 2 2 2 2 2 2 2 2 2 2 2 2
left_child=1 3 5 4 -1 -3 -5 -4 9 14 -11 12 -10 -13 -2
right_child=8 2 7 6 -6 -7 -8 -9 11 10 -12 13 -14 -15 -16
leaf_value=-0.022861854613844209 -0.012461955505508784 -0.015328523076413672 -0.013349353613970903 -0.023276118342605477 0.013631756524059645 -0.0047724236975845054 -0.0007885610886887224 0.0077004404895328537 0.014362422738803468 0.028288706305682247 0.0065571754346341873 0.0091485729034621027 -0.011081288037754161 0.00039757200863644248 0.0045005112312319446
leaf_weight=76.942335535772145 228.40213188622147 875.79878917708993 144.20819457247853 156.1275934651494 949.6301020598039 3761.6763893086463 2897.8897477108985 1056.5789600471035 106.08651302568614 237.6829000711441 669.57334159081802 817.86127974186093 927.39318645652384 30159.617932249326 178.56438985839486
leaf_count=1139 11643 9857 2681 1149 9504 69201 60088 26810 1149 1532 12155 7955 9148 486109 7516
internal_value=-2.49113e-06 -0.00200619 -0.00431053 0.00129071 0.0108965 -0.00676597 -0.00193817 0.00517247 0.000593887 0.00690259 0.0122504 0.00033488 -0.0084695 0.000628614 -0.00501935
internal_weight=43244 9918.85 5838.26 4080.59 1026.57 4637.48 3054.02 1200.79 33325.2 1314.22 907.256 32011 1033.48 30977.5 406.967
internal_count=717636 180429 108549 71880 10643 79058 61237 29491 537207 32846 13687 504361 10297 494064 19159
is_linear=0
shrinkage=0.03


Tree=63
num_leaves=15
num_cat=0
split_feature=5 10 8 8 8 8 10 8 7 10 3 7 6 6
split_gain=55.4079 61.5912 86.5125 101.016 59.6473 183.45 125.745 19.4508 19.0581 2.32026 1.36978 1.00377 0.763163 0.301244
threshold=1.0000000180025095e-35 3.5000000000000004 11.904999732971193 12.144999980926515 14.625000000000002 14.775000095367433 6.5000000000000009 13.769999980926515 0.053722994261896646 4.5000000000000009 0.0094465425193347458 0.12009349029728102 0.050250334218033883 0.044504696384911453
decision_type=2 2 2 2 2 2 2 2 2 2 2 2 2 2
left_child=7 2 8 -4 6 -6 -3 10 -2 -9 13 -11 -12 -1
right_child=1 4 3 -5 5 -7 -8 9 -10 11 12 -13 -14 -15
leaf_value=0.042894024777283012 -0.013247339448369746 0.0042836320293842909 0.03360655237467329 -0.0015966544312017064 0.019760740559813129 0.0014539263012783533 -0.0015897568594667255 -0.040017594965151594 0.0046086895895752402 0.022447912101751826 0.022490528620394468 -0.026886272649097813 0.038457748595852194 0.031507447964591075
leaf_weight=29.33798993751407 697.88443944603205 4096.0685693039559 73.962067112326622 9033.3273466471583 513.32184939272702 12230.213758816943 16478.962360497564 3.1522560641169539 58.289555240888149 1.0121500147506592 5.9373992159962636 0.58611605130136002 4.9317393265664577 2.2515863142907611
leaf_count=269 4979 51531 383 173921 6772 294014 184809 24 753 35 53 27 45 21
internal_value=-2.46656e-06 -3.7979e-05 -0.00212035 -0.00131076 0.000578475 0.00219134 -0.000420485 0.0324805 -0.0118709 -0.0250885 0.0389217 0.00435608 0.0297355 0.0420824
internal_weight=43229.2 43182 9863.46 9107.29 33318.6 12743.5 20575 47.2092 756.174 4.75052 42.4587 1.59827 10.8691 31.5896
internal_count=717636 717162 180036 174304 537126 300786 236340 474 5732 86 388 62 98 290
is_linear=0
shrinkage=0.03


Tree=64
num_leaves=16
num_cat=0
split_feature=8 8 7 9 7 8 9 9 7 1 9 7 8 0 7
split_gain=54.11 111.67 82.1644 137.485 131.663 63.2004 63.5517 90.5232 56.2101 44.8491 32.7817 13.4295 8.12803 5.39426 3.83624
threshold=25.204999923706058 24.97500038146973 -0.068873503122694288 0.006699437944214349 -0.055062669769475929 36.915000915527351 0.2209240964292857 0.12591685929449972 -0.047118301419243939 -0.0057575572620738235 0.2209240964292857 -0.18556505103897189 72.094997406005874 0.022611567585762663 0.0030690030408574436
decision_type=2 2 2 2 2 2 2 2 2 2 2 2 2 2 2
left_child=1 2 3 -1 -4 6 7 -2 13 -8 11 -7 -12 -3 -10
right_child=5 8 4 -5 -6 10 9 -9 14 -11 12 -13 -14 -15 -16
leaf_value=0.017115281853261447 0.011569252544417737 -0.017691205033337411 -0.0081459580231764295 -0.0023942925183556107 4.7300811092328539e-05 0.0058738009665821158 0.035358789229938688 -0.017265966041746777 0.00032633145624729376 0.0028396930300360083 -0.047032310824983499 -0.013985978921577913 -0.010074288842171984 -0.046334054709331905 0.026174584526205778
leaf_weight=648.59690881147981 490.81117405882105 6.4570393562316886 1848.8356834733859 651.76519097574055 39021.922649449203 63.629647789523005 130.95906248129904 122.42462883377448 12.286203037947418 53.871229693293571 23.323380045592788 59.114850418642163 6.951968401670455 70.825650438666344 8.9188187271356565
leaf_count=6511 24359 32 16026 8043 637944 6349 1692 4134 1124 1352 2611 5610 746 351 752
internal_value=-2.42321e-06 -0.000161648 -8.71299e-05 0.00733673 -0.000323331 0.00707407 0.0104604 0.00581267 -0.0320691 0.0258807 -0.010587 -0.00369085 -0.0385458 -0.0439409 0.0111981
internal_weight=43220.7 42269.6 42171.1 1300.36 40870.8 951.086 798.066 613.236 98.4877 184.83 153.02 122.744 30.2753 77.2827 21.205
internal_count=717636 670783 668524 14554 653970 46853 31537 28493 2259 3044 15316 11959 3357 383 1876
is_linear=0
shrinkage=0.03


Tree=65
num_leaves=14
num_cat=0
split_feature=5 10 8 8 8 8 10 4 8 4 4 4 3
split_gain=52.8294 58.5308 81.9266 94.7155 57.9925 85.9303 47.5632 19.2864 18.5803 3.82142 1.61906 0.915402 0.417304
threshold=1.0000000180025095e-35 3.5000000000000004 11.904999732971193 12.144999980926515 19.250000000000004 18.525000572204593 4.5000000000000009 0.056897941879976217 13.769999980926515 -0.057832322359162129 0.03953258106141478 0.085306718149342778 0.025071325502930789
decision_type=2 2 2 2 2 2 2 2 2 2 2 2 2
left_child=8 2 7 -4 5 -3 -6 -2 10 -10 12 -11 -1
right_child=1 4 3 -5 6 -7 -8 -9 9 11 -12 -13 -14
leaf_value=0.041201710742020774 -0.013646614298068524 0.00044652931500771976 0.032456275647669924 -0.0015596665363461588 0.0093138427353691242 -0.00784320684895181 0.0018988631985542301 -0.00037103653076201934 -0.048313084298427122 0.021444631707599384 0.020796168188863498 -0.019788094257084689 0.029505890614383211
leaf_weight=34.618175059556961 635.02508279588073 28390.46173602296 74.277598708868027 9026.1696434444748 1102.3343258062378 1171.8539937539026 2650.7478827377781 116.56793885817751 2.6532246973365545 1.2987004704773419 4.2777501419186583 0.77302425354719151 2.9820886775851241
leaf_count=322 4818 380082 383 173921 25913 21434 109697 914 33 36 39 17 27
internal_value=-2.36339e-06 -3.68282e-05 -0.00206822 -0.00128203 0.000563897 0.000117923 0.00407675 -0.0115876 0.0319217 -0.0244726 0.0382845 0.00605943 0.0402741
internal_weight=43214 43167.4 9852.04 9100.45 33315.4 29562.3 3753.08 751.593 46.603 4.72495 41.878 2.07172 37.6003
internal_count=717636 717162 180036 174304 537126 401516 135610 5732 474 86 388 53 349
is_linear=0
shrinkage=0.03


Tree=66
num_leaves=16
num_cat=0
split_feature=9 9 7 10 9 7 10 10 10 3 7 0 10 3 5
split_gain=51.6553 61.2228 201.227 291.794 138.672 208.086 120.684 97.4688 51.9792 55.9252 48.9161 14.8011 4.29241 3.19945 0.485254
threshold=-0.18785404488743349 -0.081762156240663228 -0.011583781181654594 9.5000000000000018 -0.037210915276461191 0.030117839541801587 10.500000000000002 3.5000000000000004 7.5000000000000009 0.010107197381815427 -0.049168444365212498 0.026462424253819058 10.500000000000002 -0.027742332488832285 2.2227021577183801
decision_type=2 2 2 2 2 2 2 2 2 2 2 2 2 2 2
left_child=8 2 7 -4 5 -3 -6 -2 9 11 -11 -1 13 -10 -14
right_child=1 4 3 -5 6 -7 -8 -9 12 10 -12 -13 14 -15 -16
leaf_value=0.010829461557668989 -0.027211918680492015 0.01002362434960641 0.005818214960865503 -0.010969301669449597 -0.0015639875545201184 0.00012978492994109882 0.0041620469515287715 -0.0078651104433773277 -0.037773752010895771 0.024825323983127159 0.001435068366211719 0.023760041305895908 0.0021655335343057493 -0.019061275933786356 -0.026205397145810886
leaf_weight=145.12277572369203 266.03069318830967 2993.8530443618074 3151.8566107414663 1322.9972938382998 22949.677803440485 5300.2134231105447 3871.5767891346477 1968.8256881353445 9.7380310222506505 88.374532241374254 899.44644249649718 176.65020913025364 8.3034875201992655 52.873928578570485 0.58051410503685552
leaf_count=2360 3830 42982 61802 24638 380011 88902 73211 21158 131 2411 10496 3606 1015 1011 72
internal_value=-2.3145e-06 -0.000190809 -0.00281658 0.00085496 0.000310913 0.0037011 -0.00073745 -0.0101681 0.00570607 0.00706594 0.00352766 0.0179282 -0.0192027 -0.0219716 0.00031167
internal_weight=43206.1 41825 6709.71 4474.85 35115.3 8294.07 26821.3 2234.86 1381.09 1309.59 987.821 321.773 71.496 62.612 8.884
internal_count=717636 696534 111428 86440 585106 131884 453222 24988 21102 18873 12907 5966 2229 1142 1087
is_linear=0
shrinkage=0.03


Tree=67
num_leaves=16
num_cat=0
split_feature=9 9 9 9 8 8 8 7 3 7 7 8 8 8 4
split_gain=51.1725 226.814 202.387 196.361 120.401 69.5646 184.838 105.578 44.7495 34.1806 30.7736 29.1923 23.1729 7.74072 0.632096
threshold=0.21062456473434024 0.20313850765176125 0.2851636982461771 0.39471836451625392 20.090000152587894 15.090000152587892 14.835000038146974 0.021260195957136133 -0.027742332488832285 -0.027557551026770207 0.19115302640589496 28.265000343322757 15.164999961853029 26.694999694824222 0.07987233031369935
decision_type=2 2 2 2 2 2 2 2 2 2 2 2 2 2 2
left_child=1 5 8 9 -5 6 -1 -7 11 -4 13 -2 -10 -3 -12
right_child=2 10 3 4 -6 7 -8 -9 12 -11 14 -13 -14 -15 -16
leaf_value=-0.00051309832846656658 0.024894092224797982 -0.038500449060178202 -0.037133519863741943 -0.017480911570025095 0.015239355962750922 -0.00049174354481955709 -0.01471333177682204 0.0048000495039640439 0.018343011103235926 -0.016001478204733723 0.046587805836331785 -0.020379702261400064 0.0037880870280758167 -0.0087740298383266902 0.025543787549400475
leaf_weight=26334.743745743763 375.15789346443489 156.96571089560166 90.006887807045132 134.75065343827009 406.66766927950084 8430.0757358944975 851.65740347839892 5679.1320964316837 157.15856707375497 293.58244685642421 2.8656485229730597 13.271325827576218 263.52168373716995 8.3007759246975166 2.3283394249156117
leaf_count=306437 4632 1884 2246 1519 6801 161521 16210 202060 1636 4953 208 1136 5841 383 169
internal_value=-2.31333e-06 -0.000213463 0.00504667 -0.0045386 0.00709579 -7.09119e-05 -0.000957943 0.00163827 0.0160049 -0.02096 -0.0347477 0.0233472 0.00922554 -0.0370074 0.0371543
internal_weight=43200.2 41466.1 1734.12 925.008 541.418 41295.6 27186.4 14109.2 809.109 383.589 170.46 388.429 420.68 165.266 5.19399
internal_count=717636 688872 28764 15519 8320 686228 322647 363581 13245 7199 2644 5768 7477 2267 377
is_linear=0
shrinkage=0.03


Tree=68
num_leaves=14
num_cat=0
split_feature=5 10 8 8 7 8 7 7 8 4 4 4 3
split_gain=49.7496 53.9625 77.7771 87.7995 57.8442 187.78 106.196 18.8896 17.6718 3.651 1.59916 0.859778 0.413691
threshold=1.0000000180025095e-35 3.5000000000000004 11.904999732971193 12.144999980926515 0.041725045582279859 11.204999923706056 0.070607989530113172 0.020288782640264461 13.769999980926515 -0.057832322359162129 0.03953258106141478 0.085306718149342778 0.025071325502930789
decision_type=2 2 2 2 2 2 2 2 2 2 2 2 2
left_child=8 2 7 -4 5 -3 -6 -2 10 -10 12 -11 -1
right_child=1 4 3 -5 6 -7 -8 -9 9 11 -12 -13 -14
leaf_value=0.040470353064692904 -0.029690831323037455 0.011356077661884519 0.031192509865804557 -0.0014914420140786555 -0.0031817114344507708 0.00072449505590990574 0.0017741609133892183 -0.010057078272401836 -0.047424662950842827 0.020712067999937883 0.020081265957182539 -0.019269089662894895 0.028741318879109919
leaf_weight=33.956054139882326 47.068539336323738 1648.4948653504252 74.583650752902031 9014.7157928403467 8070.9713335526176 16077.961443257052 7514.6886178525165 699.76302485261112 2.6222184207290411 1.3023658553138369 4.2398067116737357 0.77045344933867443 2.9408077448606482
leaf_count=322 383 13403 383 173921 125300 225345 173078 5349 33 36 39 17 27
internal_value=-2.32203e-06 -3.55042e-05 -0.00198793 -0.00122325 0.000540992 0.00171319 -0.000792218 -0.0112945 0.0312371 -0.0239038 0.0375304 0.00585133 0.0395355
internal_weight=43194.1 43148.2 9836.13 9089.3 33312.1 17726.5 15585.7 746.832 45.8317 4.69504 41.1367 2.07282 36.8969
internal_count=717636 717162 180036 174304 537126 238748 298378 5732 474 86 388 53 349
is_linear=0
shrinkage=0.03


Tree=69
num_leaves=16
num_cat=0
split_feature=9 9 9 9 9 10 7 7 3 11 7 7 9 11 4
split_gain=48.5477 215.618 190.485 185.574 104.415 82.5597 120.799 55.7176 42.6435 33.7989 32.8361 29.2424 12.3446 7.8148 0.593815
threshold=0.21062456473434024 0.20313850765176125 0.2851636982461771 0.39471836451625392 0.48051473002326534 2.5000000000000004 0.076743773001661922 0.041725045582279859 -0.012419888754462758 1.5000000000000002 -0.027557551026770207 0.19115302640589496 0.23464400287500545 3.5000000000000004 0.059023892749012437
decision_type=2 2 2 2 2 2 2 2 2 2 2 2 2 2 2
left_child=1 5 8 10 -5 6 -1 -7 9 -2 -4 13 -10 -3 -13
right_child=2 11 3 4 -6 7 -8 -9 12 -11 -12 14 -14 -15 -16
leaf_value=-0.0055612368308582804 0.026891788392062362 -0.03825511604420459 -0.036380766640217325 0.033680462782569455 0.00040811714274452995 0.0015562473613010726 0.0046513262222815464 -0.0008440958951895257 0.013609351842975253 0.011741594383837246 -0.015571465453295935 0.047474218646257407 0.00050509548439129173 -0.013928661883213627 0.027030747338274989
leaf_weight=4718.7399811046198 308.70245645474643 150.19873109087348 89.018058811780065 105.46717595122755 435.01428524823859 19529.215814498719 1337.9723880672827 15700.4197851629 108.20402488484979 232.22314517758787 292.47182927466929 2.2341134380549184 160.91309257503599 12.906374109908937 2.9903295738622546
leaf_count=78165 4112 1508 2246 2274 6046 265802 33704 308557 1927 4060 4953 161 3146 759 216
internal_value=-2.28646e-06 -0.000207885 0.00491858 -0.0044069 0.00690074 -6.97338e-05 -0.00330521 0.000486512 0.0155326 0.0203877 -0.0204272 -0.0340923 0.00577393 -0.0363302 0.0357729
internal_weight=43186.7 41454.7 1732.01 921.971 540.481 41286.3 6056.71 35229.6 810.043 540.926 381.49 168.33 269.117 163.105 5.22444
internal_count=717636 688872 28764 15519 8320 686228 111869 574359 13245 8172 7199 2644 5073 2267 377
is_linear=0
shrinkage=0.03


Tree=70
num_leaves=16
num_cat=0
split_feature=9 9 9 10 8 10 8 8 10 3 8 9 8 10 1
split_gain=47.9954 58.1694 129.078 113.85 114.622 113.621 84.279 67.3372 49.0669 53.7491 54.0076 30.1336 4.65628 3.88831 0.616991
threshold=-0.18785404488743349 -0.081762156240663228 -0.037210915276461191 9.5000000000000018 10.904999732971193 10.500000000000002 15.090000152587892 17.775000572204593 7.5000000000000009 0.043182547460613459 14.324999809265138 -0.24498171258407594 18.329999923706058 11.500000000000002 -0.026900750991737037
decision_type=2 2 2 2 2 2 2 2 2 2 2 2 2 2 2
left_child=8 3 7 4 -2 -4 -5 -3 9 10 -1 -11 13 -10 -14
right_child=1 2 5 6 -6 -7 -8 -9 12 11 -12 -13 14 -15 -16
leaf_value=0.00042388111313682432 0.014677195774415633 0.0024321959536656597 -0.0015102360122052035 -0.014341877832466274 -0.0020437577159228186 0.0040449435538689486 0.0047909025800088227 0.0099666879810939458 -0.023751551644093098 -0.011120398027417868 0.016968177163387794 0.004406104567193629 -0.027691925490107842 0.0078204624430510371 0.0021942025070844774
leaf_weight=262.9950123373419 398.4846051260829 7037.0388526194729 22923.124201796018 1066.7843908932991 4981.3452003281564 3873.5625192052685 257.15663777524605 1258.4685386894271 57.571001648902893 171.25255501689389 546.80050605488941 327.90369534352794 0.6658563818782558 3.7387340413406482 9.3752775350585562
leaf_count=3164 5362 96390 380011 12893 80720 73211 12453 35494 766 2313 9384 4012 50 710 703
internal_value=-2.27977e-06 -0.000184048 0.000305117 -0.00274468 -0.000805235 -0.000707214 -0.0106256 0.00357521 0.00550172 0.0068223 0.0115951 -0.000920791 -0.0187248 -0.0218263 0.000212368
internal_weight=43176.3 41796 35092.2 6703.77 5379.83 26796.7 1323.94 8295.51 1380.3 1308.95 809.796 499.156 71.3509 61.3097 10.0411
internal_count=717636 696534 585106 111428 86082 453222 25346 131884 21102 18873 12548 6325 2229 1476 753
is_linear=0
shrinkage=0.03


Tree=71
num_leaves=16
num_cat=0
split_feature=8 8 7 9 7 8 9 9 7 1 9 7 8 0 7
split_gain=47.5078 110.626 75.9569 123.814 119.709 59.19 57.1896 83.513 54.6378 41.295 30.0531 12.1419 8.36076 5.16421 3.63553
threshold=25.204999923706058 24.97500038146973 -0.068873503122694288 0.006699437944214349 -0.055062669769475929 36.915000915527351 0.2209240964292857 0.12591685929449972 -0.047118301419243939 -0.0057575572620738235 0.2209240964292857 -0.18556505103897189 72.094997406005874 0.022611567585762663 0.0030690030408574436
decision_type=2 2 2 2 2 2 2 2 2 2 2 2 2 2 2
left_child=1 2 3 -1 -4 6 7 -2 13 -8 11 -7 -12 -3 -10
right_child=5 8 4 -5 -6 10 9 -9 14 -11 12 -13 -14 -15 -16
leaf_value=0.016357429335324955 0.011057927445112775 -0.018041513032305095 -0.0077811610083847087 -0.0021932026110819723 4.8913736779984825e-05 0.005226414967873648 0.033964128995850516 -0.016728376918795303 7.4324193440259919e-05 0.0026066363925800256 -0.046041890415188511 -0.01366192543717016 -0.0085879340106728118 -0.046033759563313993 0.025211537590542645
leaf_weight=647.14509323053062 490.89712384529412 6.4757704734802237 1840.1990012316965 648.10694544948637 38991.31487886887 63.597218292765319 128.10887096822262 121.43069490790367 12.293116234242918 53.615620809607208 23.080016386229548 59.087181000038981 6.9881851971149436 70.585391029715538 8.9467604234814626
leaf_count=6511 24359 32 16026 8043 637944 6349 1692 4134 1124 1352 2611 5610 746 351 752
internal_value=-2.24298e-06 -0.000151264 -7.70881e-05 0.00707523 -0.000303973 0.00664372 0.00993364 0.00554763 -0.0319393 0.0247125 -0.0104582 -0.00387058 -0.0373372 -0.0436815 0.0106627
internal_weight=43171.9 42225.1 42126.8 1295.25 40831.5 946.805 794.052 612.328 98.301 181.724 152.753 122.684 30.0682 77.0612 21.2399
internal_count=717636 670783 668524 14554 653970 46853 31537 28493 2259 3044 15316 11959 3357 383 1876
is_linear=0
shrinkage=0.03


Tree=72
num_leaves=14
num_cat=0
split_feature=5 7 7 10 10 9 9 8 8 4 4 6 3
split_gain=47.2086 48.9023 113.843 176.599 156.691 63.0844 90.9979 61.6686 16.8863 3.49242 1.57744 1.20717 0.409754
threshold=1.0000000180025095e-35 0.070607989530113172 0.055044103787460615 7.5000000000000009 11.500000000000002 -0.12592713941836073 -0.13291524258475088 24.280000686645511 13.769999980926515 -0.057832322359162129 0.03953258106141478 0.037576746543732061 0.025071325502930789
decision_type=2 2 2 2 2 2 2 2 2 2 2 2 2
left_child=8 2 3 -2 -4 6 -3 -7 10 -10 12 -11 -1
right_child=1 5 4 -5 -6 7 -8 -9 9 11 -12 -13 -14
leaf_value=0.039852270065865239 -0.001392023792360923 0.0056937496684777555 -0.0031132265542591041 0.0037383053652230505 -0.021299522087010317 0.00075506372023939248 0.033797535942171317 0.024501037987855825 -0.046622388055329346 0.020877526613157279 0.019507984560168039 -0.028715694264400907 0.028105039613486933
leaf_weight=33.355464324355125 21109.265754917637 871.31691455515102 3574.2281947834417 8458.2727640112862 484.13474153820425 8405.465872424189 117.69861483760178 99.59606653265655 2.5898622889071703 1.4358307011425488 4.208628822118043 0.63803173601627339 2.9051123633980742
leaf_count=322 282213 15926 61331 141688 9458 199670 1909 4967 33 38 39 15 27
internal_value=-2.1872e-06 -3.42848e-05 -0.000571114 7.55899e-05 -0.00528273 0.00186704 0.00903826 0.00103313 0.0306639 -0.0233913 0.0368933 0.00561998 0.0389111
internal_weight=43165.1 43120 33625.9 29567.5 4058.36 9494.08 989.016 8505.06 45.1329 4.66372 40.4692 2.07386 36.2606
internal_count=717636 717162 494690 423901 70789 222472 17835 204637 474 86 388 53 349
is_linear=0
shrinkage=0.03


Tree=73
num_leaves=16
num_cat=0
split_feature=0 8 8 7 7 8 9 9 7 9 5 9 4 4 6
split_gain=47.0173 56.7584 104.031 74.2101 51.8505 46.2344 51.4572 21.1675 8.37062 4.03162 2.95373 4.37141 2.98395 2.51776 2.45171
threshold=0.12945330820838183 25.204999923706058 24.97500038146973 -0.068873503122694288 -0.047118301419243939 36.915000915527351 0.2209240964292857 0.2209240964292857 0.018478898210030351 -0.21865946818898443 3.9266665942005679 0.90914133794846286 0.39622341756412455 -0.19257850613835023 -0.0094884258483576272
decision_type=2 2 2 2 2 2 2 2 2 2 2 2 2 2 2
left_child=1 2 3 -1 -4 6 -3 -7 10 14 11 -2 -12 -11 -10
right_child=8 5 4 -5 -6 7 -8 -9 9 13 12 -13 -14 -15 -16
leaf_value=0.0070757933152923577 -0.010309302829440413 0.0060716138629793972 -0.042749850878867138 -0.00024638849962258793 0.010730492260358188 -0.003759534073500808 0.02440809555218058 -0.037349506504090017 0.055373330254545709 0.018579211825752184 -0.026201873949879554 -0.042720392584951687 0.012963245189794349 -0.010524140537157996 0.0047966795952780212
leaf_weight=1285.1038138214499 32.12743910914287 595.47644696198404 75.645801663398743 40659.79173786426 20.802597232162952 117.12170351762325 179.18634312134236 19.728807808831334 1.2689790227450433 2.7432246729731551 56.393460140097886 4.2394185531884423 1.8068915056064714 108.02397820679471 2.6936422428116193
leaf_count=14439 1787 28064 380 650603 1833 11390 2990 2173 17 74 790 530 31 2491 44
internal_value=-2.15238e-06 6.69645e-05 -9.36126e-05 -2.20522e-05 -0.0312149 0.00747319 0.010313 -0.00860197 -0.0141866 -0.0087397 -0.0207949 -0.0140876 -0.024986 -0.00980338 0.0209932
internal_weight=43162.2 42952.9 42041.3 41944.9 96.4484 911.513 774.663 136.851 209.297 114.73 94.5672 36.3669 58.2004 110.767 3.96262
internal_count=717636 711872 667255 665042 2213 44617 31054 13563 5764 2626 3138 2317 821 2565 61
is_linear=0
shrinkage=0.03


Tree=74
num_leaves=14
num_cat=0
split_feature=5 10 11 7 3 9 10 9 7 4 4 7 3
split_gain=45.0994 46.8885 69.6165 149.8 104.559 56.2367 101.55 61.8235 13.3795 5.32323 1.66195 1.00304 0.489927
threshold=1.0000000180025095e-35 3.5000000000000004 2.5000000000000004 0.0064878370299188423 -0.050872908109680474 0.17211080769888434 4.5000000000000009 0.15169192622109309 -0.049168444365212498 -0.057832322359162129 0.03953258106141478 0.12945253380345947 0.025071325502930789
decision_type=2 2 2 2 2 2 2 2 2 2 2 2 2
left_child=8 2 4 -4 -2 7 -7 -3 10 -10 12 -11 -1
right_child=1 5 3 -5 -6 6 -8 -9 9 11 -12 -13 -14
leaf_value=0.039256554763209377 0.010440673211363872 0.00040842644761601829 -0.010838520892240782 0.0011469587894826834 -0.0013737763305341675 0.022564798317722824 0.0019210117416845836 -0.012227792691903739 -0.045832239284554016 0.029634123278272348 0.017542446788766014 -0.0078064143534995563 0.025996128015392611
leaf_weight=32.664104111026973 772.97697059437633 31799.442394423764 1947.5066640130244 1811.5047887125984 5274.9713217560202 284.58077130932361 870.35711017902941 352.32825686689466 2.5555790662765503 1.6106984140351408 3.8744738996028891 1.072977280244231 2.7161168754100791
leaf_count=320 12986 512473 28251 43600 95199 3039 15543 6071 33 38 35 22 26
internal_value=-2.09709e-06 -3.32514e-05 -0.0018565 -0.0050626 0.000136206 0.000503593 0.00700771 0.000269955 0.0301858 -0.0148442 0.0361958 0.0146648 0.0382386
internal_weight=43158.2 43113.7 9806.96 3759.01 6047.95 33306.7 1154.94 32151.8 44.4939 5.23925 39.2547 2.68368 35.3802
internal_count=717636 717162 180036 71851 108185 537126 18582 518544 474 93 381 60 346
is_linear=0
shrinkage=0.03


Tree=75
num_leaves=16
num_cat=0
split_feature=9 9 9 10 8 10 8 8 10 3 8 8 8 10 4
split_gain=44.7738 53.9118 120.685 106.043 107.457 105.309 78.3402 65.6772 46.4306 51.419 46.2201 27.2841 4.41212 3.66389 0.5806
threshold=-0.18785404488743349 -0.081762156240663228 -0.037210915276461191 9.5000000000000018 11.305000305175783 10.500000000000002 15.090000152587892 11.965000152587892 7.5000000000000009 0.010760258491775422 20.494999885559086 14.324999809265138 18.329999923706058 11.500000000000002 0.081204514558387855
decision_type=2 2 2 2 2 2 2 2 2 2 2 2 2 2 2
left_child=8 3 7 4 -2 -4 -5 -3 9 11 -11 -1 13 -10 -14
right_child=1 2 5 6 -6 -7 -8 -9 12 10 -12 -13 14 -15 -16
leaf_value=0.0051430711516312821 0.012068687834019983 -0.00019735004019846454 -0.0014602074018101156 -0.01385728783984088 -0.0021739274765097904 0.0038863942223959888 0.0045904440960456176 0.0054061566929183404 -0.02317785741175284 0.001105898679181446 0.023943197509701333 0.023219980200128613 0.0038920006153224523 0.0074653430911509082 -0.013784773700743134
leaf_weight=116.00258169975132 528.7490864507854 2888.0285526923835 22900.847254243214 1063.026888188906 4848.6994468723424 3876.808335495647 257.32836622046307 5406.8957755398005 57.415404852479696 891.22754240734503 87.599417886696756 213.35622315481305 7.916022662073372 3.7404679874889544 2.12020134460181
leaf_count=1487 6894 27158 380011 12893 79188 73211 12453 104726 766 10385 2395 4606 594 710 159
internal_value=-2.0613e-06 -0.000177672 0.000293317 -0.00264398 -0.000773492 -0.000686139 -0.0102619 0.00345519 0.0053158 0.00659979 0.00314971 0.0168532 -0.0182781 -0.0213036 0.000157696
internal_weight=43149.8 41770.4 35072.6 6697.8 5377.45 26777.7 1320.36 8294.92 1379.38 1308.19 978.827 329.359 71.1921 61.1559 10.0362
internal_count=717636 696534 585106 111428 86082 453222 25346 131884 21102 18873 12780 6093 2229 1476 753
is_linear=0
shrinkage=0.03


Tree=76
num_leaves=16
num_cat=0
split_feature=0 8 8 7 7 8 9 9 7 9 3 5 9 6 4
split_gain=44.5324 53.6952 99.4911 69.9418 49.82 44.1779 48.6093 20.024 7.9378 3.73778 3.30255 2.75129 4.19425 2.82869 2.35458
threshold=0.12945330820838183 25.204999923706058 24.97500038146973 -0.068873503122694288 -0.047118301419243939 36.915000915527351 0.2209240964292857 0.2209240964292857 0.018478898210030351 -0.21865946818898443 0.016472259561126416 3.9266665942005679 0.90914133794846286 0.13766045880585845 -0.19257850613835023
decision_type=2 2 2 2 2 2 2 2 2 2 2 2 2 2 2
left_child=1 2 3 -1 -4 6 -3 -7 11 10 -10 12 -2 -13 -11
right_child=8 5 4 -5 -6 7 -8 -9 9 14 -12 13 -14 -15 -16
leaf_value=0.0068754841797574393 -0.010114532904757613 0.0059423599538344484 -0.042041525988700576 -0.00023885643647173082 0.010420341847081488 -0.0037508119927119588 0.023814175770235653 -0.03651800288708941 0.053746593982513753 0.017840133903527299 -0.0022441490489534242 -0.029704518539533445 -0.042129175489519846 -0.01614327600091146 -0.010248929969464925
leaf_weight=1282.9376472197473 32.027088521048427 595.25994831230491 74.935822069644928 40648.059303991497 20.817184749059379 117.03656917158514 177.90607132948935 19.594981129746884 1.5799672380089753 2.7544513228349379 2.3707801206037402 34.999205643311143 4.1615460216999045 22.900672151241452 107.84496258199215
leaf_count=14439 1787 28064 380 650603 1833 11390 2990 2173 19 74 42 516 530 305 2491
internal_value=-2.0278e-06 6.51579e-05 -9.09356e-05 -2.11832e-05 -0.0306361 0.00727567 0.0100547 -0.00845011 -0.0138284 -0.00852516 0.0201474 -0.020285 -0.0137961 -0.0243407 -0.00954938
internal_weight=43145.2 42936.5 42026.7 41931 95.753 909.798 773.166 136.632 208.639 114.55 3.95075 94.0885 36.1886 57.8999 110.599
internal_count=717636 711872 667255 665042 2213 44617 31054 13563 5764 2626 61 3138 2317 821 2565
is_linear=0
shrinkage=0.03


Tree=77
num_leaves=16
num_cat=0
split_feature=7 7 7 7 8 9 9 8 10 8 8 7 8 7 9
split_gain=43.8606 110.389 182.741 139.696 84.9526 58.9455 85.5802 56.915 57.3861 53.9866 92.8931 78.7534 34.0815 25.7184 23.0856
threshold=0.070607989530113172 0.041725045582279859 0.037659729739515153 0.036821370270570537 10.035000324249269 -0.12592713941836073 -0.13291524258475088 24.280000686645511 10.500000000000002 10.84500026702881 9.6950001716613787 0.062680467203887882 15.925000190734865 0.10552432852455364 0.0055536385631630445
decision_type=2 2 2 2 2 2 2 2 2 2 2 2 2 2 2
left_child=1 2 3 -1 -4 6 12 8 -7 10 -3 -11 -2 -8 -9
right_child=5 9 4 -5 -6 7 13 14 -10 11 -12 -13 -14 -15 -16
leaf_value=0.00014399097449370454 0.0020191352324513199 0.0040211899452068109 0.032495384425543672 -0.016627422369985056 0.0080960386054976137 -0.00032248464296124869 -0.016028871722386161 -0.0075743661674262585 0.0065902328482419009 -0.00019324366534021579 -0.011294352571737644 -0.0077047946545440232 0.015658127420734906 0.036698520299671543 0.03016539581933491
leaf_weight=22990.269127865322 650.07222781376913 463.46829222142696 140.51190599799156 455.83998067630455 1493.4957072255202 7134.0905909324065 9.0125762429088336 17.727397224865854 1273.7967842342332 4863.6194606921636 1543.11560631264 1693.6087217517197 220.9293050817214 109.22061770502478 82.364474778063595
leaf_count=321919 9527 2681 766 6070 23487 160027 383 1149 39683 99013 13008 28180 6399 1526 3818
internal_value=-1.97657e-06 -0.000510203 0.00049395 -0.000182079 0.0101942 0.00179842 0.00872967 0.000992511 0.000724794 -0.00345098 -0.00775686 -0.00213334 0.00547866 0.0326793 0.0234813
internal_weight=43141.1 33643.9 25080.1 23446.1 1634.01 9497.21 989.235 8507.98 8407.89 8563.81 2006.58 6557.23 871.002 118.233 100.092
internal_count=717636 495124 352242 327989 24253 222512 17835 204677 199710 142882 15689 127193 15926 1909 4967
is_linear=0
shrinkage=0.03


Tree=78
num_leaves=15
num_cat=0
split_feature=5 7 7 7 11 7 8 8 8 10 3 6 10 6
split_gain=42.7496 46.3639 258.299 183.163 149.344 114.364 106.088 68.2343 15.4649 1.87729 1.35135 0.81559 0.773511 0.315379
threshold=1.0000000180025095e-35 -0.0097051022162459848 -0.026479231941803513 0.0030690030408574436 1.5000000000000002 0.013054558192188483 17.925000190734867 13.769999980926515 13.769999980926515 4.5000000000000009 0.0094465425193347458 0.050250334218033883 9.5000000000000018 0.044504696384911453
decision_type=2 2 2 2 2 2 2 2 2 2 2 2 2 2
left_child=8 2 4 7 -2 -5 -4 -3 10 -10 13 -12 -11 -1
right_child=1 3 6 5 -6 -7 -8 -9 9 12 11 -13 -14 -15
leaf_value=0.039922644337765448 0.0047379571275586608 -0.0014263757207122238 -0.01313031724545824 -0.007296322466353756 -0.0025644662927724847 0.00056435971299530143 0.011237525431769662 0.014501381485906583 -0.036338407122583544 0.033394263568399987 0.018614539078535094 0.035643405931454944 -0.010942680587857271 0.027804852067724824
leaf_weight=26.875533528625969 4211.9657657351345 308.48689239192754 1944.0275654182769 1774.0911295707338 6276.7552155926824 27278.870955754537 175.29474833561108 1124.2828501593322 3.0109804496169081 0.53414799273014058 5.567088231444357 4.6419375166296959 1.0508780688978729 2.0827876441180697
leaf_count=269 45195 4939 25405 32833 70483 496914 12873 28520 24 10 53 45 52 21
internal_value=-1.97001e-06 -3.20659e-05 -0.0015622 0.000600753 0.000367975 8.43547e-05 -0.0111148 0.011072 0.0296335 -0.0224273 0.0357425 0.0263574 0.00399871 0.0390511
internal_weight=43137.5 43093.8 12608 30485.7 10488.7 29053 2119.32 1432.77 43.7634 4.59601 39.1673 10.209 1.58503 28.9583
internal_count=717636 717162 153956 563206 115678 529747 38278 33459 474 86 388 98 62 290
is_linear=0
shrinkage=0.03


Tree=79
num_leaves=16
num_cat=0
split_feature=9 8 10 8 7 8 7 7 7 9 7 9 7 7 8
split_gain=42.0125 109.923 226.36 138.977 218.637 86.0564 139.325 186.351 132.24 91.4663 88.5349 80.8063 62.1082 56.7476 41.5233
threshold=-0.020427742652172672 10.944999694824221 10.500000000000002 12.59500026702881 0.019738000221323663 16.884999275207523 -0.012433950021172256 0.030117839541801587 -0.020324899089832368 -0.24498171258407594 -0.09601017374904168 0.21062456473434024 0.045055087948850943 0.053221239332109101 19.389999389648441
decision_type=2 2 2 2 2 2 2 2 2 2 2 2 2 2 2
left_child=5 2 12 4 -3 6 8 -8 -1 14 -11 -5 -2 -4 -7
right_child=1 3 13 11 -6 9 7 -9 -10 10 -12 -13 -14 -15 -16
leaf_value=-0.0033109530371056542 -0.023236697793825808 0.01984242350160078 0.020948351123452075 -0.0022731183380314832 0.0015638403766671477 -0.034287008137616919 0.0084740686231829544 -0.00041995417863643149 -0.022935936932043242 -0.013227342045545093 0.0072794654460609136 0.0045714723305274995 -0.008718019799142513 -0.010415463461613185 -0.0036124622370614788
leaf_weight=3118.3803719691932 504.59836059063673 685.0955539084971 232.20122602954507 15723.522325954866 4196.8310480457731 70.26111051440239 2727.6370708053 9520.585226665251 343.00998784648255 200.7696396233514 3369.2678439896554 1722.4128799438477 558.88400569185615 66.872178643941879 91.362483761738986
leaf_count=19110 3830 5362 1532 311651 45544 383 37945 146233 4879 11610 93560 28764 5362 383 1488
internal_value=-1.95973e-06 -0.00085014 -0.00912244 -0.000345323 0.00412893 0.0010316 5.88116e-05 0.00156071 -0.00525571 0.00512687 0.00612622 -0.00159736 -0.0156068 0.0139355 -0.0169473
internal_weight=43131.7 23690.4 1362.56 22327.9 4881.93 19441.3 15709.6 12248.2 3461.39 3731.66 3570.04 17445.9 1063.48 299.073 161.624
internal_count=717636 402428 11107 391321 50906 315208 208167 184178 23989 107041 105170 340415 9192 1915 1871
is_linear=0
shrinkage=0.03


Tree=80
num_leaves=16
num_cat=0
split_feature=0 8 8 9 7 8 9 9 7 9 3 1 2 4 4
split_gain=42.281 49.3729 92.8224 67.2612 46.6753 40.2164 45.4831 19.4771 7.46091 3.40794 3.11983 2.72989 2.59368 2.21061 0.936238
threshold=0.12945330820838183 25.204999923706058 24.97500038146973 0.56746320277959439 -0.047118301419243939 36.915000915527351 0.2209240964292857 0.2209240964292857 0.018478898210030351 -0.21865946818898443 0.016472259561126416 -0.028070779599435772 0.014704887007022738 -0.19257850613835023 -0.025547210759363944
decision_type=2 2 2 2 2 2 2 2 2 2 2 2 2 2 2
left_child=1 2 3 -1 -4 6 -3 -7 11 10 -10 14 -13 -11 -2
right_child=8 5 4 -5 -6 7 -8 -9 9 13 -12 12 -14 -15 -16
leaf_value=-9.1542050972293822e-05 -0.026594017822563629 0.0056745776200331768 -0.040974589549691451 0.019964130226161489 0.0098698633213325469 -0.0034046812151833036 0.023020020449179945 -0.035794652710689635 0.051981976459840221 0.01716183865312523 -0.0026208935045542898 -0.0035138327604215085 -0.019552045459175507 -0.010010521520413478 -0.042886563500108429
leaf_weight=41763.591881269123 12.988707751967015 595.82564431475475 73.746722519397736 151.04301572777331 20.841990021057427 116.94852170627564 176.3202220313251 19.494039969053119 1.5635142996907228 2.7638052850961676 2.3682628213427961 10.523344515822826 65.93706313194707 107.66639976250008 4.2010112758725873
leaf_count=663567 805 28064 380 1475 1833 11390 2990 2173 19 74 42 243 1989 2491 101
internal_value=-2.01237e-06 6.33835e-05 -8.626e-05 -1.92697e-05 -0.0297714 0.00698226 0.00963543 -0.00803235 -0.0134947 -0.00835328 0.0190925 -0.0197733 -0.0173447 -0.00933046 -0.0305758
internal_weight=43125.8 42917.8 42009.2 41914.6 94.5887 908.588 772.146 136.443 208.012 114.362 3.93178 93.6501 76.4604 110.43 17.1897
internal_count=717636 711872 667255 665042 2213 44617 31054 13563 5764 2626 61 3138 2232 2565 906
is_linear=0
shrinkage=0.03


Tree=81
num_leaves=16
num_cat=0
split_feature=9 9 7 10 11 9 8 10 11 7 8 10 8 8 7
split_gain=42.3048 50.9692 177.896 248.574 118.237 179.98 115.24 91.3072 45.9665 66.1065 45.7601 48.4753 32.9542 21.3874 17.0013
threshold=-0.18785404488743349 -0.081762156240663228 -0.0084307010398460541 9.5000000000000018 1.5000000000000002 -0.065215164386020749 23.285000801086429 3.5000000000000004 3.5000000000000004 0.034003778993425 15.284999847412111 7.5000000000000009 15.215000152587892 16.82499980926514 -0.045597680991572291
decision_type=2 2 2 2 2 2 2 2 2 2 2 2 2 2 2
left_child=8 2 7 -4 6 -6 -3 -2 10 14 12 -12 -1 -11 -10
right_child=1 4 3 -5 5 -7 -8 -9 9 13 11 -13 -14 -15 -16
leaf_value=0.0033447657579341373 -0.026230814689266628 0.0017029243361591268 0.0054515681183561248 -0.010079296283193599 0.0086195230809260458 -0.0019850608692873603 0.013274931778670033 -0.0072935025462778974 0.032141518172731642 -0.0021034859258825321 0.015110178730896148 -0.016443884325406524 -0.022409536954033443 0.022214778785482406 -0.033707695363837997
leaf_weight=400.30263676121831 259.36607532016933 13702.201138858683 3151.9252657974139 1314.2019301922992 1558.7287699207664 18972.286967092659 820.91558405477554 1966.610798757989 3.7180199464783064 149.00176053354517 614.84739010268822 47.18035340635106 50.337978214025497 41.64641192369163 69.326402992010117
leaf_count=4568 3830 211004 61426 24638 29816 319041 25245 21534 373 2644 10494 1491 383 766 383
internal_value=-1.95929e-06 -0.000172576 -0.00257171 0.000881458 0.000285438 -0.00117995 0.00235703 -0.00950004 0.00517299 -0.00608886 0.00784195 0.0128614 0.000467929 0.00320875 -0.0303559
internal_weight=43122.6 41746.2 6692.1 4466.13 35054.1 20531 14523.1 2225.98 1376.36 263.693 1112.67 662.028 450.641 190.648 73.0444
internal_count=717636 696534 111428 86064 585106 348857 236249 25364 21102 4166 16936 11985 4951 3410 756
is_linear=0
shrinkage=0.03


Tree=82
num_leaves=14
num_cat=0
split_feature=5 10 8 8 9 8 9 8 8 4 4 6 3
split_gain=40.9414 43.9676 69.441 81.265 51.4424 112.885 56.574 19.5449 14.8174 3.13412 1.55772 1.07049 0.404412
threshold=1.0000000180025095e-35 3.5000000000000004 11.904999732971193 12.144999980926515 0.17211080769888434 18.729999542236332 0.15169192622109309 11.795000076293947 13.769999980926515 -0.057832322359162129 0.03953258106141478 0.037576746543732061 0.025071325502930789
decision_type=2 2 2 2 2 2 2 2 2 2 2 2 2
left_child=8 2 7 -4 6 -6 -3 -2 10 -10 12 -11 -1
right_child=1 4 3 -5 5 -7 -8 -9 9 11 -12 -13 -14
leaf_value=0.038299939253410367 -0.009387513248577865 0.00039720155685167373 0.030058222321701515 -0.0013378544927726307 -0.001010236630855623 0.018115200677939172 -0.011710740989081606 -0.029470027746221737 -0.044617652763363554 0.019617231350318207 0.017799545031672515 -0.027258766560998127 0.026414181139074681
leaf_weight=31.667849086225033 690.08010286837816 31783.45083921589 74.817433461546898 8969.4353373944759 687.86465932661667 465.8596893325448 351.14799056993797 46.558036468923092 2.4894540123641491 1.4395101405680173 4.112661261111497 0.63048973493278015 2.8045708909630767
leaf_count=322 5349 512473 383 173921 9878 8704 6071 383 33 38 39 15 27
internal_value=-1.96033e-06 -3.12208e-05 -0.00179954 -0.00107813 0.000488353 0.00671238 0.000264893 -0.0106568 0.0292074 -0.021937 0.0352509 0.00533953 0.037333
internal_weight=43112.4 43069.2 9780.89 9044.25 33288.3 1153.72 32134.6 736.638 43.1445 4.55945 38.5851 2.07 34.4724
internal_count=717636 717162 180036 174304 537126 18582 518544 5732 474 86 388 53 349
is_linear=0
shrinkage=0.03


Tree=83
num_leaves=16
num_cat=0
split_feature=0 7 7 10 7 11 7 9 7 9 3 1 5 4 4
split_gain=40.2562 40.6407 99.3597 97.8565 84.1409 158.143 81.2915 78.9984 7.03143 3.15096 2.95895 2.61655 3.95035 2.08512 0.892478
threshold=0.12945330820838183 -0.068873503122694288 -0.055062669769475929 6.5000000000000009 -0.073798217113713524 1.5000000000000002 -0.049168444365212498 -0.033304393485831689 0.018478898210030351 -0.21865946818898443 0.016472259561126416 -0.028070779599435772 4.9110741973559309 -0.19257850613835023 -0.025547210759363944
decision_type=2 2 2 2 2 2 2 2 2 2 2 2 2 2 2
left_child=1 4 3 -3 5 -1 -4 -6 11 10 -10 14 -13 -11 -2
right_child=8 2 6 -5 7 -7 -8 -9 9 13 -12 12 -14 -15 -16
leaf_value=0.010855424154425095 -0.026015172191406654 -0.0083203710234332519 0.0087976680095650205 0.026452624345569012 -0.0079822353127135277 -0.0083471988893317056 -3.4331442335167423e-05 0.023521613229005065 0.050547955671319686 0.01655663369937737 -0.0028276908346983867 -0.0088648444422592346 -0.022717411169207818 -0.0097971545979071064 -0.041979210546340309
leaf_weight=758.63144895248115 12.916598195210101 1789.1067916434258 961.58896700199693 75.927416414488107 92.603742563165724 785.79013971518725 38117.046042143833 316.38591554015875 1.5455925688147538 2.771686947438865 2.3651508367620409 31.863010860048234 44.268648752011359 107.48868435295299 4.169058547820895
leaf_count=15549 805 15194 9051 2993 750 21644 644402 2289 19 74 42 1685 547 2491 101
internal_value=-1.91418e-06 6.18321e-05 -0.000139861 -0.00690473 0.00428934 0.00108527 0.000182993 0.0163885 -0.0131875 -0.00819607 0.0182673 -0.0193008 -0.0169198 -0.00913468 -0.0299105
internal_weight=43104.5 42897.1 40943.7 1865.03 1953.41 1544.42 39078.6 408.99 207.388 114.171 3.91074 93.2173 76.1317 110.26 17.0857
internal_count=717636 711872 671640 18187 40232 37193 653453 3039 5764 2626 61 3138 2232 2565 906
is_linear=0
shrinkage=0.03


Tree=84
num_leaves=16
num_cat=0
split_feature=7 7 7 7 9 9 9 10 10 9 7 7 11 11 7
split_gain=40.3129 104.497 170.348 131.454 81.1453 53.2492 80.1163 51.5486 71.5193 48.0101 95.5088 80.6064 33.9532 32.4868 23.5763
threshold=0.070607989530113172 0.041725045582279859 0.037659729739515153 0.036821370270570537 -0.0095998343235342825 -0.12592713941836073 -0.13291524258475088 10.500000000000002 8.5000000000000018 0.0018921589625828796 0.056512136349536786 0.045055087948850943 1.5000000000000002 1.0000000180025095e-35 0.10552432852455364
decision_type=2 2 2 2 2 2 2 2 2 2 2 2 2 2 2
left_child=1 2 3 -1 -4 6 13 8 -7 10 -3 -11 -9 -2 -8
right_child=5 9 4 -5 -6 7 14 12 -10 11 -12 -13 -14 -15 -16
leaf_value=0.00015035255762700753 -0.0068475407387118157 -0.0017023818111328672 0.0053519593659885501 -0.016145038248525711 0.019778135923702148 0.0016829527014978563 -0.015310844916020784 0.00036888010057617091 -0.0052392233776262127 -0.013008150053239669 -0.0098466585041903417 0.0013301022354549779 0.010396688566137277 0.0079555550191906087 0.035245990697402273
leaf_weight=22953.224369425792 164.51946854451671 3105.9229068714194 1126.0786560014822 454.35890179825947 509.77604558551684 5445.3997058919631 8.9805207215249521 496.44124443084002 1783.2273344127461 403.31384758977219 2223.7933656852692 2821.5590243334882 783.47649640776217 706.00886576902121 109.79797411616892
leaf_count=321919 3393 50286 14797 6070 9456 125697 383 16023 38920 5667 37386 49543 24037 12533 1526
internal_value=-1.86409e-06 -0.000489708 0.000488135 -0.000165953 0.00984754 0.00172385 0.00831145 0.000957897 -2.46764e-05 -0.00335233 -0.00510053 -0.00046309 0.00650721 0.00515795 0.0314235
internal_weight=43095.9 33598 25043.4 23407.6 1635.85 9497.85 989.307 8508.54 7228.63 8554.59 5329.72 3224.87 1279.92 870.528 118.778
internal_count=717636 495124 352242 327989 24253 222512 17835 204677 164617 142882 87672 55210 40060 15926 1909
is_linear=0
shrinkage=0.03


Tree=85
num_leaves=16
num_cat=0
split_feature=3 10 8 8 7 7 7 7 1 0 2 7 2 7 4
split_gain=39.9227 40.0612 69.3074 93.6186 50.5159 77.2182 76.9958 19.3944 13.4281 12.7398 10.7051 3.1419 2.82022 2.76818 2.15392
threshold=0.077598510042807503 3.5000000000000004 11.904999732971193 13.47499990463257 -0.06642749355352294 -0.055062669769475929 -0.085355310879802623 0.020288782640264461 -0.036522323603471157 0.015636097239374088 0.016957313776078179 0.022199308491347328 0.0061464414060015448 0.026831440884087402 0.23854329488706397
decision_type=2 2 2 2 2 2 2 2 2 2 2 2 2 2 2
left_child=1 2 7 -4 6 -6 -3 -1 11 12 -11 14 -10 -13 -2
right_child=8 4 3 -5 5 -7 -8 -9 9 10 -12 13 -14 -15 -16
leaf_value=-0.029534192279071808 -0.039373000390003778 -0.0025890094252189948 0.004976684618394075 -0.0024605905095821386 -0.0078052813929647752 0.00070525513564593145 0.012635335734987017 -0.0092406241079295466 0.020432146339655323 -0.0026598130642665504 -0.008201141179849122 0.024732567665112129 0.063359893612104951 -0.017534349387691498 -0.016443311717204905
leaf_weight=45.247129015624523 11.204736922401937 496.02933610696346 1956.2614691089839 6882.1489406190813 991.30324937449768 29914.858592202421 752.57577411131933 669.81668988475576 10.650884307920931 823.08279774151742 507.0596138718538 1.481611843220892 1.5819417368620623 23.733757123816758 5.4953105375170699
leaf_count=379 333 19073 20292 148652 9947 474992 10563 5211 293 15651 11409 29 18 667 127
internal_value=-1.86076e-06 0.000164493 -0.00154125 -0.000814451 0.000671286 0.000432283 0.00658721 -0.0105247 -0.00501405 -0.00449193 -0.00477221 -0.0217351 0.0259835 -0.0150508 -0.0318278
internal_weight=43092.5 41708.2 9553.47 8838.41 32154.8 30906.2 1248.61 715.064 1384.29 1342.38 1330.14 41.9154 12.2328 25.2154 16.7
internal_count=717636 689109 174534 168944 514575 484939 29636 5590 28527 27371 27060 1156 311 696 460
is_linear=0
shrinkage=0.03


Tree=86
num_leaves=16
num_cat=0
split_feature=9 8 10 8 7 9 10 7 7 11 7 8 9 7 7
split_gain=39.6208 99.5274 209.675 132.851 207.313 81.7334 170.264 247.868 102.552 143.353 97.7265 79.1562 70.2267 58.2641 52.5453
threshold=-0.020427742652172672 10.944999694824221 10.500000000000002 12.59500026702881 0.019738000221323663 -0.080468742965251513 9.5000000000000018 -0.012433950021172256 0.031728879549239981 1.5000000000000002 0.076743773001661922 10.035000324249269 0.21062456473434024 0.045055087948850943 0.053221239332109101
decision_type=2 2 2 2 2 2 2 2 2 2 2 2 2 2 2
left_child=5 2 13 4 -3 6 7 -1 9 -7 -10 -8 -5 -2 -4
right_child=1 3 14 12 -6 8 11 -9 10 -11 -12 -13 -14 -15 -16
leaf_value=-0.0059082281261758534 -0.022456625236489301 0.019316844466935525 0.020153581731887433 -0.0022018924797312924 0.0015275622238977756 0.012342984118605588 0.021513302461122038 0.005518149837263015 -0.0021256892037807102 0.0015368594574875849 0.005973888299534518 -0.011967177662942691 0.0041889809453788144 -0.0083345782170020193 -0.010048925549118071
leaf_weight=2934.986407300923 498.8037822842598 685.98035300895572 232.83902793750167 15706.867336324882 4196.0065961265936 1939.5645554824732 66.551258787512779 4089.1414488791488 4508.5896518500522 2567.344780032523 1908.0954757607542 1411.2351475558244 1716.6013756096363 556.04264118149877 66.692566692829132
leaf_count=33348 3830 5362 1532 311651 45544 23873 383 76161 69511 36947 46276 28709 28764 5362 383
internal_value=-1.83708e-06 -0.000826162 -0.00872244 -0.000346704 0.00402718 0.00100217 -0.00120359 0.000743712 0.00271894 0.00618731 0.000282839 -0.0104594 -0.00157225 -0.0150125 0.0134288
internal_weight=43085.3 23659.8 1354.38 22305.5 4881.99 19425.5 8501.91 7024.13 10923.6 4506.91 6416.69 1477.79 17423.5 1054.85 299.532
internal_count=717636 402428 11107 391321 50906 315208 138601 109509 176607 60820 115787 29092 340415 9192 1915
is_linear=0
shrinkage=0.03


Tree=87
num_leaves=16
num_cat=0
split_feature=9 9 7 10 11 9 8 10 11 7 8 10 3 8 7
split_gain=38.9452 47.0742 159.098 217.046 106.041 166.288 104.655 86.8682 43.873 61.5781 43.5516 45.1552 38.8809 20.0078 16.4245
threshold=-0.18785404488743349 -0.081762156240663228 -0.0070307577423159842 9.5000000000000018 1.5000000000000002 -0.065215164386020749 23.285000801086429 3.5000000000000004 3.5000000000000004 0.034003778993425 15.284999847412111 7.5000000000000009 0.0014625507254915073 16.82499980926514 -0.045597680991572291
decision_type=2 2 2 2 2 2 2 2 2 2 2 2 2 2 2
left_child=8 2 7 -4 6 -6 -3 -2 10 14 12 -12 -1 -11 -10
right_child=1 4 3 -5 5 -7 -8 -9 9 13 11 -13 -14 -15 -16
leaf_value=0.017020702435306942 -0.025514328502881323 0.0016143011229450112 0.0050567534465159186 -0.0094768834754231177 0.008299385595858029 -0.0018894819840106509 0.012661252531069091 -0.0068970822112669307 0.031764664496746642 -0.0022589740900650422 0.014650426214333243 -0.015818233745456052 -0.004287911142890048 0.02131807472042381 -0.033055525097436728
leaf_weight=98.686470602639019 254.78274784982204 13697.92269019736 3152.7473924444057 1308.6653661727905 1560.358471352607 18945.62750754552 817.91158313397318 1966.9772725659423 3.7094302969053379 148.95891281496733 613.6591951274313 47.13956086570397 351.7858690964058 41.396154975518584 68.227414146065712
leaf_count=1107 3830 211004 61050 24638 29816 319041 25245 21910 373 2644 10494 1491 3844 766 383
internal_value=-1.87906e-06 -0.000165579 -0.00247284 0.000793604 0.000274713 -0.00111418 0.00223675 -0.00903204 0.00496848 -0.00606756 0.0075733 0.0124769 0.000380238 0.00286828 -0.0297131
internal_weight=43078.6 41705 6683.17 4461.41 35021.8 20506 14515.8 2221.76 1373.56 262.292 1111.27 660.799 450.472 190.355 71.9368
internal_count=717636 696534 111428 85688 585106 348857 236249 25740 21102 4166 16936 11985 4951 3410 756
is_linear=0
shrinkage=0.03


Tree=88
num_leaves=16
num_cat=0
split_feature=0 7 7 10 7 11 9 7 7 9 0 1 9 9 7
split_gain=38.3642 37.7022 88.8996 92.1526 75.6972 140.546 75.2034 74.2741 7.7822 5.48865 5.27415 5.18156 4.99219 9.18171 0.178969
threshold=0.1049423922833332 -0.068873503122694288 -0.055062669769475929 6.5000000000000009 -0.073798217113713524 1.5000000000000002 -0.033304393485831689 -0.049168444365212498 -0.032411627424389793 -0.21865946818898443 0.15813606532453914 0.075744476495442373 0.90914133794846286 0.39471836451625392 -0.21139297599414056
decision_type=2 2 2 2 2 2 2 2 2 2 2 2 2 2 2
left_child=1 4 3 -3 5 -1 -6 -4 12 11 -11 -10 13 -2 -14
right_child=8 2 7 -5 6 -7 -8 -9 9 10 -12 -13 14 -15 -16
leaf_value=0.010418782848709729 -0.016971566049378339 -0.0079162235486485225 0.0084592973845198562 0.025858432283863732 -0.0080746301525307651 -0.0078549650060062495 0.022713674384530719 -8.5675607142302968e-06 0.036713287269433556 -0.0049857174866467843 -0.014562918588833296 -0.0074698617920718607 -0.049199987780530384 0.010875688556163315 -0.038385266939977541
leaf_weight=743.82232536096126 102.51277765678242 1773.887809978798 955.74883953714743 75.813007899094373 92.465494243428111 771.88596601784229 313.43763116374612 37914.637953564059 5.0759652624838036 229.89538934174925 66.784407219849527 4.5125647694803774 2.4231290994212031 11.892389725428073 3.1904646577313533
leaf_count=15047 3030 15067 8990 2979 742 20823 2272 640386 75 5420 1515 64 259 526 441
internal_value=-1.87956e-06 8.76448e-05 -0.000106138 -0.00653191 0.00419402 0.00111274 0.0157 0.000199641 -0.00895704 -0.00641961 -0.0071416 0.0159198 -0.0154322 -0.0140769 -0.0430535
internal_weight=43068 42641.7 40720.1 1849.7 1921.61 1515.71 405.903 38870.4 426.287 306.268 296.68 9.58853 120.019 114.405 5.61359
internal_count=717636 706306 667422 18046 38884 35870 3014 649376 11330 7074 6935 139 4256 3556 700
is_linear=0
shrinkage=0.03


Tree=89
num_leaves=16
num_cat=0
split_feature=3 9 9 7 11 10 11 9 11 9 1 7 11 7 3
split_gain=37.6268 53.3099 49.1903 136.257 122.754 45.6285 42.8499 20.3906 19.7032 18.1084 19.1114 17.3846 16.0616 3.62932 3.59765
threshold=0.063313037372653605 -0.18785404488743349 -0.080468742965251513 -0.01623363326659499 1.5000000000000002 7.5000000000000009 1.0000000180025095e-35 0.011305193048461561 3.5000000000000004 -0.24498171258407594 -0.028707083303913434 0.023190295116298335 3.5000000000000004 -0.052327299980846724 -0.027742332488832285
decision_type=2 2 2 2 2 2 2 2 2 2 2 2 2 2 2
left_child=1 5 3 -3 -4 6 -1 9 11 12 -11 -9 -2 -10 -7
right_child=7 2 4 -5 -6 14 -8 8 13 10 -12 -13 -14 -15 -16
leaf_value=0.021812363504557859 -0.0063649132447293191 -0.0086080500938039723 0.0026744160340737124 0.00063381063432189 -0.0010368046160077391 -0.033892728690711062 0.0055117133617248607 -0.017534795259001965 -0.019933429131778604 -0.017962797614444144 -0.00050457086080946763 -0.0064577006932038565 -0.033836937058233485 0.0036861369671162022 -0.014360924106306251
leaf_weight=174.16408234555274 59.819063230417669 2117.8583361003548 13679.479430996347 4457.9171639536507 19392.523743540514 9.9609497226774675 870.88508673664182 204.33908834680915 6.1550772767513982 58.665905993431807 1482.8999240347184 339.15635134559125 28.174995178822428 120.08010968286544 57.375017611775547
leaf_count=1794 1089 22649 220318 84625 327378 174 13594 2907 121 1755 28960 7874 274 2211 1913
internal_value=-1.82915e-06 0.000208798 2.70685e-05 -0.00234271 0.000498257 0.00668603 0.00822832 -0.00373568 -0.00814249 -0.00192453 -0.00116896 -0.0106224 -0.0151612 0.00253448 -0.0172502
internal_weight=43059.5 40760.2 39647.8 6575.78 33072 1112.39 1045.05 2299.29 669.731 1629.56 1541.57 543.495 87.9941 126.235 67.336
internal_count=717636 672445 654970 107274 547696 17475 15388 45191 13113 32078 30715 10781 1363 2332 2087
is_linear=0
shrinkage=0.03


Tree=90
num_leaves=16
num_cat=0
split_feature=9 8 10 8 7 8 7 7 7 8 8 8 7 7 7
split_gain=37.5058 93.4148 197.422 125.148 193.681 77.5819 113.485 167.569 119.521 84.7116 117.617 69.1721 65.6338 55.6536 48.8523
threshold=-0.020427742652172672 10.944999694824221 10.500000000000002 12.59500026702881 0.019738000221323663 16.884999275207523 -0.012433950021172256 0.030117839541801587 -0.020324899089832368 18.675000190734867 18.884999275207523 12.675000190734865 -0.041638968223972221 0.045055087948850943 0.053221239332109101
decision_type=2 2 2 2 2 2 2 2 2 2 2 2 2 2 2
left_child=5 2 13 4 -3 6 8 -8 -1 12 -11 -5 -7 -2 -4
right_child=1 3 14 11 -6 9 7 -9 -10 10 -12 -13 -14 -15 -16
leaf_value=-0.0029206371458976236 -0.021908916223093152 0.018652326151388478 0.019457525721941982 -0.015961672007482601 0.0014837802990441721 0.019693011545142632 0.0079528867701135451 -0.00047619534212187917 -0.021736632715404783 -0.019515807031534358 0.0032786467056078843 -0.0012830276787123649 0.0063029182750615111 -0.0080727500355831476 -0.0096865204888996036
leaf_weight=3103.9318804722279 495.29139796644449 688.36540680751204 233.47360253334045 293.89763562567532 4197.1163914646022 441.25984443724155 2731.9865578077734 9516.7928161015734 336.79747982881963 230.56414378294721 1750.4609280703589 17114.016931067687 1300.337801264599 554.621752101928 66.510139971971512
leaf_count=19110 3830 5362 1532 3810 45544 4596 37945 146233 4879 2240 76783 336605 23422 5362 383
internal_value=-1.80031e-06 -0.000804105 -0.00846735 -0.000340085 0.00390283 0.000975379 5.15647e-05 0.00140384 -0.00476245 0.00486892 0.000625685 -0.00153085 0.0096955 -0.0145999 0.0129959
internal_weight=43055.4 23643.3 1349.9 22293.4 4885.48 19412.1 15689.5 12248.8 3440.73 3722.62 1981.03 17407.9 1741.6 1049.91 299.984
internal_count=717636 402428 11107 391321 50906 315208 208167 184178 23989 107041 79023 340415 28018 9192 1915
is_linear=0
shrinkage=0.03


Tree=91
num_leaves=15
num_cat=0
split_feature=5 10 8 8 6 8 9 8 8 10 3 6 10 6
split_gain=37.1525 39.0808 59.5099 72.6344 48.707 50.624 37.8728 20.3715 13.9048 1.69389 1.37733 0.822928 0.66894 0.323031
threshold=1.0000000180025095e-35 3.5000000000000004 11.904999732971193 12.144999980926515 0.011929421804905417 13.454999923706056 0.39471836451625392 11.795000076293947 13.769999980926515 4.5000000000000009 0.0094465425193347458 0.050250334218033883 9.5000000000000018 0.044504696384911453
decision_type=2 2 2 2 2 2 2 2 2 2 2 2 2 2
left_child=8 2 7 -4 5 -3 -6 -2 10 -10 13 -12 -11 -1
right_child=1 4 3 -5 6 -7 -8 -9 9 12 11 -13 -14 -15
leaf_value=0.038615914848455245 -0.0086571174502373619 -8.6478256946933004e-05 0.02834657019689589 -0.0012818309271593212 -0.0010777041343406895 0.0029514701413103327 0.015918855223431207 -0.029267595735517977 -0.03497342696882208 0.030797666458284977 0.016717712820412067 0.034149456819077592 -0.010437470812332615 0.026077643273468488
leaf_weight=25.510800458490852 679.31613601231948 10024.185892223846 75.092828899621964 8946.0873819943517 13390.25599259045 9727.1361350324005 119.03958478197455 46.088972553610802 2.9338719025254241 0.53613272681832302 5.3727603852748853 4.4612353630363941 1.0426934021525083 1.9938567429780949
leaf_count=269 5349 105982 383 173921 216399 213451 1294 383 24 10 53 45 52 21
internal_value=-1.84801e-06 -2.93407e-05 -0.00169994 -0.0010352 0.000460205 0.00140965 -0.000927936 -0.00996661 0.0282502 -0.0214902 0.0342617 0.0246257 0.00356503 0.037707
internal_weight=43049.1 43007.2 9746.59 9021.18 33260.6 19751.3 13509.3 725.405 41.8514 4.5127 37.3387 9.834 1.57883 27.5047
internal_count=717636 717162 180036 174304 537126 319433 217693 5732 474 86 388 98 62 290
is_linear=0
shrinkage=0.03


Tree=92
num_leaves=16
num_cat=0
split_feature=7 7 10 8 7 9 10 9 8 9 9 10 9 9 8
split_gain=35.8812 96.2353 139.63 159.544 141.647 123.584 173.209 50.7184 48.9222 49.9395 75.1012 53.3982 22.0939 4.24156 4.17104
threshold=0.070607989530113172 0.056512136349536786 7.5000000000000009 11.835000038146974 0.027342339511216677 0.0013420473401838386 9.5000000000000018 0.012251863919414243 24.280000686645511 -0.12592713941836073 -0.13291524258475088 10.500000000000002 0.0055536385631630445 0.17211080769888434 25.355000495910648
decision_type=2 2 2 2 2 2 2 2 2 2 2 2 2 2 2
left_child=1 2 3 -1 -4 6 -3 -7 9 10 -2 -11 14 -14 -10
right_child=8 5 4 -5 -6 7 -8 -9 12 11 -12 -13 13 -15 -16
leaf_value=-0.0087322441867806119 0.0047186484377553274 0.00076588185598841648 0.0088168584289160679 -0.0003179763835333137 0.00066136822214063972 0.03581424418422488 -0.016357867812214419 0.00083504730610101737 -0.018289116883458467 -0.00035769607196303071 0.030103988127405841 0.0063068132694055956 0.026245910057902527 0.045942612059744814 0.012480940744409046
leaf_weight=2273.3445147825405 869.96051415149122 886.1230844212696 2819.4020494720899 18800.678008167539 5986.2258328269236 38.320036452729255 1328.9491639379412 1410.9712794222869 11.769958507269623 7133.1454120967537 119.26690534316003 1275.4916152646765 71.319562525488436 11.414483182132242 5.9789980426430693
leaf_count=23303 15926 18443 63916 261531 83514 1496 18583 24338 766 160027 1909 39683 3052 766 383
internal_value=-1.8081e-06 -0.000462726 9.99944e-05 -0.00122566 0.00327261 -0.00505121 -0.00950764 0.00175992 0.00162595 0.00140332 0.00777925 0.000653232 0.0224478 0.0289634 -0.00792377
internal_weight=43042.4 33544 29879.7 21074 8805.63 3664.36 2215.07 1449.29 9498.35 9397.86 989.227 8408.64 100.483 82.734 17.749
internal_count=717636 495124 432264 284834 147430 62860 37026 25834 222512 217545 17835 199710 4967 3818 1149
is_linear=0
shrinkage=0.03


Tree=93
num_leaves=16
num_cat=0
split_feature=9 8 8 8 7 8 7 7 7 8 8 7 8 9 7
split_gain=36.1187 85.7861 152.306 130.401 175.118 75.8217 106.649 166.855 112.885 85.5226 112.149 79.0704 64.7304 59.0746 17.2141
threshold=-0.021832395754033281 10.944999694824221 9.6950001716613787 12.59500026702881 0.019738000221323663 16.884999275207523 -0.012433950021172256 0.030117839541801587 -0.025351159330469438 18.675000190734867 18.884999275207523 -0.038367579922955579 12.675000190734865 0.026328657579951734 0.047945214177757219
decision_type=2 2 2 2 2 2 2 2 2 2 2 2 2 2 2
left_child=5 2 14 4 -3 6 8 -8 -1 11 -11 -7 -5 -4 -2
right_child=1 3 13 12 -6 9 7 -9 -10 10 -12 -13 -14 -15 -16
leaf_value=-0.0016890697143764832 0.028122116395369021 0.017990696439926859 -0.0057188043525911152 -0.015535379456656047 0.00168999407778371 0.018505454280823286 0.007927346718318266 -0.0005110208268204494 -0.014739573384894289 -0.019081469092410926 0.0032540845597597789 0.004897915781159618 -0.0013131979718725058 -0.019333960437436324 0.0096055222674896953
leaf_weight=2667.1733701303601 71.431842297315598 689.73961073532701 593.00421060249209 292.89534831419587 4235.420187712647 608.61053479835391 2717.9537862809375 9411.9045924190432 768.36499368958175 229.01165384054184 1736.0533516560681 1042.8791466047987 17293.883296289947 555.47319217026234 122.98150573670864
leaf_count=15703 383 5362 5362 3810 46310 5362 37562 143577 8286 2240 75648 21890 340779 4596 766
internal_value=-1.82296e-06 -0.000781161 -0.00814709 -0.000341765 0.00397281 0.000967368 5.82105e-05 0.00137978 -0.00460784 0.00488032 0.000651065 0.0099126 -0.00155006 -0.0123039 0.0164089
internal_weight=43036.8 23854.8 1342.89 22511.9 4925.16 19182 15565.4 12129.9 3435.54 3616.55 1965.07 1651.49 17586.8 1148.48 194.413
internal_count=717636 407368 11107 396261 51672 310268 205128 181139 23989 105140 77888 27252 344589 9958 1149
is_linear=0
shrinkage=0.03


Tree=94
num_leaves=14
num_cat=0
split_feature=5 7 7 10 9 8 9 9 8 4 4 6 6
split_gain=35.6001 36.0415 88.8858 132.907 117.038 45.8614 46.6792 20.7816 13.3747 2.93402 1.59826 0.965471 0.305008
threshold=1.0000000180025095e-35 0.070607989530113172 0.056512136349536786 7.5000000000000009 0.0013420473401838386 24.280000686645511 -0.12592713941836073 0.0055536385631630445 13.769999980926515 -0.057832322359162129 0.03953258106141478 0.037576746543732061 0.027636339268255487
decision_type=2 2 2 2 2 2 2 2 2 2 2 2 2
left_child=8 2 3 -2 -4 6 -3 -7 10 -10 12 -11 -1
right_child=1 5 4 -5 -6 7 -8 -9 9 11 -12 -13 -14
leaf_value=0.037573149456539869 -0.0012459843080786512 0.0075496582493751619 -0.0092486837022440326 0.0031437223906643393 0.0017204516656025841 -0.0077490579569340808 0.00066128393051892052 0.0280290563412443 -0.043512772514496138 0.018699231280691092 0.015906638954550169 -0.026004663664108162 0.03066316005096472
leaf_weight=25.330798786133528 21023.304234376177 989.61086566606537 2210.0585717456415 8808.422884164378 1449.6651509478688 17.731197231449187 8406.7291904753074 83.038112420588732 2.416999289765954 1.4396804664283984 3.9952082820236674 0.62293612444773305 7.4369900971651068
leaf_count=271 284436 17835 37017 147403 25834 1149 199670 3818 33 38 39 15 78
internal_value=-1.86115e-06 -2.85887e-05 -0.000491156 5.01657e-05 -0.00490366 0.00160265 0.00138676 0.0217336 0.0278571 -0.0210841 0.0338207 0.00519809 0.0360049
internal_weight=43029.8 42988.6 33491.5 29831.7 3659.72 9497.11 9396.34 100.769 41.2426 4.47962 36.763 2.06262 32.7678
internal_count=717636 717162 494690 431839 62851 222472 217505 4967 474 86 388 53 349
is_linear=0
shrinkage=0.03


Tree=95
num_leaves=16
num_cat=0
split_feature=0 8 8 7 7 8 7 9 7 9 8 0 9 9 7
split_gain=35.9306 47.0743 86.355 54.3745 42.2158 32.7621 40.5049 16.7916 7.20442 5.0117 5.05339 4.96479 4.81136 8.58368 0.16116
threshold=0.1049423922833332 25.204999923706058 24.97500038146973 -0.068873503122694288 -0.047118301419243939 36.915000915527351 -0.10713815006275694 0.90914133794846286 -0.032411627424389793 -0.21865946818898443 16.82499980926514 0.15813606532453914 0.90914133794846286 0.39471836451625392 -0.21139297599414056
decision_type=2 2 2 2 2 2 2 2 2 2 2 2 2 2 2
left_child=1 2 3 -1 -4 6 -3 -7 12 10 -10 -11 13 -2 -14
right_child=8 5 4 -5 -6 7 -8 -9 9 11 -12 -13 14 -15 -16
leaf_value=0.0061390162859404299 -0.016405221746139141 0.022244956387851303 -0.039908773430349521 -0.0001875777329321033 0.0089158033509412621 -0.0044171665183411306 0.0055787031680341144 -0.050252347193633598 -0.0074462575107724542 -0.0048362892643662482 0.036244422849009493 -0.014142979727822524 -0.048120319663162651 0.010567758680255798 -0.037782195222847918
leaf_weight=1260.825423521921 102.11589258117601 169.09769089426845 71.723833054304123 40366.318989752326 20.491884777322412 118.68890467798337 586.25214348547161 7.6575254350900641 4.6044848160818201 229.53989475779235 4.9374632425606251 66.544108869507909 2.3953298050910234 11.850643951911477 3.1310876868665209
leaf_count=14318 3030 4405 376 646672 1797 11738 26208 792 72 5420 67 1515 259 526 441
internal_value=-1.82284e-06 8.478e-05 -6.01952e-05 4.04556e-06 -0.0290591 0.00694459 0.00930972 -0.00719512 -0.00868027 -0.00623829 0.0151614 -0.00692794 -0.0149261 -0.0136005 -0.0422631
internal_weight=43026.2 42601.1 41719.4 41627.1 92.2157 881.696 755.35 126.346 425.119 305.626 9.54195 296.084 119.493 113.967 5.52642
internal_count=717636 706306 663163 660990 2173 43143 30613 12530 11330 7074 139 6935 4256 3556 700
is_linear=0
shrinkage=0.03


Tree=96
num_leaves=16
num_cat=0
split_feature=3 9 9 10 11 10 11 9 7 1 0 9 11 10 9
split_gain=35.2771 42.3319 43.9204 119.221 109.411 40.7888 41.4762 13.4088 13.6249 13.6176 10.471 10.1526 7.68025 3.51349 2.79735
threshold=0.077598510042807503 -0.18785404488743349 -0.080468742965251513 9.5000000000000018 1.5000000000000002 7.5000000000000009 1.0000000180025095e-35 0.010194854280425549 0.023190295116298335 -0.036522323603471157 0.015636097239374088 0.027634382450279719 3.5000000000000004 10.500000000000002 -0.080468742965251513
decision_type=2 2 2 2 2 2 2 2 2 2 2 2 2 2 2
left_child=1 5 3 -3 -4 6 -1 9 11 14 -11 -9 -10 -7 -2
right_child=7 2 4 -5 -6 13 -8 8 12 10 -12 -13 -14 -15 -16
leaf_value=0.019725605578030596 -0.035006912392480952 -0.00018262025183279703 0.0024683376848193632 -0.01000074893428894 -0.0010053990398841213 -0.019339609564354154 0.0044518894380016182 -0.030201094403849906 -0.0076271566946225795 0.028568033413722549 -0.002510766083624712 -0.012020373670985776 0.0055066844160949818 0.0014894206190401355 -0.015585299679008581
leaf_weight=192.06939532468095 11.34430382307619 5381.8474608436227 13924.905680890195 1403.363703480456 19712.435176225845 60.254530570469797 958.68908670172095 36.824264897499233 214.32184112770483 9.859996254090218 931.45864737220109 110.88410648982972 49.286343086976558 8.2915575588121992 16.214273373130709
leaf_count=1982 381 84794 225100 26163 334302 1113 14624 593 5036 262 19176 1566 1044 1031 469
internal_value=-1.77569e-06 0.000154621 -1.15039e-05 -0.00221327 0.00043263 0.00566201 0.00700118 -0.00472042 -0.00925872 -0.00279378 -0.00218523 -0.0165529 -0.00517155 -0.0168201 -0.0235801
internal_weight=43022.1 41641.9 40422.6 6785.21 33637.3 1219.3 1150.76 1380.19 411.317 968.877 941.319 147.708 263.608 68.5461 27.5586
internal_count=717636 689109 670359 110957 559402 18750 16606 28527 8239 20288 19438 2159 6080 2144 850
is_linear=0
shrinkage=0.03


Tree=97
num_leaves=16
num_cat=0
split_feature=9 10 8 8 8 8 10 8 8 8 9 10 10 9 10
split_gain=35.5457 87.5981 187.997 115.459 140.768 101.81 76.0323 184.416 174.686 97.2109 124.104 106.243 76.9091 61.9691 54.374
threshold=-0.021832395754033281 10.500000000000002 11.025000095367433 11.965000152587892 15.980000019073488 12.715000152587892 6.5000000000000009 13.305000305175783 11.114999771118166 13.305000305175783 -0.024273453031495081 2.5000000000000004 8.5000000000000018 -0.0095998343235342825 9.5000000000000018
decision_type=2 2 2 2 2 2 2 2 2 2 2 2 2 2 2
left_child=6 2 14 13 -5 -4 9 8 -8 11 -11 -1 -9 -3 -2
right_child=1 3 5 4 -6 -7 7 12 -10 10 -12 -13 -14 -15 -16
leaf_value=-0.002427210872104468 -0.018772184844191377 -0.0093188744192869814 0.0033430622547962036 -0.0016183465163378682 0.015452047773067377 -0.0019606535842977518 0.0023934232706757383 0.01397734509905104 -0.0074182671468202323 0.000307815379335242 0.03031432682985475 0.01073107341851782 0.0025520243422435052 0.021988790462639358 -0.0052553534481270849
leaf_weight=739.70665154978633 680.60583365336061 66.320256575942039 4147.2222511256114 2396.5545637891628 531.12162073003128 15182.000087205321 2700.2213699743152 750.15149448812008 4132.34391164314 6735.1011026157066 126.37798065925017 2179.3891958463937 1808.8867184645496 400.61146162450314 441.65377128124237
leaf_count=6128 5745 383 46277 34205 26492 285840 23719 26774 42221 115786 3015 29108 63517 4213 4213
internal_value=-1.74229e-06 -0.000774984 -0.00151577 0.00368802 0.00147846 -0.000822704 0.000960005 -0.000967951 -0.0035407 0.00281129 0.00086049 0.00739673 0.00590122 0.017542 -0.0134528
internal_weight=43018.3 23846.1 20451.5 3394.61 2927.68 19329.2 19172.2 9391.6 6832.57 9780.57 6861.48 2919.1 2559.04 466.932 1122.26
internal_count=717636 407368 342075 65293 60697 332117 310268 156231 65940 154037 118801 35236 90291 4596 9958
is_linear=0
shrinkage=0.03


Tree=98
num_leaves=16
num_cat=0
split_feature=3 9 9 7 11 8 9 9 11 9 1 7 11 10 8
split_gain=34.2357 44.6933 45.2473 118.235 104.976 41.9565 35.1653 17.3512 17.9486 16.7965 17.3474 15.8678 14.4933 13.9984 3.57386
threshold=0.063313037372653605 -0.18785404488743349 -0.080468742965251513 -0.01623363326659499 1.5000000000000002 14.324999809265138 -0.21865946818898443 0.011305193048461561 3.5000000000000004 -0.24498171258407594 -0.028707083303913434 0.023190295116298335 3.5000000000000004 5.5000000000000009 11.34500026702881
decision_type=2 2 2 2 2 2 2 2 2 2 2 2 2 2 2
left_child=1 5 3 -3 -4 13 -7 9 11 12 -11 -9 -2 -1 -10
right_child=7 2 4 -5 -6 6 -8 8 14 10 -12 -13 -14 -15 -16
leaf_value=0.0037655744753701957 -0.006427028691107747 -0.0080983253005214324 0.002496649957656083 0.00052621222420184467 -0.00093641240878667906 0.0059082091287062559 0.020019932309983356 -0.01664965557913866 0.02127591773967203 -0.017212790755052127 -0.00054000703292741265 -0.0060371178437303137 -0.032773879543058222 -0.0086434733398511442 0.0011887714725740098
leaf_weight=153.41740073915571 59.801622385159135 2106.9316732711159 13678.532156569883 4456.5919572138228 19364.830382456537 558.37592651089653 222.15833111619577 202.91443930659443 8.5515928678214532 58.376753016375005 1481.9374085129239 338.04153835307807 27.401104289572686 175.3087147846818 117.5301546966657
leaf_count=2441 1089 22649 220318 84625 327378 8565 4869 2907 111 1755 28960 7874 274 1600 2221
internal_value=-1.77872e-06 0.000199148 3.28108e-05 -0.00224232 0.000484728 0.00613835 0.00992474 -0.00356717 -0.00764214 -0.00189704 -0.00117189 -0.0100179 -0.0147058 -0.00285214 0.0025512
internal_weight=43010.7 40716.1 39606.9 6563.52 33043.4 1109.26 780.534 2294.55 667.038 1627.52 1540.31 540.956 87.2027 328.726 126.082
internal_count=717636 672445 654970 107274 547696 17475 13434 45191 13113 32078 30715 10781 1363 4041 2332
is_linear=0
shrinkage=0.03


Tree=99
num_leaves=16
num_cat=0
split_feature=9 10 7 7 10 7 9 7 10 7 7 7 7 7 10
split_gain=34.1503 82.5029 143.778 159.395 140.143 88.6823 167.328 130.29 71.793 136.294 150.704 133.333 128.969 135.847 103.332
threshold=-0.021832395754033281 5.5000000000000009 0.026476251631304074 0.037659729739515153 11.500000000000002 -0.063636436613844868 0.006699437944214349 0.020288782640264461 6.5000000000000009 -0.0577327146855433 0.10446158758816028 -0.06642749355352294 0.084689537127846451 -0.03096351912693179 8.5000000000000018
decision_type=2 2 2 2 2 2 2 2 2 2 2 2 2 2 2
left_child=8 5 4 -4 -3 6 -2 -7 9 11 -11 -1 13 -10 -14
right_child=1 2 3 -5 -6 7 -8 -9 12 10 -12 -13 14 -15 -16
leaf_value=0.001697518408768317 0.03478470226542784 0.0069236263913849674 -0.011085769052534432 0.00035089674684850449 -0.016804687422061756 -0.0066813137655377984 0.00080243035719541769 0.00053998983393193679 0.015988747585428769 0.0055210778548305936 -0.0066487919037285965 -0.018814069809244816 0.013945542341908208 -0.0034725304688791926 -0.00066431500425147858
leaf_weight=684.32797875721008 145.33783970586956 3818.7132521374151 1277.6142861619592 7748.6232442464679 237.97748304950073 5570.574094179552 1269.5334811266512 3770.7853341042064 337.73414307506755 7564.1608294770122 1041.9369388958439 489.05580958537757 846.73506873100996 7305.8490282101557 897.53815553896129
leaf_count=18069 2269 59852 18225 142055 6198 70189 16659 91921 6444 100739 30640 4589 14554 111189 24044
internal_value=-1.74771e-06 -0.000759779 0.000840472 -0.0012679 0.00553165 -0.00270618 0.00429314 -0.00376632 0.000941045 0.00273994 0.00404768 -0.00685153 -0.000932897 -0.00261263 0.00642785
internal_weight=43006.5 23839.2 13082.9 9026.24 4056.69 10756.2 1414.87 9341.36 19167.3 9779.48 8606.1 1173.38 9387.86 7643.58 1744.27
internal_count=717636 407368 226330 160280 66050 181038 18928 162110 310268 154037 131379 22658 156231 117633 38598
is_linear=0
shrinkage=0.03


Tree=100
num_leaves=16
num_cat=0
split_feature=0 8 8 9 8 9 10 9 9 8 5 10 8 4 2
split_gain=33.6757 40.2269 83.1121 55.3162 34.5548 41.3632 33.8444 18.2878 3.47617 1.70338 2.65262 1.77787 0.0534704 0.0328141 0.0299296
threshold=0.12945330820838183 25.204999923706058 24.97500038146973 0.56746320277959439 36.915000915527351 0.39471836451625392 6.5000000000000009 0.2209240964292857 0.90914133794846286 23.064999580383304 7.4808414109462396 2.5000000000000004 61.489999771118171 -0.014214531939184703 0.041444517978140756
decision_type=2 2 2 2 2 2 2 2 2 2 2 2 2 2 2
left_child=1 2 3 -1 5 -3 -4 -6 9 10 -2 -11 13 -10 -14
right_child=8 4 6 -5 7 -7 -8 -9 12 11 -12 -13 14 -15 -16
leaf_value=-8.1085706175038124e-05 -0.0072099685591529659 0.0080298419389387889 -0.037260156960139873 0.018195110879984901 -0.0031463154488938984 0.071542111639527062 0.0090849506799848059 -0.034729047738183597 -0.038097478567151462 0.010596335070750867 -0.014951966348175524 -0.019186343651556956 -0.041357647744321983 -0.022789255734708129 -0.050478398699497884
leaf_weight=41649.874235576019 99.56062933197245 755.43699757521972 74.957744979299605 149.58226569183171 116.5259718564339 9.3428529854863864 17.490558960475028 19.222849803511053 2.424932269379497 1.9072393109090615 66.390146049205214 33.294872905593365 0.9224201310425999 0.13293268252164026 0.49895610194653273
leaf_count=663567 2328 30676 729 1475 11390 378 1484 2173 364 124 882 1889 103 20 54
internal_value=-1.79522e-06 5.63335e-05 -7.85254e-05 -1.56831e-05 0.00632987 0.00880573 -0.028492 -0.00761862 -0.012128 -0.0115787 -0.0103072 -0.0175727 -0.0398943 -0.0373019 -0.0445594
internal_weight=42997.6 42792.4 41891.9 41799.5 900.529 764.78 92.4483 135.749 205.132 201.153 165.951 35.2021 3.97924 2.55786 1.42138
internal_count=717636 711872 667255 665042 44617 31054 2213 13563 5764 5223 3210 2013 541 384 157
is_linear=0
shrinkage=0.03


Tree=101
num_leaves=16
num_cat=0
split_feature=3 9 9 10 11 10 8 1 9 9 11 8 9 2 6
split_gain=32.5956 40.1701 44.4789 107.208 98.4788 40.5805 38.7987 16.5558 16.1456 17.2189 17.1438 4.24414 3.98528 2.97644 1.81658
threshold=0.063313037372653605 -0.18785404488743349 -0.080468742965251513 9.5000000000000018 1.5000000000000002 7.5000000000000009 14.324999809265138 -0.036522323603471157 0.011305193048461561 -0.24498171258407594 3.5000000000000004 18.329999923706058 -0.080468742965251513 0.020535736179440645 0.069933847707841237
decision_type=2 2 2 2 2 2 2 2 2 2 2 2 2 2 2
left_child=1 5 3 -3 -4 6 -1 12 9 -9 -10 -7 14 -14 -2
right_child=7 2 4 -5 -6 11 -8 8 10 -11 -12 -13 13 -15 -16
leaf_value=-0.0016496554852064508 -0.0016844543579051839 -0.00024385142436283931 0.0024331257125976141 -0.0096636034167800668 -0.00089231713586700168 -0.019787857734189011 0.011036052562661063 -0.014475076201139943 -0.009441685666643003 -0.00070275220414553453 0.0030533488355456422 0.002369132086932354 -0.010363820186558168 -0.029141059792016932 -0.036345568789319847
leaf_weight=308.1725676394999 1.5160446474328626 5183.9103475515731 13678.700272493996 1376.0586529741995 19355.589569184463 57.959869620855898 733.31421649176627 86.394145546946675 522.68145728623495 1504.3362471889704 121.86946159228683 8.9869678579270822 32.67290351446718 9.8996058749034983 13.29433149890974
leaf_count=3671 70 81783 220318 25491 327378 1409 11717 1339 10434 29611 2252 678 810 248 427
internal_value=-1.76012e-06 0.000194282 3.65933e-05 -0.0022198 0.000484668 0.00582706 0.00728239 -0.00348218 -0.00307372 -0.00145074 -0.00707917 -0.0168135 -0.0193933 -0.0147302 -0.0327975
internal_weight=42995.4 40702.7 39594.3 6559.97 33034.3 1108.43 1041.49 2292.66 2235.28 1590.73 644.551 66.9468 57.3829 42.5725 14.8104
internal_count=717636 672445 654970 107274 547696 17475 15388 45191 43636 30950 12686 2087 1555 1058 497
is_linear=0
shrinkage=0.03


Tree=102
num_leaves=16
num_cat=0
split_feature=9 10 8 8 8 8 9 10 7 7 8 7 8 9 10
split_gain=33.2742 82.618 177.124 108.204 131.821 93.76 70.8775 132.197 183.415 94.5389 120.051 96.5605 74.4447 57.8619 51.8541
threshold=-0.021832395754033281 10.500000000000002 11.025000095367433 11.965000152587892 15.980000019073488 12.715000152587892 -0.080468742965251513 9.5000000000000018 -0.012433950021172256 0.030117839541801587 12.625000000000002 0.076743773001661922 10.035000324249269 -0.0095998343235342825 9.5000000000000018
decision_type=2 2 2 2 2 2 2 2 2 2 2 2 2 2 2
left_child=6 2 14 13 -5 -4 7 8 -1 10 -8 -11 -9 -3 -2
right_child=1 3 5 4 -6 -7 9 12 -10 11 -12 -13 -14 -15 -16
leaf_value=-0.0051720485768861407 -0.018307577299319217 -0.0090148562590295651 0.0031969079235650171 -0.0015573777363460375 0.014950092953451006 -0.0018918079200297899 0.017352335736406863 0.021701788546748913 0.0046829249746232066 -0.0020370857631325759 0.0037817666537254941 0.0060591990174387808 -0.010793060151453433 0.021263635733973513 -0.0050844777213957717
leaf_weight=2905.5539124067873 675.85561687871814 66.159650072455406 4150.3653940935619 2395.6377785243094 532.07562772603706 15167.945910126437 704.75021684635431 66.468985855579376 4095.37909830641 4630.3139751548879 3502.3958755903877 1857.6773946275935 1398.1072055567056 401.61495739594102 441.10631417110562
leaf_count=33348 5745 383 46277 34205 26492 285840 8789 383 76161 69912 48598 44368 28709 4213 4213
internal_value=-1.72621e-06 -0.000750103 -0.00147013 0.0035833 0.00144265 -0.000798543 0.000929057 -0.00112181 0.000592876 0.00255237 0.00605501 0.000281087 -0.0093183 0.0169812 -0.0130856
internal_weight=42991.4 23830.8 20435.3 3395.49 2927.71 19318.3 19160.6 8465.51 7000.93 10695.1 4207.15 6487.99 1464.58 467.775 1116.96
internal_count=717636 407368 342075 65293 60697 332117 310268 138601 109509 171667 57387 114280 29092 4596 9958
is_linear=0
shrinkage=0.03


Tree=103
num_leaves=14
num_cat=0
split_feature=5 10 11 7 7 9 7 9 7 4 4 7 6
split_gain=32.7106 32.7769 54.8656 212.5 85.7436 46.7172 90.9315 50.3934 10.3719 4.3896 1.71736 0.745893 0.365164
threshold=1.0000000180025095e-35 3.5000000000000004 3.5000000000000004 -0.032411627424389793 -0.082040370655703396 0.17211080769888434 0.072142701279373958 0.15169192622109309 -0.049168444365212498 -0.057832322359162129 0.03953258106141478 0.053221239332109101 0.027636339268255487
decision_type=2 2 2 2 2 2 2 2 2 2 2 2 2
left_child=8 2 4 -4 -2 7 -7 -3 10 -10 12 -11 -1
right_child=1 5 3 -5 -6 6 -8 -9 9 11 -12 -13 -14
leaf_value=0.036844500835668273 0.013844419549091028 0.00033276710465802967 -0.024431770438721065 -0.00055340479500383193 -0.0011499584811560117 0.013533934738952206 -0.0035604239249562887 -0.011124810616375528 -0.042872092949150606 0.030066917005847269 0.013307577692789192 -0.0017626252712665588 0.029067261724952446
leaf_weight=24.453792482614521 359.70880708796903 31733.629711661953 439.17940561845899 1419.7767691775225 7492.9256183216348 667.52588736684993 482.48789023328573 349.28865688992664 2.3717647138983011 1.2554307095706456 3.6242776513099662 1.403228612616658 6.9856756520457557
leaf_count=270 6764 512473 5693 29855 137724 11314 7268 6071 33 25 35 35 76
internal_value=-1.76443e-06 -2.70513e-05 -0.00156022 -0.00619468 -0.000463105 0.000420984 0.006362 0.000208028 0.0270828 -0.0132015 0.0328622 0.0132674 0.0351164
internal_weight=42984.6 42944.5 9711.59 1858.96 7852.63 33232.9 1150.01 32082.9 40.0942 5.03042 35.0637 2.65866 31.4395
internal_count=717636 717162 180036 35548 144488 537126 18582 518544 474 93 381 60 346
is_linear=0
shrinkage=0.03


Tree=104
num_leaves=16
num_cat=0
split_feature=6 8 8 7 10 8 7 7 8 3 7 5 1 0 3
split_gain=32.069 46.0635 160.668 133.929 98.3496 99.846 74.0935 60.2108 26.6207 20.1715 20.2591 18.8341 9.22066 8.30921 7.80655
threshold=0.014832320666434974 15.045000076293947 14.835000038146974 -0.034893021972803577 6.5000000000000009 15.614999771118166 0.032045748727557728 0.045055087948850943 9.6950001716613787 0.094659065108951848 0.097299038997067946 0.56366283843653242 -0.01813346706240546 0.015786656662069982 0.038251470437621567
decision_type=2 2 2 2 2 2 2 2 2 2 2 2 2 2 2
left_child=1 2 3 -1 5 -3 -6 -4 11 10 -10 14 -13 -11 -2
right_child=8 4 7 -5 6 -7 -8 -9 9 13 -12 12 -14 -15 -16
leaf_value=0.0095278583201381228 -0.00319790649281265 0.010973450666049748 -0.02619297006225518 -0.00059261981912552984 0.014307123567536096 -0.00069170957569342467 0.0034445647987226815 -0.0010061657210781725 -0.0014076145474345885 0.025498534130406203 0.0016848729657010274 -0.01836804893868409 0.016245460335777791 -0.0062808662050543342 -0.049715345374830848
leaf_weight=1272.6190545856953 46.634064123034477 737.86839853320271 290.87407384160906 15635.266581298783 910.905306332279 6288.0724222436547 1488.8576515698805 120.9388321461156 13029.606018075719 7.4784887689165762 2233.3288479223847 7.2588522285222998 151.27645325660706 751.01081864954904 3.48989313840866
leaf_count=8258 267 12832 3388 186517 41208 128820 59028 4854 198780 215 56070 41 875 16463 20
internal_value=-1.74832e-06 0.000636647 -0.000281816 0.000169126 0.00232432 0.000533372 0.00756779 -0.0187963 -0.00105375 -0.00119241 -0.00095511 0.00959263 0.0146606 -0.00596753 -0.00643669
internal_weight=42975.5 26745.4 17319.7 16907.9 9425.7 7025.94 2399.76 411.813 16230.1 16021.4 15262.9 208.659 158.535 758.489 50.124
internal_count=717636 444905 203017 194775 241888 141652 100236 8242 272731 271528 254850 1203 916 16678 287
is_linear=0
shrinkage=0.03


Tree=105
num_leaves=16
num_cat=0
split_feature=9 9 9 9 8 10 8 9 8 7 7 7 7 8 4
split_gain=31.5705 195.673 165.318 159.833 108.124 51.0377 150.11 47.7129 38.0055 43.2953 31.2587 25.8787 16.8123 7.25376 0.536842
threshold=0.21062456473434024 0.20313850765176125 0.2851636982461771 0.33015515565565895 20.090000152587894 2.5000000000000004 15.164999961853029 0.17848837018481503 15.164999961853029 -0.10713815006275694 0.089798344527930021 0.19115302640589496 -0.037070744628548195 26.694999694824222 0.059023892749012437
decision_type=2 2 2 2 2 2 2 2 2 2 2 2 2 2 2
left_child=1 5 8 12 -5 6 -1 -7 10 -10 -2 13 -4 -3 -13
right_child=2 11 3 4 -6 7 -8 -9 9 -11 -12 14 -14 -15 -16
leaf_value=-0.0059263025155405118 0.025576682857209539 -0.036612782991253999 -0.03603486679011262 -0.012700418576382683 0.012607686054610221 0.0002954245673762383 0.0041913219809012687 0.01216116596470497 0.023249782401591205 0.0033714800100147057 -0.0065378530271529602 0.043419979127423056 -0.019534127182174333 -0.0075131127070343934 0.024096297705882768
leaf_weight=4012.9958653678186 272.01351408241317 149.96299976762384 80.833678793627769 241.97113024722785 408.28736763354391 34817.096501258668 1966.4706596485339 307.68734584888443 136.13630565907806 357.74519108003005 30.318152323365211 2.2623016946017733 177.83232092717662 8.1273868829011899 3.0228435844182968
leaf_count=49525 2285 1884 1502 3421 7184 569036 62344 5323 1512 9065 383 161 3412 383 216
internal_value=-1.7443e-06 -0.000167032 0.00399853 -0.00474429 0.00319015 -3.67955e-05 -0.00259891 0.000399367 0.013979 0.00885085 0.0223562 -0.0329337 -0.0246906 -0.0351168 0.0323678
internal_weight=42972.8 41267.6 1705.14 908.924 650.258 41104.3 5979.47 35124.8 796.213 493.881 302.332 163.376 258.666 158.09 5.28515
internal_count=717636 688872 28764 15519 10605 686228 111869 574359 13245 10577 2668 2644 4914 2267 377
is_linear=0
shrinkage=0.03


Tree=106
num_leaves=16
num_cat=0
split_feature=9 10 9 9 7 9 10 7 7 11 7 9 7 7 7
split_gain=31.8587 76.0155 82.6948 182.441 162.684 66.0555 125.814 172.997 88.9392 128.171 94.273 49.3117 43.8149 59.9409 41.3083
threshold=-0.021832395754033281 10.500000000000002 -0.0070679743913715223 0.0013420473401838386 -0.062857639786137773 -0.080468742965251513 9.5000000000000018 -0.012433950021172256 0.031728879549239981 1.5000000000000002 0.076743773001661922 -0.08278949873472756 -0.0021920379219473869 0.013054558192188483 -0.0097051022162459848
decision_type=2 2 2 2 2 2 2 2 2 2 2 2 2 2 2
left_child=5 2 4 -4 -2 6 7 -1 9 -7 -10 -8 14 -14 -3
right_child=1 12 3 -5 -6 8 11 -9 10 -11 -12 -13 13 -15 -16
leaf_value=-0.0050031599061099935 0.029132754239020568 -0.0030246568770104054 0.011248300692360569 -0.0015944354075026269 -0.01056766946237938 0.011753675150243077 -0.0063632160889414225 0.0045705907020673628 -0.0021902405595338884 0.0013844687807115052 0.0058572622236199058 -0.02026584112489566 -0.014462812097127685 0.0035753883110980354 0.026902346523250062
leaf_weight=2902.3277926039882 99.180909647606313 60.910578769631684 1054.5296418429352 17790.917789616156 1466.0449816142209 1851.9712046687491 1176.5811208621599 4096.1155539690517 4433.6119429869577 2550.1916482355446 1859.6161463730969 285.28937686793506 175.39413053216413 3030.4262896841392 130.32617778657004
leaf_count=33348 1880 4275 19410 290944 29841 23114 25277 76161 67621 36564 44368 3815 4368 54083 2567
internal_value=-1.76578e-06 -0.00073455 -0.00142612 -0.000875798 -0.00805204 0.000908977 -0.00107178 0.000600256 0.00247581 0.00574675 0.000187755 -0.00907636 0.00342064 0.0025885 0.0173703
internal_weight=42963.4 23807.7 20410.7 18845.4 1565.23 19155.7 8460.31 6998.44 10695.4 4402.16 6293.23 1461.87 3397.06 3205.82 191.237
internal_count=717636 407368 342075 310354 31721 310268 138601 109509 171667 59678 111989 29092 65293 58451 6842
is_linear=0
shrinkage=0.03


Tree=107
num_leaves=16
num_cat=0
split_feature=0 8 8 8 11 8 9 9 9 0 9 10 8 5 4
split_gain=31.4041 40.9419 79.2337 48.4759 38.3529 28.8983 35.8148 15.784 6.62252 5.17082 4.82502 1.65311 0.146214 0.0370612 0.0325966
threshold=0.1049423922833332 25.204999923706058 24.97500038146973 24.644999504089359 1.5000000000000002 36.915000915527351 0.39471836451625392 0.90914133794846286 0.90914133794846286 0.12945330820838183 0.39471836451625392 1.5000000000000002 61.489999771118171 2.2920842092363696 -0.011069125991143123
decision_type=2 2 2 2 2 2 2 2 2 2 2 2 2 2 2
left_child=1 2 3 -1 -4 6 -3 -7 9 10 -2 -11 14 -14 -10
right_child=8 5 4 -5 -6 7 -8 -9 12 11 -12 -13 13 -15 -16
leaf_value=-6.392375334641199e-05 -0.0052959585368476478 0.0080000280074926482 0.0079648741916158797 0.015209325100760895 -0.038667309171837382 -0.004099045660768747 0.067816425873690508 -0.048597572462200804 -0.037552705848140445 -0.0017534332810677309 0.020762822081274737 -0.011974772715633235 -0.048060476667797267 -0.034965216924361775 -0.022201155253888376
leaf_weight=41378.318362569436 210.31096766702831 741.6114879543893 20.52884236164391 187.87663749605417 69.995760872960091 118.47539263963699 9.1195241007953864 7.6365150380879632 2.872970752883703 15.428524605464188 6.5954487854614845 184.96008385624737 2.1419546371325855 0.21393316332250822 0.13012094516307016
leaf_count=656884 5165 30251 1797 4106 376 11738 362 792 421 323 242 4900 235 24 20
internal_value=-1.76856e-06 7.90904e-05 -5.59482e-05 5.11039e-06 -0.0280922 0.00649445 0.00872665 -0.00679359 -0.00813896 -0.00771341 -0.00450359 -0.0111878 -0.0412766 -0.0468713 -0.0368875
internal_weight=42956.2 42533.6 41656.7 41566.2 90.5246 876.843 750.731 126.112 422.654 417.295 216.906 200.389 5.35898 2.35589 3.00309
internal_count=717636 706306 663163 660990 2173 43143 30613 12530 11330 10630 5407 5223 700 259 441
is_linear=0
shrinkage=0.03


Tree=108
num_leaves=14
num_cat=0
split_feature=5 7 7 7 10 7 8 9 8 4 4 6 6
split_gain=30.462 30.7933 205.009 150.017 131.845 103.78 89.3077 64.5695 11.9763 2.68937 1.60199 0.887683 0.305608
threshold=1.0000000180025095e-35 -0.0097051022162459848 -0.026479231941803513 0.0030690030408574436 6.5000000000000009 0.013054558192188483 17.925000190734867 0.17848837018481503 13.769999980926515 -0.057832322359162129 0.03953258106141478 0.037576746543732061 0.027636339268255487
decision_type=2 2 2 2 2 2 2 2 2 2 2 2 2
left_child=8 2 4 7 -2 -5 -4 -3 10 -10 12 -11 -1
right_child=1 3 6 5 -6 -7 -8 -9 9 11 -12 -13 -14
leaf_value=0.036276914903269779 -0.00085285975784807095 0.0068908092613782319 -0.011737617936755446 -0.0070363385145510229 0.0092533087419201278 0.00047651934901559199 0.010626984955325047 0.023168451652928034 -0.042277487492948872 0.017669255699364929 0.014206551686118464 -0.02529714456226102 0.029178532128040516
leaf_weight=23.760676715523008 9066.3178131878376 1167.1553662479855 1912.637440867722 1761.8762076818384 1332.5688732005656 27228.313778721262 175.43753459025174 270.07542261015624 2.3325536455959082 1.4408964626491063 3.8858331441879264 0.61852074041962612 7.0867883302271357
leaf_count=271 98845 30800 25405 32833 16833 496914 12873 2659 33 38 39 15 78
internal_value=-1.73159e-06 -2.58544e-05 -0.0012803 0.000488952 0.000442199 1.99261e-05 -0.00985857 0.0099496 0.0264573 -0.0202191 0.0323594 0.00476482 0.0346462
internal_weight=42953.5 42914.4 12487 30427.4 10398.9 28990.2 2088.07 1437.23 39.1253 4.39197 34.7333 2.05942 30.8475
internal_count=717636 717162 153956 563206 115678 529747 38278 33459 474 86 388 53 349
is_linear=0
shrinkage=0.03


Tree=109
num_leaves=16
num_cat=0
split_feature=9 8 10 8 7 7 7 8 8 7 7 7 8 8 10
split_gain=30.5372 72.0415 158.235 100.616 163.46 83.2407 66.3316 63.2754 62.8498 94.4116 205.772 97.0879 77.4544 101.74 56.1742
threshold=-0.020427742652172672 10.944999694824221 9.5000000000000018 12.59500026702881 0.019738000221323663 0.050977940894323955 0.049748482609811025 12.675000190734865 17.069999694824222 -0.052327299980846724 -0.045597680991572291 -0.082040370655703396 18.675000190734867 18.884999275207523 4.5000000000000009
decision_type=2 2 2 2 2 2 2 2 2 2 2 2 2 2 2
left_child=8 2 6 4 -3 -4 -2 -5 9 11 -11 -1 14 -14 -10
right_child=1 3 5 7 -6 -7 -8 -9 12 10 -12 -13 13 -15 -16
leaf_value=0.032696239249007664 -0.023680147400627145 0.016982816472098355 0.0098121615200203096 -0.015237837863218476 0.0012514932949736128 -0.013613599362995308 -0.0026686018843875836 -0.0011559654600085097 0.0014597397377936203 0.033244142528525845 0.0002030853417064267 -0.012897793861353729 -0.018530339415633756 0.0028452189217135875 0.013062484353926943
leaf_weight=44.642999812960625 481.68506673723459 692.46383167803288 464.81614574044943 292.09805082622916 4200.3990467968397 193.287493750453 187.99782027676702 17062.680832465645 566.194867068436 171.60642998665571 14783.962526818737 718.98578181117773 226.37759899208322 1746.4758853348903 1115.2693941704929
leaf_count=383 3447 5362 3447 3810 45544 1915 2298 336605 5336 1149 202785 4979 2240 76783 21553
internal_value=-1.72358e-06 -0.000726884 -0.00751518 -0.000321744 0.00347787 0.00293193 -0.0177816 -0.00139298 0.000880717 5.68504e-05 0.000582212 -0.0102323 0.00442461 0.000392453 0.00915552
internal_weight=42948.9 23575.4 1327.79 22247.6 4892.86 658.104 669.683 17354.8 19373.5 15719.2 14955.6 763.629 3654.32 1972.85 1681.46
internal_count=717636 402428 11107 391321 50906 5362 5745 340415 315208 209296 203934 5362 105912 79023 26889
is_linear=0
shrinkage=0.03


Tree=110
num_leaves=16
num_cat=0
split_feature=9 9 9 9 9 1 3 7 7 8 4 1 7 3 4
split_gain=29.9705 30.095 184.436 150.192 150.766 43.3552 35.973 24.5464 8.27225 8.82216 7.81227 2.69646 2.54617 0.326246 0.243858
threshold=-0.30442646982717225 0.21062456473434024 0.20313850765176125 0.2851636982461771 0.33015515565565895 -0.026900750991737037 -0.012419888754462758 0.19115302640589496 0.081407955603235341 16.464999198913578 -0.0031573473453043173 -0.010948905109489083 0.099909881366515588 0.017244648375839059 0.036013032762583504
decision_type=2 2 2 2 2 2 2 2 2 2 2 2 2 2 2
left_child=8 2 5 6 -5 -2 -3 -4 9 13 11 -10 -12 -1 -11
right_child=1 3 7 4 -6 -7 -8 -9 10 14 12 -13 -14 -15 -16
leaf_value=-0.01919320740060073 -0.003515658241179458 0.017896103173730828 -0.034427189730611533 -0.023983388556997574 0.0031974963167680343 0.00020063087631766823 0.0043994539852741637 0.031226214992969879 0.0078671002414011128 0.02868897288733142 0.023251957886097824 0.03636974986832299 0.0097856130825841985 -0.03356631089177893 0.013653234830541447
leaf_weight=2.0129672568291408 3052.7333359173499 529.46606284566224 155.54646997991949 256.12736522126943 649.14911076240242 37922.304135860875 267.54226666828617 5.2998880157247177 3.4173808842897442 3.2637967076152563 17.502360634505749 23.731357052922249 45.454429619014263 4.835549796000123 1.3818156048655508
leaf_count=321 58605 8172 2267 4914 10605 624679 5073 377 44 506 227 306 572 756 212
internal_value=-1.74521e-06 -4.03436e-05 -0.000202099 0.00386849 -0.00449272 -7.62411e-05 0.0133655 -0.0322639 0.0162728 -0.00769485 0.0193301 0.0327819 0.0135293 -0.0293417 0.0242167
internal_weight=42939.8 42838.2 41135.9 1702.28 905.276 40975 797.008 160.846 101.6 11.4941 90.1055 27.1487 62.9568 6.84852 4.64561
internal_count=717636 714692 685928 28764 15519 683284 13245 2644 2944 1795 1149 350 799 1077 718
is_linear=0
shrinkage=0.03


Tree=111
num_leaves=16
num_cat=0
split_feature=6 8 8 9 7 8 9 7 8 3 7 5 1 2 3
split_gain=29.6994 42.0086 149.416 141.353 124.516 95.0839 79.1179 56.9776 24.7652 18.7297 17.9112 17.6537 8.68114 8.35739 7.44146
threshold=0.014832320666434974 15.045000076293947 14.835000038146974 0.067499700542040034 -0.034893021972803577 15.490000247955324 0.13025815809545596 0.045055087948850943 9.6950001716613787 0.094659065108951848 0.097299038997067946 0.56366283843653242 -0.01813346706240546 0.019073093154003146 0.038251470437621567
decision_type=2 2 2 2 2 2 2 2 2 2 2 2 2 2 2
left_child=1 2 4 5 -1 -3 -5 -4 11 10 -10 14 -13 -11 -2
right_child=8 3 7 6 -6 -7 -8 -9 9 13 -12 12 -14 -15 -16
leaf_value=0.0091995345848650927 -0.0031447099284582138 0.015062116488174413 -0.025461285766951686 -0.0080508878937544763 -0.00056575887113054896 0.0035373308670160306 0.0013369720092245617 -0.00090843588009577173 -0.0013460450713416992 -0.0032907028935828162 0.0015614953885150699 -0.01796707594889526 0.015671010586099644 -0.0097869308343257362 -0.048803437687981933
leaf_weight=1270.7337491512299 46.587640285491943 731.40419114008546 287.50930984830484 1446.1986418720335 15624.910408595577 5409.6421418203972 1830.7170871919952 120.80539460433647 13012.52421338344 469.99414631491527 2234.2556232474744 7.2342083454132071 151.67976397275925 287.11574790347368 3.4505101591348639
leaf_count=8258 267 13507 3388 38340 186517 152149 37892 4854 198780 9941 56070 41 875 6737 20
internal_value=-1.73311e-06 0.000612858 -0.000264672 0.00222518 0.000168696 0.00490994 -0.00280616 -0.018197 -0.0010147 -0.00114867 -0.000919976 0.0092466 0.0141397 -0.00575424 -0.00629323
internal_weight=42934.8 26721.9 17304 9417.96 16895.6 6141.05 3276.92 408.315 16212.8 16003.9 15246.8 208.952 158.914 757.11 50.0382
internal_count=717636 444905 203017 241888 194775 165656 76232 8242 272731 271528 254850 1203 916 16678 287
is_linear=0
shrinkage=0.03


Tree=112
num_leaves=16
num_cat=0
split_feature=0 8 8 7 7 8 7 3 7 6 4 5 8 8 0
split_gain=28.9813 34.2455 76.5535 46.8543 37.5689 30.0637 34.1427 7.35113 6.07028 2.86849 3.94119 3.18999 2.10614 4.82533 1.97316
threshold=0.12945330820838183 25.204999923706058 24.97500038146973 -0.068873503122694288 -0.047118301419243939 36.915000915527351 -0.10713815006275694 -0.073193885547109414 0.018478898210030351 0.13766045880585845 0.11381659785662791 2.2920842092363696 19.809999465942386 13.769999980926515 0.15813606532453914
decision_type=2 2 2 2 2 2 2 2 2 2 2 2 2 2 2
left_child=1 2 3 -1 -4 6 -3 -7 9 11 -11 -2 13 -10 -14
right_child=8 5 4 -5 -6 7 -8 -9 12 10 -12 -13 14 -15 -16
leaf_value=0.0056861750813057737 -0.011053410487693323 0.020240147004742744 -0.038153925272148094 -0.00018968799793496238 0.0076755544743279955 -0.021715479430057371 0.0048257921621072944 -0.0038102139717399652 -0.011162690672948816 0.015774007413988104 -0.014182730739798298 -0.025321104226828036 -0.0047545215062677771 0.0028681926917391142 -0.022029108223551943
leaf_weight=1259.3698404151946 21.154716576915234 165.19066053815186 69.855168923735619 40481.684304280207 20.919241226278245 25.399072647560388 595.69008428277448 110.05403710110113 46.42040627123788 4.7874491335824159 22.665517691988498 42.311745484359562 10.565650927834213 42.035688081290573 13.625374765601009
leaf_count=14439 1686 4457 380 650603 1833 2765 26597 10798 644 196 347 909 466 1082 434
internal_value=-1.73415e-06 5.20664e-05 -7.22554e-05 -1.24073e-05 -0.0275924 0.00585416 0.00817232 -0.00716766 -0.0112944 -0.0170607 -0.00895866 -0.0205654 -0.0066402 -0.004495 -0.0144843
internal_weight=42931.7 42728.2 41831.8 41741.1 90.7744 896.334 760.881 135.453 203.567 90.9194 27.453 63.4665 112.647 88.4561 24.191
internal_count=717636 711872 667255 665042 2213 44617 31054 13563 5764 3138 543 2595 2626 1726 900
is_linear=0
shrinkage=0.03


Tree=113
num_leaves=16
num_cat=0
split_feature=7 7 10 7 8 4 8 8 8 7 8 7 7 7 10
split_gain=27.9904 83.9878 96.6829 134.707 123.438 74.4444 48.7582 46.2279 41.89 38.32 84.7522 73.0638 7.56634 5.93869 3.41425
threshold=0.070607989530113172 0.062404035955040078 7.5000000000000009 0.027342339511216677 11.835000038146974 -0.047906460151634793 10.550000190734865 17.925000190734867 24.280000686645511 0.12686571895844226 15.555000305175783 0.12009349029728102 0.2116550972318402 0.21872189370748532 9.5000000000000018
decision_type=2 2 2 2 2 2 2 2 2 2 2 2 2 2 2
left_child=1 2 4 -4 -1 7 -7 -3 9 11 -11 -2 14 -14 -10
right_child=8 5 3 -5 -6 6 -8 -9 12 10 -12 -13 13 -15 -16
leaf_value=-0.007768369839463979 0.0013529640988239966 -0.022125995101116749 0.0079593437812774965 0.00020927208852491956 -0.00037755236190222912 -0.035794462647007988 -0.0028362350260941614 0.01576635642202405 0.030834776091357867 -0.0070142611864920995 0.0047147581540101348 0.011928875326502626 0.0011113226812466022 0.023946339258864392 0.011775535433633969
leaf_weight=2273.7584433043376 6465.1831993493252 326.37190246349201 2827.149885807652 7056.5675881518982 19271.433449735865 41.443520858883858 1601.6787679637782 31.799597133416682 49.000736203975976 1337.3369769770652 947.14592134486884 646.71623431146145 23.953863635659218 17.917125356383622 10.224170529283581
leaf_count=24056 120422 3845 63916 101356 271528 250 28974 1199 1532 28342 55376 13405 1532 1149 754
internal_value=-1.69153e-06 -0.000410003 -3.05569e-05 0.00242611 -0.00115754 -0.00636894 -0.00366752 -0.0187618 0.00143553 0.00122887 -0.00215141 0.00231468 0.0206437 0.0108827 0.0275445
internal_weight=42927.7 33430.2 31428.9 9883.72 21545.2 2001.29 1643.12 358.171 9497.48 9396.38 2284.48 7111.9 101.096 41.871 59.2249
internal_count=717636 495124 460856 165272 295584 34268 29224 5044 222512 217545 83718 133827 4967 2681 2286
is_linear=0
shrinkage=0.03


Tree=114
num_leaves=16
num_cat=0
split_feature=3 5 8 5 4 8 7 1 2 8 7 0 7 7 8
split_gain=27.9574 32.2627 38.6325 30.003 31.1749 23.86 22.9111 15.4325 13.7387 10.4065 8.9671 8.28517 3.9433 3.97508 2.11496
threshold=0.063313037372653605 0.54834405908694606 9.6950001716613787 1.0000000180025095e-35 -0.0039403291665004439 25.204999923706058 0.046560036116797272 -0.036522323603471157 0.012610863746012143 13.769999980926515 0.012173943245807785 0.01405407673603775 0.024152370197684462 0.026831440884087402 13.635000228881838
decision_type=2 2 2 2 2 2 2 2 2 2 2 2 2 2 2
left_child=1 3 6 9 -5 -4 -3 12 11 -1 -10 -9 14 -14 -2
right_child=7 2 5 4 -6 -7 -8 8 10 -11 -12 -13 13 -15 -16
leaf_value=0.031371624683095248 -0.044268077289141644 0.027738447697814587 0.0004539349817247022 -0.0030419700313816375 0.00010157490644386749 0.0061075397231271011 0.0071279111436285793 0.020482456843207118 -0.0090465502947565217 -0.018946078698139222 -0.0032424000723710175 -0.00094664546118895007 0.034227896696145961 -0.014163301370004999 -0.023028680195550093
leaf_weight=33.049556143581867 5.4053599252365556 57.230008155107498 27927.530353339855 4953.749953200575 6651.8448152188212 688.39354674331844 319.71786947548389 16.464088321663439 378.74015641584992 4.1654215902090064 651.90756314154714 1183.1661914680153 1.6076931599527586 30.727866612374783 19.23318879911676
leaf_count=384 34 307 444612 80361 113888 30959 1851 367 6635 83 15618 21016 23 891 607
internal_value=-1.69521e-06 0.000179952 0.000715626 -0.00115398 -0.00124022 0.00058994 0.0102571 -0.00322887 -0.00283501 0.0257396 -0.0053753 -0.000652546 -0.0186467 -0.0117573 -0.0276883
internal_weight=42922.9 40635.7 28992.9 11642.8 11605.6 28615.9 376.948 2287.25 2230.28 37.215 1030.65 1199.63 56.9741 32.3356 24.6385
internal_count=717636 672445 477729 194716 194249 475571 2158 45191 43636 467 22253 21383 1555 914 641
is_linear=0
shrinkage=0.03


Tree=115
num_leaves=16
num_cat=0
split_feature=9 8 8 8 7 8 9 11 7 9 7 7 9 9 7
split_gain=28.9216 67.879 120.122 97.1871 150.429 59.4335 59.1005 102.36 134.09 105.607 76.4627 89.6043 47.2754 42.508 12.426
threshold=-0.020427742652172672 10.944999694824221 9.6950001716613787 12.59500026702881 0.019738000221323663 12.675000190734865 -0.080468742965251513 1.5000000000000002 -0.039714611885107103 -0.15448477574261296 -0.09043602802703686 0.030117839541801587 0.026328657579951734 -0.050767386668883856 0.047945214177757219
decision_type=2 2 2 2 2 2 2 2 2 2 2 2 2 2 2
left_child=6 2 14 4 -3 -5 7 9 -9 -1 13 -12 -4 -8 -2
right_child=1 3 12 5 -6 -7 10 8 -10 -11 11 -13 -14 -15 -16
leaf_value=0.0054201794405859018 0.024437116296845193 0.016357951591342925 -0.0052026895860726886 -0.014811286970575427 0.0012804542513480174 -0.0011391247902503001 -0.034662430584449413 -0.01126411704494521 0.0034354700739456859 -0.0078753748522884543 0.0059959699063545377 0.00039068506386759117 -0.017501228539200091 0.0064530066898335122 0.0086965032589258005
leaf_weight=676.24967711418867 71.343873172998428 693.97510197758675 590.08007132261992 291.03800576925278 4198.8709046975709 17050.839248775505 77.400713374838233 637.37132363859564 4513.6702183531597 2623.9107863735408 4197.446451541502 6606.5622039334849 537.56869443506002 31.982119105756283 122.87673263251781
leaf_count=12049 383 5362 5362 3810 45544 336605 1131 12093 72788 41671 55883 118078 4596 1515 766
internal_value=-1.64693e-06 -0.000707712 -0.00731243 -0.000315057 0.00341897 -0.00136858 0.000857266 -0.00102609 0.0016166 -0.00515093 0.00231572 0.00256838 -0.0110656 -0.0226408 0.0144786
internal_weight=42921.2 23556.6 1321.87 22234.7 4892.85 17341.9 19364.6 8451.2 5151.04 3300.16 10913.4 10804 1127.65 109.383 194.221
internal_count=717636 402428 11107 391321 50906 340415 315208 138601 84881 53720 176607 173961 9958 2646 1149
is_linear=0
shrinkage=0.03


Tree=116
num_leaves=16
num_cat=0
split_feature=9 9 9 9 9 3 7 4 7 7 6 1 0 0 6
split_gain=28.0316 46.8322 53.9762 147.237 101.743 9.12026 5.84475 3.3132 0.484149 0.221948 0.116663 0.279263 0.082691 0.0653729 0.000926255
threshold=0.90914133794846286 0.56746320277959439 0.2851636982461771 0.21062456473434024 0.33015515565565895 -0.052327096393019294 -0.041638968223972221 0.0094350380674722584 -0.21139297599414056 -0.2598207951683007 0.065468351154500795 -0.028070779599435772 0.067602596122838962 0.12945330820838183 0.068489563779311383
decision_type=2 2 2 2 2 2 2 2 2 2 2 2 2 2 2
left_child=1 2 3 -1 -4 6 -3 -7 9 14 12 -12 -10 -11 -2
right_child=8 5 4 -5 -6 7 -8 -9 10 13 11 -13 -14 -15 -16
leaf_value=-0.00015471732027264487 -0.044191848925395419 0.028804631583337448 -0.023455796067282639 0.012876092025462532 3.383027656714752e-05 0.0057963439322358101 0.0049605440260616423 0.017549844186064961 -0.047605727215793966 -0.055767119157601679 0.0047259769852585265 -0.036226971314517374 -0.037886535258976839 -0.040652140782656977 -0.04302713093596261
leaf_weight=41215.140657718293 2.425354260951281 55.038579056039453 254.27004707464948 795.4596862248145 477.82575929211453 57.649196865502745 11.121885089203714 34.504435406066477 0.98402128368615915 3.434931294061244 0.184844093862921 0.79181203432381142 3.9518103720620275 0.27840107958763827 0.82304995227605093
leaf_count=688872 279 1051 4914 13245 6846 556 290 370 101 345 19 97 529 28 94
internal_value=-1.67386e-06 1.16084e-05 -4.87153e-05 9.20176e-05 -0.00812454 0.0162982 0.0247963 0.0101971 -0.0442625 -0.0496239 -0.0379496 -0.0284761 -0.0398242 -0.0546339 -0.0438967
internal_weight=42913.9 42901 42742.7 42010.6 732.096 158.314 66.1605 92.1536 12.8742 6.96174 5.91249 0.976656 4.93583 3.71333 3.2484
internal_count=717636 716144 713877 702117 11760 2267 1341 926 1492 746 746 116 630 373 373
is_linear=0
shrinkage=0.03


Tree=117
num_leaves=16
num_cat=0
split_feature=6 10 7 10 7 9 9 7 9 9 7 9 10 9 9
split_gain=27.7362 33.5487 75.2743 101.425 96.9454 61.2851 71.4856 61.2777 21.3575 88.3457 124.221 46.9369 68.5173 30.0492 20.4935
threshold=0.0010416604487398231 5.5000000000000009 0.030117839541801587 6.5000000000000009 0.0076333903834137082 0.003941192772689118 0.21062456473434024 0.10661354110774914 0.0029909993320984545 0.030764420806422724 0.010761037872013548 -0.0070679743913715223 5.5000000000000009 -0.010677430362284633 0.050606722823219992
decision_type=2 2 2 2 2 2 2 2 2 2 2 2 2 2 2
left_child=1 5 4 -4 -3 7 -7 -1 11 10 -10 13 -13 -2 -11
right_child=8 2 3 -5 -6 6 -8 -9 9 14 -12 12 -14 -15 -16
leaf_value=0.00339275991995542 -0.00028975045523363683 0.00149883152604178 0.0092681421121982039 -0.00095580550374835618 0.010809426670305489 -0.0046458889914044255 0.0050206562650194093 -0.0082937238560274792 -0.016183646927824445 0.0030114407769143712 -0.0017340318764192044 0.016315258766033042 -0.00067205112943724121 -0.013528734787709541 -0.0010113842733410273
leaf_weight=3516.1372493230738 10511.871506372467 2726.7263500271365 977.41674402309582 8195.8674902920611 1595.4079184723087 3995.9165367726237 831.85747613711283 456.20300766825676 835.72620698669925 1451.8915445725434 1490.311969849281 380.30477924551815 487.77935817651451 156.5984526318498 5300.7206505453214
leaf_count=58688 170119 41871 17741 139086 22296 67540 13243 14129 9686 24301 27758 5539 9462 4717 91460
internal_value=-1.63975e-06 0.00073177 0.0016715 0.00013356 0.00493561 -0.000709346 -0.00298028 0.00205063 -0.000794829 -0.00188333 -0.00692566 6.17654e-05 0.00677003 -0.000484081 -0.000146429
internal_weight=42910.7 22295.5 13495.4 9173.28 4322.13 8800.11 4827.77 3972.34 20615.2 9078.65 2326.04 11536.6 868.084 10668.5 6752.61
internal_count=717636 374594 220994 156827 64167 153600 80783 72817 343042 153205 37444 189837 15001 174836 115761
is_linear=0
shrinkage=0.03


Tree=118
num_leaves=16
num_cat=0
split_feature=7 7 10 7 8 9 10 7 8 9 9 7 9 8 9
split_gain=27.7362 77.9697 88.9079 118.161 115.434 71.9653 66.2549 39.3332 39.2998 43.1646 102.833 51.2624 11.7535 3.58379 3.14125
threshold=0.070607989530113172 0.062404035955040078 7.5000000000000009 0.027342339511216677 11.835000038146974 0.030764420806422724 9.5000000000000018 0.063369010529924177 24.550000190734867 0.16220059419294255 0.19336032488103219 0.12686571895844226 0.0055536385631630445 25.355000495910648 0.17211080769888434
decision_type=2 2 2 2 2 2 2 2 2 2 2 2 2 2 2
left_child=1 2 4 -4 -1 6 -3 -7 9 11 -11 -2 13 -10 -14
right_child=8 5 3 -5 -6 7 -8 -9 12 10 -12 -13 14 -15 -16
leaf_value=-0.0075286226661565757 0.0031351042371975529 0.0020360320660227395 0.007489304746276528 0.00023440680358197946 -0.00037077488486690873 -0.0093886779057085114 -0.014023948728903926 0.0062505526530230136 -0.021472169955385263 -0.025750590411815256 0.0012871603052409056 -0.0021075956218448984 0.023651724698218343 0.011037574387217886 0.040617038288167422
leaf_weight=2266.3320606001653 6528.7771280356683 300.57189847063273 2831.5155597138219 7054.0188026344404 19260.345888610464 205.34013258293271 1001.5579638271593 490.37589911418036 6.1805445328354818 176.75618715584278 446.15014905761927 2259.4367078691721 60.505263133905828 6.0286130160093307 11.726096334867178
leaf_count=24056 126550 10801 63916 101356 271528 1915 12189 9363 383 2681 6885 82578 2286 383 766
internal_value=-1.63897e-06 -0.000408278 -4.27865e-05 0.00231243 -0.00112435 -0.00615492 -0.0103168 0.00163464 0.00142912 0.0012463 -0.00638508 0.00178721 0.0218043 -0.00541957 0.0264059
internal_weight=42905.6 33410.1 31412.2 9885.53 21526.7 1997.85 1302.13 695.716 9495.56 9411.12 622.906 8788.21 84.4405 12.2092 72.2314
internal_count=717636 495124 460856 165272 295584 34268 22990 11278 222512 218694 9566 209128 3818 766 3052
is_linear=0
shrinkage=0.03


Tree=119
num_leaves=16
num_cat=0
split_feature=0 8 8 9 7 11 8 7 7 9 8 9 9 0 7
split_gain=27.5811 33.8248 68.7115 44.1341 34.3457 24.9278 42.9109 33.5598 6.42826 4.23513 4.56678 4.17545 6.83207 4.02856 0.122607
threshold=0.1049423922833332 25.204999923706058 24.97500038146973 0.56746320277959439 -0.047118301419243939 3.5000000000000004 29.390000343322757 0.033226756783774854 -0.032411627424389793 -0.21865946818898443 16.82499980926514 0.90914133794846286 0.39471836451625392 0.15813606532453914 -0.21139297599414056
decision_type=2 2 2 2 2 2 2 2 2 2 2 2 2 2 2
left_child=1 2 3 -1 -4 6 -3 -7 11 10 -10 12 -2 -11 -13
right_child=8 5 4 -5 -6 7 -8 -9 9 13 -12 14 -14 -15 -16
leaf_value=-5.0625082258483591e-05 -0.014906759319806081 0.013032834083846279 -0.036939221058339113 0.016494718911702462 0.0073868774993261664 -0.010200082914657987 -0.0030497373087078426 0.031668572543316724 -0.0070779423171686111 -0.0040871981207204642 0.034656747625633096 -0.045086646047668072 0.00932645245751881 -0.012523229531935237 -0.035802984306586343
leaf_weight=41372.414460380562 100.67125501576811 505.46326686767861 67.223605915904045 145.61009350605309 20.539301925338805 136.87573426403105 211.91253559710458 19.711221516598016 4.5780844865366799 227.92488069273531 4.8697507036849856 2.2944367881864309 11.686074638273565 65.612768752034754 2.8967534033581606
leaf_count=659555 3030 14964 376 1435 1797 7001 19701 1477 72 5420 67 259 526 1515 441
internal_value=-1.64269e-06 7.40417e-05 -4.86507e-05 7.40198e-06 -0.0265655 0.00591492 0.00828205 -0.00492964 -0.00764681 -0.00533653 0.0144336 -0.0136016 -0.0123863 -0.00597286 -0.0399062
internal_weight=42900.3 42479.8 41605.8 41518 87.7629 873.963 717.376 156.587 420.534 302.985 9.44784 117.549 112.357 293.538 5.19119
internal_count=717636 706306 663163 660990 2173 43143 34665 8478 11330 7074 139 4256 3556 6935 700
is_linear=0
shrinkage=0.03


Tree=120
num_leaves=16
num_cat=0
split_feature=9 9 9 9 10 8 4 0 2 1 8 2 5 11 5
split_gain=26.9967 26.1276 41.5915 51.2342 7.79849 8.3101 7.45028 5.1144 2.96605 2.61044 0.450715 0.263484 0.198827 0.183266 0.130979
threshold=-0.30442646982717225 0.90914133794846286 0.56746320277959439 0.2851636982461771 5.5000000000000009 16.464999198913578 -0.0031573473453043173 0.024886550119295508 0.0042054118214909465 -0.010948905109489083 61.489999771118171 0.010747853637290352 0.71816715621770988 1.5000000000000002 0.99108836451658544
decision_type=2 2 2 2 2 2 2 2 2 2 2 2 2 2 2
left_child=4 2 3 -2 5 12 9 -4 -8 -6 14 -7 -1 -12 -3
right_child=1 10 7 -5 6 11 8 -9 -10 -11 13 -13 -14 -15 -16
leaf_value=-0.020883820582641349 5.5088794887452327e-05 -0.042304876379577652 -0.0021245594130752795 -0.0079590516882377203 0.0071652380179209763 0.017221909842041562 6.952248004787278e-05 0.017024011480637716 0.01618173265705387 0.035330149610745078 -0.052801624902515304 0.031718319127866865 -0.032015240310605909 -0.04297659733708134 -0.033156711218475445
leaf_weight=2.0643146834336203 41895.227539229672 2.3966472637839598 13.753038382157682 730.4582981984131 3.3919184952974346 2.6745769316330552 12.977243840694426 143.92674570111558 49.524356171488762 23.350097924470901 3.7092251600697637 1.9520030971616504 4.8072168231010437 3.1680323090404272 3.4165340680629015
leaf_count=325 699173 283 113 11760 44 414 166 2154 633 306 373 304 752 373 463
internal_value=-1.60764e-06 -3.81222e-05 -2.53558e-05 -8.22461e-05 0.0155101 -0.00774383 0.0185062 0.0153538 0.0128363 0.0317578 -0.0430777 0.0233381 -0.0286712 -0.0482757 -0.0369283
internal_weight=42896.8 42796.1 42783.4 42625.7 100.742 11.4981 89.2436 157.68 62.5016 26.742 12.6904 4.62658 6.87153 6.87726 5.81318
internal_count=717636 714692 713200 710933 2944 1795 1149 2267 799 350 1492 718 1077 746 746
is_linear=0
shrinkage=0.03


Tree=121
num_leaves=16
num_cat=0
split_feature=9 9 7 9 7 10 7 9 10 7 7 7 9 10 7
split_gain=26.5622 63.5292 135.118 102.086 102.896 88.8839 59.4044 57.1336 117.837 149.957 69.015 81.4894 46.2707 44.5203 31.3737
threshold=-0.020427742652172672 -0.0070679743913715223 -0.062857639786137773 -0.0028985656142215262 -0.060272034423333669 7.5000000000000009 0.032682122528171494 -0.080468742965251513 9.5000000000000018 -0.012433950021172256 -0.09043602802703686 0.030117839541801587 -0.08278949873472756 4.5000000000000009 -0.073798217113713524
decision_type=2 2 2 2 2 2 2 2 2 2 2 2 2 2 2
left_child=7 2 14 4 -3 -5 -4 8 9 -1 13 -12 -10 -9 -2
right_child=1 3 6 5 -6 -7 -8 10 12 -11 11 -13 -14 -15 -16
leaf_value=-0.004642048880324782 -0.010841103439777375 0.039610030285814231 -0.016647842285767493 -0.0021282547124907457 0.0063358839323035127 0.0019352208086129291 -0.0044660808607689916 -0.036520944366166347 -0.0061631640005580229 0.0042800352766417665 0.0057601048317462208 0.00041564460991203636 -0.019666327235487512 0.0034414383185813122 0.035714486366131504
leaf_weight=2892.6576845538802 15.453047987073658 94.523561462759972 487.91961633460596 13043.130177322309 726.6187168424949 7707.6793681406416 1377.2278365953825 67.513991370797157 1174.0573216043413 4096.3357530371286 4200.5686614215374 6605.0974858691916 283.54940976016223 39.92810795456171 83.002592578530312
leaf_count=33348 1497 766 11925 209516 11763 140777 25801 383 25277 76161 55883 118078 3815 2263 383
internal_value=-1.55722e-06 -0.00067863 -0.00584474 -0.000208381 0.0101661 -0.000618918 -0.00765281 0.000821559 -0.00103091 0.000587295 0.00225535 0.00249324 -0.00878995 -0.0216699 0.0284074
internal_weight=42895.3 23535.6 1963.6 21572 821.142 20750.8 1865.15 19359.7 8446.6 6988.99 10913.1 10805.7 1457.61 107.442 98.4556
internal_count=717636 402428 39606 362822 12529 350293 37726 315208 138601 109509 176607 173961 29092 2646 1880
is_linear=0
shrinkage=0.03


Tree=122
num_leaves=16
num_cat=0
split_feature=8 8 7 7 9 9 7 8 7 8 4 7 11 9 4
split_gain=26.8108 192.563 226.738 226.216 92.2872 104.829 104.292 103.6 117.388 85.873 78.8406 63.7842 59.6619 46.7292 5.61965
threshold=15.045000076293947 14.835000038146974 -0.034893021972803577 -0.0052974768607154102 0.067499700542040034 0.031295845466090995 0.015271954688652391 19.250000000000004 -0.037070744628548195 13.694999694824221 -0.070993419019228496 0.034724771083085589 1.0000000180025095e-35 0.027634382450279719 -0.010257075922763868
decision_type=2 2 2 2 2 2 2 2 2 2 2 2 2 2 2
left_child=1 2 9 -4 5 6 -2 8 -6 -1 -7 14 -9 -13 -3
right_child=4 11 3 -5 7 10 -8 12 -10 -11 -12 13 -14 -15 -16
leaf_value=0.015674387143491144 -0.0016081525198904109 -0.029674358766171447 -0.0089733968823130505 6.7072267852957165e-05 -0.022302987326973157 0.018990138680078799 0.004952414504165616 0.010332925616904512 -0.0039612375839108331 0.0031069590674705706 0.0051699233908400989 -0.011043537289016744 -0.00058989254291451029 0.029827855226463078 -0.021360956328955693
leaf_weight=1017.9562573283911 5068.4135611751117 197.05344485770911 2813.6606115638278 21726.56893989956 365.78120791120455 519.84799517085776 3827.7193208723329 593.18864959664643 2220.0245025069453 942.30360060930252 1301.8672290816903 283.84790226304904 1865.2471247822978 27.626706747338176 116.41290435520932
leaf_count=6128 95062 2391 18344 279245 3014 8829 135269 17009 51109 6511 36404 8664 47183 742 1732
internal_value=-1.55846e-06 -0.000573339 -0.000185178 -0.000969463 0.000982435 0.00255725 0.00121465 -0.00236368 -0.00655581 0.00963318 0.00911369 -0.0170332 0.00204564 -0.00741839 -0.026587
internal_weight=42887.5 27125.4 26500.5 24540.2 15762.1 10717.8 8896.13 5044.24 2585.81 1960.26 1821.72 624.941 2458.44 311.475 313.466
internal_count=717636 323757 310228 297589 393879 275564 230331 118315 54123 12639 45233 13529 64192 9406 4123
is_linear=0
shrinkage=0.03


Tree=123
num_leaves=16
num_cat=0
split_feature=6 8 8 9 7 8 9 7 8 10 7 10 8 7 7
split_gain=26.0626 36.425 131.365 125.194 107.618 85.6045 69.5598 52.2722 22.7448 64.7421 50.1246 38.7594 64.0779 44.9505 36.1465
threshold=0.014832320666434974 15.045000076293947 14.835000038146974 0.067499700542040034 -0.034893021972803577 15.490000247955324 0.13025815809545596 0.045055087948850943 12.59500026702881 10.500000000000002 0.044348217766148841 9.5000000000000018 14.989999771118166 0.014103262522310424 0.018478898210030351
decision_type=2 2 2 2 2 2 2 2 2 2 2 2 2 2 2
left_child=1 2 4 5 -1 -3 -5 -4 9 14 -11 13 -13 -10 -2
right_child=8 3 7 6 -6 -7 -8 -9 11 10 -12 12 -14 -15 -16
leaf_value=0.0085513658110849891 0.0065743957346182241 0.014211469850034176 -0.024254619858483158 -0.0075966982823877311 -0.00052333704239115571 0.003294719443951666 0.0012213828422708286 -0.00064846856380310666 -0.0026825452059839913 0.021740339801732299 0.0043786125047811939 -0.010149001444905055 0.0014336724621001604 0.0014696462619057577 -0.0020218003712791921
leaf_weight=1272.0111882388592 506.5215802565217 734.23107977584004 281.85461284499615 1441.0535481795669 15607.084448750131 5408.9541447437368 1824.3618133477867 120.52381200669333 5521.2272516158409 189.57618842273951 710.80099632730708 1118.2654633484781 698.29315759148449 4080.8718344229273 3364.7088076751679
leaf_count=8258 4888 13507 3388 38340 186517 152149 37892 4854 71081 2014 6508 16380 32911 99925 39024
internal_value=-1.6059e-06 0.000574435 -0.000243311 0.00207645 0.000160534 0.00459949 -0.00267011 -0.0171839 -0.000951225 0.00078822 0.00803416 -0.0016781 -0.00569657 -0.000917873 -0.000897052
internal_weight=42880.3 26690.1 17281.5 9408.6 16879.1 6143.19 3265.42 402.378 16190.3 4771.61 900.377 11418.7 1816.56 9602.1 3871.23
internal_count=717636 444905 203017 241888 194775 165656 76232 8242 272731 52434 8522 220297 49291 171006 43912
is_linear=0
shrinkage=0.03


Tree=124
num_leaves=16
num_cat=0
split_feature=0 8 8 8 7 11 8 7 7 9 11 10 9 11 8
split_gain=25.9645 31.4753 62.0375 41.9045 31.9184 23.0128 39.16 31.1893 6.20548 4.72587 4.60854 3.57255 4.56844 3.17483 3.11884
threshold=0.1049423922833332 25.204999923706058 24.97500038146973 24.644999504089359 -0.047118301419243939 3.5000000000000004 29.390000343322757 0.033226756783774854 -0.0577327146855433 0.21062456473434024 3.5000000000000004 3.5000000000000004 0.56746320277959439 1.5000000000000002 13.980000019073488
decision_type=2 2 2 2 2 2 2 2 2 2 2 2 2 2 2
left_child=1 2 3 -1 -4 6 -3 -7 11 10 -10 13 -13 -2 -11
right_child=8 5 4 -5 -6 7 -8 -9 9 14 -12 12 -14 -15 -16
leaf_value=-5.7830581875600946e-05 -0.034181591017824142 0.012535676467861124 -0.035815621575058292 0.014211787534644783 0.0070674153729562922 -0.0098399658618109516 -0.0028362450477027244 0.030447867950211358 -0.008201487992391324 0.064778659672212247 0.00083330963118288641 -0.014301659259327686 0.016256480320106296 -0.014987907288152634 0.0078375520907732685
leaf_weight=41313.087226306088 13.635097850114109 504.14010231243446 65.189624443650246 186.05024976050481 20.544009956531227 136.24850479606539 211.81969693629071 19.808536288328469 283.37556387390941 0.9340408518910398 61.914201837964356 24.365187454503033 5.3742706179618827 17.988931678701192 11.837847479153423
leaf_count=656884 795 14964 376 4106 1797 7001 19701 1477 5997 8 1354 1165 58 1576 377
internal_value=-1.61532e-06 7.17609e-05 -4.65233e-05 6.14342e-06 -0.0255397 0.00571252 0.00798783 -0.00472618 -0.00742922 -0.0059186 -0.00658145 -0.0162439 -0.00877944 -0.0232635 0.0120018
internal_weight=42876.3 42456.9 41584.9 41499.1 85.7336 872.017 715.96 156.057 419.425 358.062 345.29 61.3635 29.7395 31.624 12.7719
internal_count=717636 706306 663163 660990 2173 43143 34665 8478 11330 7736 7351 3594 1223 2371 385
is_linear=0
shrinkage=0.03


Tree=125
num_leaves=14
num_cat=0
split_feature=5 10 11 7 7 9 10 9 7 4 4 7 6
split_gain=24.9135 26.2192 49.3091 201.363 73.2827 42.6608 86.8108 45.3447 8.69342 3.98922 1.79388 0.614507 0.363842
threshold=1.0000000180025095e-35 3.5000000000000004 3.5000000000000004 -0.032411627424389793 -0.027557551026770207 0.17211080769888434 4.5000000000000009 0.15169192622109309 -0.049168444365212498 -0.057832322359162129 0.03953258106141478 0.053221239332109101 0.027636339268255487
decision_type=2 2 2 2 2 2 2 2 2 2 2 2 2
left_child=8 2 4 -4 -2 7 -7 -3 10 -10 12 -11 -1
right_child=1 5 3 -5 -6 6 -8 -9 9 11 -12 -13 -14
leaf_value=0.034840781067504094 0.0041383222443920169 0.00029223462163789447 -0.023762223883768259 -0.00033595116434039196 -0.0022371780671382002 0.020678448992226331 0.0013998998479382281 -0.010599447726856216 -0.041500668182088037 0.028042254316660895 0.0099717580444418762 -0.00096686665251263456 0.026719393328790437
leaf_weight=21.818029545247562 2301.373491125647 31695.396531112026 430.96864289836958 1412.7497998420149 5501.5646868431941 277.31524759624153 868.81787877110764 347.79131437744945 2.2743501365184784 1.2443675440736108 3.4147097170352927 1.3928047111257909 6.4272513478063038
leaf_count=270 25490 512473 5693 29855 118998 3039 15543 6071 33 25 35 35 76
internal_value=-1.57766e-06 -2.27085e-05 -0.0013994 -0.00581184 -0.000356809 0.000377435 0.00606449 0.000174018 0.0247488 -0.012387 0.0305098 0.0127213 0.0329927
internal_weight=42872.5 42836 9646.66 1843.72 7802.94 33189.3 1146.13 32043.2 36.5715 4.91152 31.66 2.63717 28.2453
internal_count=717636 717162 180036 35548 144488 537126 18582 518544 474 93 381 60 346
is_linear=0
shrinkage=0.03


Tree=126
num_leaves=16
num_cat=0
split_feature=9 8 10 8 7 7 7 8 7 7 7 8 8 9 7
split_gain=24.8988 63.5287 141.182 89.3883 136.232 73.9111 62.8088 57.0494 96.4547 181.45 89.6491 68.7967 95.8023 56.3804 49.6635
threshold=-0.020427742652172672 10.944999694824221 9.5000000000000018 12.59500026702881 0.019738000221323663 0.050977940894323955 0.049748482609811025 17.069999694824222 -0.052327299980846724 -0.045597680991572291 -0.082040370655703396 18.675000190734867 18.884999275207523 0.034861324838938564 -0.041638968223972221
decision_type=2 2 2 2 2 2 2 2 2 2 2 2 2 2 2
left_child=7 2 6 4 -3 -4 -2 8 10 -10 -1 14 -13 -5 -9
right_child=1 3 5 13 -6 -7 -8 11 9 -11 -12 12 -14 -15 -16
leaf_value=0.031209105993473318 -0.02271203404547692 0.015601440698897531 0.0092359444941359833 -0.0036176663193577077 0.0012648644517032083 -0.012886415999642008 -0.0021432645474703371 0.017238515019751963 0.031454314363214247 0.00018746851503093155 -0.012948833944600576 -0.018091829575209585 0.0027389415655794157 -3.0358834539222727e-05 0.0055428671129481846
leaf_weight=43.909346327185631 471.68526301532984 695.34803672134876 465.17197319492698 6077.4180704317987 4197.4765894631855 192.03340177983046 186.41819921508431 443.67398847453296 168.95513001084328 14771.382566115819 717.78900064527988 224.29773937771097 1741.4430678831413 11227.581172233447 1240.043037832249
leaf_count=383 3447 5362 3447 130259 45544 1915 2298 4596 1149 202785 4979 2240 76783 210156 22293
internal_value=-1.56878e-06 -0.000657507 -0.00706358 -0.000277922 0.00330232 0.00277186 -0.0168856 0.000795432 1.01501e-05 0.000541054 -0.0104033 0.00417416 0.000362079 -0.0012902 0.00862477
internal_weight=42864.6 23513.1 1315.31 22197.8 4892.82 657.205 658.103 19351.5 15702 14940.3 761.698 3649.46 1965.74 17305 1683.72
internal_count=717636 402428 11107 391321 50906 5362 5745 315208 209296 203934 5362 105912 79023 340415 26889
is_linear=0
shrinkage=0.03


Tree=127
num_leaves=16
num_cat=0
split_feature=3 9 9 11 11 8 9 1 9 11 9 11 9 2 6
split_gain=25.0646 34.2557 35.5559 89.4906 77.9529 34.3145 36.8774 14.5138 13.3601 15.7206 14.8643 8.58852 3.6379 2.75694 1.74127
threshold=0.063313037372653605 -0.18785404488743349 -0.080468742965251513 1.5000000000000002 1.5000000000000002 14.015000343322756 -0.21865946818898443 -0.036522323603471157 0.011305193048461561 3.5000000000000004 -0.24498171258407594 1.5000000000000002 -0.080468742965251513 0.020535736179440645 0.069933847707841237
decision_type=2 2 2 2 2 2 2 2 2 2 2 2 2 2 2
left_child=1 5 3 -3 -4 11 -7 12 10 -10 -9 -1 14 -14 -2
right_child=7 2 4 -5 -6 6 -8 8 9 -11 -12 -13 13 -15 -16
leaf_value=-0.020879791894664709 -0.00042012675047549972 -0.0062253866345669262 0.0021614671662612138 0.00091664565734137947 -0.00080158129372013783 0.0045680315621849576 0.018815484096355518 -0.013376511899638724 -0.008612722297487229 0.0033832756582149307 -0.00051000973177092398 -0.0024850099367218765 -0.0093763882246831205 -0.027614321178855424 -0.034493032948090648
leaf_weight=25.405758306384087 1.505316269583999 2666.3803468388505 13643.277514711954 3871.7569290138781 19287.963089353405 630.23524249298498 220.78203718736768 85.408381409477443 518.52315650461242 121.32402425957844 1500.9110233420506 226.54709162656218 32.348665088880807 9.695424978155641 13.071140834596006
leaf_count=296 70 42694 220318 64580 327378 9261 4869 1339 10434 2252 29611 3049 810 248 427
internal_value=-1.58412e-06 0.000170511 2.4789e-05 -0.00199601 0.000425997 0.00538511 0.00826429 -0.00306025 -0.00267876 -0.00633811 -0.00120275 -0.00433985 -0.0180596 -0.0135821 -0.0309743
internal_weight=42855.1 40572.3 39469.4 6538.14 32931.2 1102.97 851.017 2282.79 2226.17 639.847 1586.32 251.953 56.6205 42.0441 14.5765
internal_count=717636 672445 654970 107274 547696 17475 14130 45191 43636 12686 30950 3345 1555 1058 497
is_linear=0
shrinkage=0.03


Tree=128
num_leaves=16
num_cat=0
split_feature=7 7 10 9 10 9 4 7 7 10 7 10 11 9 9
split_gain=25.3795 73.9872 101.319 126.772 91.8023 86.718 51.8725 36.1056 87.7252 73.0317 58.5896 46.8336 44.0543 42.424 22.201
threshold=0.070607989530113172 0.05844522292843491 7.5000000000000009 -0.073647571813166876 10.500000000000002 0.0013420473401838386 0.046985499269505245 0.10713889956351953 0.10993511381282851 3.5000000000000004 0.10552432852455364 11.500000000000002 3.5000000000000004 -0.0038269363495969651 0.063560527358977673
decision_type=2 2 2 2 2 2 2 2 2 2 2 2 2 2 2
left_child=1 2 5 -4 14 -1 -6 9 13 12 -11 -10 -2 -9 -3
right_child=7 4 3 -5 6 -7 -8 8 11 10 -12 -13 -14 -15 -16
leaf_value=0.00074780022023017846 0.014306891882006935 -0.0027656767709971571 -0.0060991108348654151 0.0040855661974653163 -0.014928638667453651 -0.0030963741085668415 -9.4781600709806251e-05 -0.023672545607290499 -0.00029807855084676307 0.00060105266390378148 0.015882125101026594 0.0097291549402706411 -0.007044682777359635 -0.0038291541542966453 0.0045957746760166502
leaf_weight=11031.58413590258 685.92879327200353 1278.8521045255475 1276.719815635588 7944.1798824337311 898.17936793621629 10132.083157433197 277.77957226522267 201.28828912507743 4012.8098026989028 3598.3105204598978 240.93672427721322 468.12031226698309 99.598534412682056 187.09649142157286 518.08610674645752
leaf_count=149344 12256 26639 23220 129174 12734 139220 4339 4589 113984 68398 4213 13724 1915 3433 10454
internal_value=-1.54964e-06 -0.000391052 5.08916e-05 0.0026754 -0.00490794 -0.00109259 -0.0114247 0.00136696 -0.000436025 0.00326529 0.00156004 0.000749461 0.0115997 -0.0141134 -0.000643252
internal_weight=42851.6 33357.5 30384.6 9220.9 2972.9 21163.7 1175.96 9494.09 4869.31 4624.77 3839.25 4480.93 785.527 388.385 1796.94
internal_count=717636 495124 440958 152394 54166 288564 17073 222512 135730 86782 72611 127708 14171 8022 37093
is_linear=0
shrinkage=0.03


Tree=129
num_leaves=16
num_cat=0
split_feature=0 5 6 7 7 10 7 9 7 7 11 6 3 1 7
split_gain=24.5897 26.1667 31.137 27.2547 26.9995 26.8301 20.2168 14.5343 5.34026 2.90021 3.31896 2.74473 3.01777 2.43231 2.38253
threshold=0.12945330820838183 0.56366283843653242 0.0010416604487398231 -0.068873503122694288 -0.055062669769475929 5.5000000000000009 -0.085355310879802623 0.0029909993320984545 0.023190295116298335 0.029136858288265736 2.5000000000000004 0.13766045880585845 0.094659065108951848 0.030622625220078935 0.070607989530113172
decision_type=2 2 2 2 2 2 2 2 2 2 2 2 2 2 2
left_child=1 3 5 6 -5 -3 -1 -4 11 10 -10 12 -2 -13 -11
right_child=8 2 7 4 -6 -7 -8 -9 9 14 -12 13 -14 -15 -16
leaf_value=-0.0009994517493316442 -0.016230319196559082 -1.25714966460638e-05 0.00038891415924719158 -0.0080880027019938783 -0.0010699350256208207 0.0025465259927256313 0.012161271447334376 -0.0014932040297399611 -0.00055526584909610256 -0.012165269877345635 0.043717913393065841 -0.035979461109049898 -0.033774505648354741 -0.0052819068139406348 -0.002851538996639467
leaf_weight=188.08737356541678 55.203076344449073 6307.2121696704999 8336.2271908419207 515.36155947623774 11555.844234393444 8875.9800094421953 237.94779260084033 6629.2483747540973 5.2703483109362415 46.411037765443325 2.1438015876337886 2.5457287942990687 10.502739199437199 26.554248262196779 52.887902637943625
leaf_count=7259 2418 107022 138378 4882 194218 145178 2893 112042 86 969 54 87 244 486 1420
internal_value=-1.55817e-06 4.7845e-05 0.000526288 -0.00110636 -0.00136956 0.00148346 0.00635103 -0.000444807 -0.0104564 -0.00585325 0.0122463 -0.0156376 -0.0190347 -0.0079674 -0.00720466
internal_weight=42847.4 42645.9 30148.7 12497.2 12071.2 15183.2 426.035 14965.5 201.519 106.713 7.41415 94.8058 65.7058 29.1 99.2989
internal_count=717636 711872 502620 209252 199100 252200 10152 250420 5764 2529 140 3235 2662 573 2389
is_linear=0
shrinkage=0.03


Tree=130
num_leaves=16
num_cat=0
split_feature=9 9 9 9 9 3 7 4 7 7 5 6 4 5 5
split_gain=24.4552 36.9712 47.512 133.495 96.0059 8.65886 5.65579 3.16113 0.416665 0.148104 0.126993 0.209018 0.0977429 0.0630955 0.00291017
threshold=0.90914133794846286 0.56746320277959439 0.2851636982461771 0.21062456473434024 0.33015515565565895 -0.052327096393019294 -0.041638968223972221 0.0094350380674722584 -0.21139297599414056 -0.2598207951683007 0.99108836451658544 0.069933847707841237 -0.17961673433433081 0.94766910597415854 1.671018377683464
decision_type=2 2 2 2 2 2 2 2 2 2 2 2 2 2 2
left_child=1 2 3 -1 -4 6 -3 -7 9 14 12 -12 -10 -11 -2
right_child=8 5 4 -5 -6 7 -8 -9 10 13 11 -13 -14 -15 -16
leaf_value=-0.00014578418247640883 -0.042657949449857284 0.026897864034723582 -0.022650182682065517 0.012283488362000694 0.00027401631139257446 0.0042824393689299377 0.0034089077906200574 0.015813222975686349 -0.047214884840519493 -0.054785389868598232 -0.035028056327453073 -0.01194272692375593 -0.034989654103054275 -0.046934861249778789 -0.040396218083399875
leaf_weight=41156.08260711981 2.4434414086863403 54.186468939296901 251.20368138281628 792.68669887864962 475.92075170157477 57.214638096280396 11.119049510918556 34.181059182621539 1.2249109232798221 1.9531137114390733 2.9177741608582441 0.40156306559219945 1.1330334763042609 1.74424297735095 0.64774169772863377
leaf_count=688872 294 1051 4914 13245 6846 556 290 370 137 197 410 53 146 176 79
internal_value=-1.52075e-06 1.07065e-05 -4.2702e-05 8.90861e-05 -0.00764573 0.0145559 0.0228986 0.00859483 -0.0420144 -0.0470302 -0.0360169 -0.0322353 -0.0413404 -0.0510819 -0.042184
internal_weight=42845.1 42832.6 42675.9 41948.8 727.124 156.701 65.3055 91.3957 12.4658 6.78854 5.67728 3.31934 2.35794 3.69736 3.09118
internal_count=717636 716144 713877 702117 11760 2267 1341 926 1492 746 746 463 283 373 373
is_linear=0
shrinkage=0.03


Tree=131
num_leaves=16
num_cat=0
split_feature=9 0 7 7 7 7 7 4 7 9 10 2 1 2 6
split_gain=24.2809 23.4113 26.5792 68.638 63.4924 7.42156 7.78564 7.10491 5.68917 4.44061 3.21377 2.84198 2.52075 0.252368 0.181024
threshold=-0.30442646982717225 0.1049423922833332 -0.068873503122694288 -0.0577327146855433 -0.073798217113713524 0.081407955603235341 0.071299093251242521 -0.0031573473453043173 -0.0577327146855433 0.21062456473434024 3.5000000000000004 0.0054869529751389538 -0.010948905109489083 0.010747853637290352 -0.021798199878738597
decision_type=2 2 2 2 2 2 2 2 2 2 2 2 2 2 2
left_child=5 2 4 -4 -2 6 13 12 10 -10 -3 -9 -7 -1 -8
right_child=1 8 3 -5 -6 7 14 11 9 -11 -12 -13 -14 -15 -16
leaf_value=0.016322484492639882 0.00063986382295561116 -0.022306627720162082 -0.0064772645466620662 0.00011227952899074319 0.014085922487714588 0.0065503697664488977 -0.020895737783137903 0.0020301671010229281 -0.006313528470885575 0.011698934741854346 -0.0084993263323855199 0.016242592689746083 0.034340113316265526 0.030554096810324921 -0.031373243238148385
leaf_weight=2.6625494388863427 1472.9640533234924 31.240430236328393 1476.5411487221718 38973.817560696974 402.41184324305505 3.3688515499234226 2.1632380611263198 17.72619691491127 342.75961072929204 12.777143038809298 29.497136570513248 44.329368077218533 22.952559225261211 1.937432882376015 4.7272355891764182
leaf_count=414 35870 2371 15055 649467 3014 44 343 228 7307 385 1223 571 306 304 734
internal_value=-1.49034e-06 -3.60129e-05 3.36167e-05 -0.000128256 0.00352507 0.0147738 -0.00790702 0.0177226 -0.00711578 -0.0056662 -0.0156011 0.0121828 0.0307833 0.0223166 -0.0280839
internal_weight=42841.9 42742 42325.7 40450.4 1875.38 99.8674 11.4905 88.377 416.274 355.537 60.7376 62.0556 26.3214 4.59998 6.89047
internal_count=717636 714692 703406 664522 38884 2944 1795 1149 11286 7692 3594 799 350 718 1077
is_linear=0
shrinkage=0.03


Tree=132
num_leaves=16
num_cat=0
split_feature=8 8 7 7 9 9 9 9 8 7 8 7 8 9 4
split_gain=24.0492 174.165 208.581 211.792 82.596 82.1291 133.001 97.9857 90.0667 71.998 65.4833 59.5015 58.765 42.6675 5.36029
threshold=15.045000076293947 14.835000038146974 -0.034893021972803577 -0.0052974768607154102 0.048915350549058496 0.060478387569247512 0.031295845466090995 0.013449632001993563 19.250000000000004 -0.045597680991572291 17.775000572204593 0.034724771083085589 19.875000000000004 0.022618884979570434 -0.010257075922763868
decision_type=2 2 2 2 2 2 2 2 2 2 2 2 2 2 2
left_child=1 2 4 -4 -1 6 7 -2 9 -7 -8 14 -10 -13 -3
right_child=5 11 3 -5 -6 8 10 -9 12 -11 -12 13 -14 -15 -16
leaf_value=0.0058203601646534689 0.0023621042942083151 -0.028688895409473714 -0.0086837483512765181 7.4252622416232846e-05 0.020326750002184178 -0.019992750036088486 0.018105658461033135 -0.0068217303662097646 0.01281140606162655 -0.0041347989642926243 0.0053203668808228122 -0.012012769712721069 0.00010560946364291803 0.017742367491569173 -0.020510249575812517
leaf_weight=1494.7478003129363 7679.1606035619043 192.65536210499704 2806.2288947640918 21715.804743165616 462.56851275265217 286.39261676743627 635.96002719039097 1210.3826753590256 386.83570044580847 2569.5209680474363 832.49996169982478 257.99922543857247 2139.8186242100783 52.137595314066857 115.2767072529532
leaf_count=10724 205842 2391 18344 279245 1915 1885 15197 24489 5712 56346 21444 7537 62964 1869 1732
internal_value=-1.44473e-06 -0.0005432 -0.000175746 -0.000927987 0.00924863 0.000931187 0.00249331 0.00111165 -0.00207491 -0.00572504 0.0108574 -0.0162857 0.00205089 -0.00701059 -0.0256272
internal_weight=42838 27097.4 26479.3 24522 1957.32 15740.6 10358 8889.54 5382.57 2855.91 1468.46 618.069 2526.65 310.137 307.932
internal_count=717636 323757 310228 297589 12639 393879 266972 230331 126907 58231 36641 13529 68676 9406 4123
is_linear=0
shrinkage=0.03


Tree=133
num_leaves=15
num_cat=0
split_feature=3 5 8 4 8 6 8 0 1 2 6 10 2 5
split_gain=23.4404 27.7004 34.4782 26.7347 27.5425 23.1799 11.05 10.6834 9.18634 8.5433 4.87098 3.75665 2.75167 2.99077
threshold=0.077598510042807503 0.54834405908694606 9.6950001716613787 -0.0039403291665004439 15.090000152587892 0.0010416604487398231 19.250000000000004 0.015636097239374088 -0.022989934072960221 0.016957313776078179 -0.043723673914562326 2.5000000000000004 0.0061464414060015448 0.13757494345574256
decision_type=2 2 2 2 2 2 2 2 2 2 2 2 2 2
left_child=1 3 10 4 -1 -4 -5 12 11 -10 -3 -9 13 -2
right_child=7 2 5 6 -6 -7 -8 8 9 -11 -12 -13 -14 -15
leaf_value=-0.004343458575503144 0.046433087008792326 0.021165457187287059 0.0012965607645907934 -0.00027214358744291568 0.00040367191633565664 -0.00039110984284095084 0.003866384340469329 0.0015902953031377322 -0.0015252552479431769 -0.0065880215952124144 0.0085386478218895494 -0.016044324069690898 0.060824589603587408 0.0094597769508638126
leaf_weight=3334.7344183563255 2.6113162841647855 29.790879786014557 15424.46513320785 6085.4955645254813 1641.397464403417 13947.824588258285 641.89253060473129 12.710048659704624 782.87225974071771 486.33234001230448 356.95710882544518 75.182046744041145 1.5941079133190204 8.0051940875127894
leaf_count=37427 89 169 259207 88304 43492 231551 26916 306 14792 11032 2043 2086 18 204
internal_value=-1.49578e-06 0.000126043 0.000612321 -0.00111044 -0.0027776 0.000495148 0.000122733 -0.00386337 -0.00411473 -0.0034652 0.00951128 -0.0134942 0.0240725 0.018554
internal_weight=42831.9 41462.6 29759 11703.5 4976.13 29372.3 6727.39 1369.31 1357.1 1269.2 386.748 87.8921 12.2106 10.6165
internal_count=717636 689109 492970 196139 80919 490758 115220 28527 28216 25824 2212 2392 311 293
is_linear=0
shrinkage=0.03


Tree=134
num_leaves=16
num_cat=0
split_feature=9 10 8 8 8 9 8 8 8 8 9 10 9 9 10
split_gain=23.1786 62.5505 143.301 92.7938 115.718 74.4246 54.6236 69.8721 90.6235 60.3871 54.4519 175.853 54.7512 46.6298 39.8016
threshold=-0.021832395754033281 10.500000000000002 11.025000095367433 11.965000152587892 15.980000019073488 -0.0070679743913715223 17.069999694824222 18.675000190734867 18.884999275207523 17.840000152587894 -0.074814409894855979 9.5000000000000018 -0.066072535963003373 -0.0095998343235342825 9.5000000000000018
decision_type=2 2 2 2 2 2 2 2 2 2 2 2 2 2 2
left_child=6 2 14 13 -5 -4 10 9 -9 -8 11 -1 -12 -3 -2
right_child=1 3 5 4 -6 -7 7 8 -10 -11 12 -13 -14 -15 -16
leaf_value=0.00041820621706650058 -0.016517787108976029 -0.007933307815956657 -0.0072807762862097392 -0.0016599770114082812 0.013785793415550774 -0.00013108684300592056 0.0030580158195541046 -0.017679162582681332 0.0026531717542214919 0.014742124221271647 0.008545351448709446 -0.011247642898006137 0.00082177964118368874 0.01934616648389147 -0.0048470636231716675
leaf_weight=5998.8960668356158 653.53296710550785 65.562506318092346 1414.4043552926742 2394.4382555023767 533.87322270963341 17810.017009033822 810.14753771713004 222.75155605608597 1726.1330692069605 782.73653260804713 933.09617797238752 1442.6061025867239 7199.583302652929 403.27335989102721 440.1011245585978
leaf_count=74262 5745 383 30572 34205 26492 301545 13302 2240 75648 12821 13993 23030 94972 4213 4213
internal_value=-1.4626e-06 -0.000628032 -0.00125803 0.00313993 0.00115601 -0.000657113 0.000775859 0.0041387 0.000329248 0.00879954 1.11058e-05 -0.00184333 0.00170794 0.0155314 -0.0118212
internal_weight=42831.2 23715.2 20318.1 3397.15 2928.31 19224.4 19116 3541.77 1948.88 1592.88 15574.2 7441.5 8132.68 468.836 1093.63
internal_count=717636 407368 342075 65293 60697 332117 310268 104011 77888 26123 206257 97292 108965 4596 9958
is_linear=0
shrinkage=0.03


Tree=135
num_leaves=16
num_cat=0
split_feature=9 9 9 9 9 3 8 4 8 11 5 1 4 0 5
split_gain=23.0615 34.8395 44.6482 126.218 90.8692 8.23207 5.21044 2.98755 0.398843 0.122159 0.119363 0.165428 0.0913685 0.0809191 0.00303443
threshold=0.90914133794846286 0.56746320277959439 0.2851636982461771 0.21062456473434024 0.33015515565565895 -0.052327096393019294 22.729999542236332 0.0094350380674722584 61.489999771118171 1.5000000000000002 0.99108836451658544 0.0078815782116108801 -0.17961673433433081 0.12945330820838183 1.671018377683464
decision_type=2 2 2 2 2 2 2 2 2 2 2 2 2 2 2
left_child=1 2 3 -1 -4 6 -3 -7 10 13 12 -12 -2 -10 -11
right_child=8 5 4 -5 -6 7 -8 -9 9 14 11 -13 -14 -15 -16
leaf_value=-0.00014237093684744417 -0.046037454659498045 0.0019233513145010483 -0.022100995262891436 0.011943777792548729 0.00026407543296162571 0.0041434522984102095 0.025837709730227417 0.015362008132618718 -0.050933652542429798 -0.042029434556788793 -0.024471063373716441 -0.037989723665871118 -0.034153743984410054 -0.033909045585605896 -0.039692130447815756
leaf_weight=41136.552758635953 1.215058761648834 9.6231562718749029 249.14340763306245 792.64191822102293 475.63770152442157 57.18364854902029 55.43474345235154 34.106400997377932 3.4103570636361842 2.3903794600628321 1.5767552996985617 1.6855759737081824 1.1181065286509673 0.27125495765358199 0.63210080703720439
leaf_count=688872 137 105 4914 13245 6846 556 1236 370 345 294 164 299 146 28 79
internal_value=-1.4882e-06 1.03123e-05 -4.1502e-05 8.61092e-05 -0.00742391 0.014146 0.0223004 0.00833476 -0.0410746 -0.0460101 -0.0351613 -0.0314559 -0.0403425 -0.0496793 -0.0415406
internal_weight=42822.6 42810.3 42654 41929.2 724.781 156.348 65.0579 91.29 12.2996 6.70409 5.5955 3.26233 2.33317 3.68161 3.02248
internal_count=717636 716144 713877 702117 11760 2267 1341 926 1492 746 746 463 283 373 373
is_linear=0
shrinkage=0.03


Tree=136
num_leaves=16
num_cat=0
split_feature=7 7 8 10 8 4 8 9 9 9 10 9 9 10 7
split_gain=23.6602 71.5679 154.57 121.687 56.99 44.5006 55.5445 46.4728 35.2585 87.5296 71.4169 52.2185 91.0984 39.723 38.1375
threshold=0.070607989530113172 0.041725045582279859 11.204999923706056 10.500000000000002 11.835000038146974 -0.047906460151634793 15.72499990463257 -0.12935695822374946 0.16220059419294255 0.19336032488103219 7.5000000000000009 0.13025815809545596 0.12377644274367029 7.5000000000000009 0.081407955603235341
decision_type=2 2 2 2 2 2 2 2 2 2 2 2 2 2 2
left_child=1 2 3 -1 -4 6 -3 -7 11 14 -11 12 -2 -13 -10
right_child=8 5 4 -5 -6 7 -8 -9 9 10 -12 13 -14 -15 -16
leaf_value=0.0053519735948755615 0.0017777116634645732 -0.0094933983187350957 -0.0052967815037737185 0.026041361821896664 0.00021366038052717006 -0.013258345428521235 0.0086866994482402305 -0.001226991296157665 0.0041997436306169672 -0.011000643358073298 0.012882825567848146 0.032366119395238896 -0.025262512937482155 0.0068071799581200867 -0.030053767462731147
leaf_weight=1483.959885969758 8502.7231792202219 1335.0184213696048 1835.3293398693204 309.15628973767161 21208.004601579159 302.00210752990097 170.57343295356259 6681.9512596493587 36.669412307441235 214.48885198682547 237.39415042288601 82.925277216359973 113.63134234584868 160.93774279486388 144.66004310920835
leaf_count=11107 203386 15104 15703 3447 321985 4459 7219 116100 383 3064 4204 2298 1915 4581 2681
internal_value=-1.45858e-06 -0.000377842 0.000434963 0.00891909 -0.000225229 -0.00275573 -0.00743372 -0.00174725 0.00131981 -0.00551914 0.0015464 0.00180856 0.00142111 0.0154985 -0.0231268
internal_weight=42819.4 33326 24836.5 1793.12 23043.3 8489.55 1505.59 6983.95 9493.43 633.212 451.883 8860.22 8616.35 243.863 181.329
internal_count=717636 495124 352242 14554 337688 142882 22323 120559 222512 10332 7268 212180 205301 6879 3064
is_linear=0
shrinkage=0.03


Tree=137
num_leaves=16
num_cat=0
split_feature=9 5 7 7 7 7 7 7 7 1 0 10 3 3 2
split_gain=22.6524 22.4713 23.0097 166.729 130.519 8.21865 7.03365 7.33573 5.64394 3.73125 3.23871 2.62504 1.60367 0.267601 0.243665
threshold=-0.30442646982717225 1.0000000180025095e-35 -0.0097051022162459848 -0.026479231941803513 0.0030690030408574436 -0.049168444365212498 0.081407955603235341 0.071299093251242521 0.099909881366515588 -0.023400936315967211 0.077686969370504469 4.5000000000000009 0.0094465425193347458 0.017244648375839059 0.010747853637290352
decision_type=2 2 2 2 2 2 2 2 2 2 2 2 2 2 2
left_child=6 5 3 -3 -4 12 7 14 10 -10 -8 -7 -2 -9 -1
right_child=1 2 4 -5 -6 11 8 13 9 -11 -12 -13 -14 -15 -16
leaf_value=0.015794723282422412 0.033836920853370672 0.00041130926187916408 0.0092019274014005364 -0.0089276881196390656 -4.9035769836776677e-05 -0.03175321208339546 0.031063179873693215 -0.018086037631616252 -0.032464275238238277 0.013213242944377862 -0.0075992399964116076 0.012646100375953189 0.018260841744992137 -0.031048811918974954 0.029807282827340156
leaf_weight=2.6557607520371658 22.313684014603499 10338.255409963429 1441.1933165737428 2063.9822292607278 28837.580616035964 2.7350459396839133 26.308492429554466 2.027515537571162 1.6556770801544178 57.711398653686047 2.106116257607936 2.1332245972007513 8.1115493029355985 4.8904579216614366 1.9274399233981965
leaf_count=414 287 115678 33459 38278 526803 24 355 321 21 745 28 69 94 756 304
internal_value=-1.45962e-06 -3.47269e-05 -5.45134e-05 -0.00114289 0.000391287 0.0238934 0.0143117 -0.00774824 0.017202 0.0119394 0.0281975 -0.0122979 0.0296842 -0.0272497 0.0216876
internal_weight=42815.6 42716.3 42681 12402.2 30278.8 35.2935 99.2829 11.5012 87.7817 59.3671 28.4146 4.86827 30.4252 6.91797 4.5832
internal_count=717636 714692 714218 153956 560262 474 2944 1795 1149 766 383 93 381 1077 718
is_linear=0
shrinkage=0.03


Tree=138
num_leaves=16
num_cat=0
split_feature=6 10 8 8 10 8 8 8 8 10 7 10 8 7 7
split_gain=22.3637 32.2676 123.732 68.014 199.749 149.198 47.0796 37.0478 21.4426 56.9611 42.9539 36.9558 57.1974 41.3696 34.0547
threshold=0.014832320666434974 5.5000000000000009 13.404999732971193 13.47499990463257 2.5000000000000004 13.769999980926515 12.765000343322756 13.72499990463257 12.59500026702881 10.500000000000002 0.045055087948850943 9.5000000000000018 14.989999771118166 0.014103262522310424 0.018478898210030351
decision_type=2 2 2 2 2 2 2 2 2 2 2 2 2 2 2
left_child=1 3 6 4 -1 -5 -3 -4 9 14 -11 13 -13 -10 -2
right_child=8 2 7 5 -6 -7 -8 -9 11 10 -12 12 -14 -15 -16
leaf_value=-0.0050325463497731997 0.0064775810079945092 0.00019592212655339514 0.01116088214522026 -0.016152397859443387 0.012685835794460398 -0.00088241950886224971 -0.0052492611148817212 0.0037840195642633765 -0.0025426462693154484 0.019669286926646195 0.0040453682200158993 -0.0097334872344692971 0.0012147609513738931 0.0014441289304393708 -0.0018693292891326907
leaf_weight=1148.5676351925358 506.23083656746894 7908.3914433466271 684.2511022486724 623.49803446978331 1141.999511949718 7539.3799607893452 1744.2457010289654 5861.0376810650341 5502.4612871711142 205.01735324785113 695.99077963083982 1114.8075047642924 698.59012550441548 4079.0170068396255 3358.1435921820812
leaf_count=10305 4888 76984 10807 7805 17812 145467 19537 156188 71081 2102 6420 16380 32911 99925 39024
internal_value=-1.42724e-06 0.000532493 0.00137107 -0.000766913 0.00380124 -0.00204877 -0.00078803 0.0045552 -0.000881964 0.000807859 0.00760047 -0.00158866 -0.0055158 -0.0008454 -0.000775889
internal_weight=42811.6 26651.4 16197.9 10453.4 2290.57 8162.88 9652.64 6545.29 16160.3 4765.38 901.008 11394.9 1813.4 9581.48 3864.37
internal_count=717636 444905 263516 181389 28117 153272 96521 166995 272731 52434 8522 220297 49291 171006 43912
is_linear=0
shrinkage=0.03


Tree=139
num_leaves=16
num_cat=0
split_feature=9 8 10 8 7 7 10 8 8 7 7 7 9 9 8
split_gain=21.964 59.5526 122.651 84.3001 127.792 64.3715 62.1679 54.444 47.8133 93.7649 165.471 84.2563 63.7005 70.0847 28.6717
threshold=-0.020427742652172672 10.944999694824221 9.5000000000000018 12.59500026702881 0.019738000221323663 0.050977940894323955 8.5000000000000018 12.675000190734865 17.069999694824222 -0.052327299980846724 -0.045597680991572291 -0.082040370655703396 -0.24498171258407594 -0.18255532524381066 19.389999389648441
decision_type=2 2 2 2 2 2 2 2 2 2 2 2 2 2 2
left_child=8 2 6 4 -3 -4 -2 -5 9 11 -11 -1 14 -14 -10
right_child=1 3 5 7 -6 -7 -8 -9 12 10 -12 -13 13 -15 -16
leaf_value=0.030312320998516312 -0.0066456019584616643 0.015129778047972385 0.0083065348638364268 -0.014141514268490874 0.0012502790677978925 -0.012369887863533038 -0.025224690611424391 -0.0010160225098824198 -0.030510925986089954 0.030222195402298108 0.00021437564535869356 -0.012729747554044048 0.017481885249236676 0.0032647502105469443 -0.0042302182730028165
leaf_weight=43.418262749910355 318.55448537692428 696.08195152133703 465.83975691348314 289.2637282051146 4195.7934496630915 191.10833927243948 330.01293588429689 16988.439926857594 63.367477998137474 167.25912443548441 14756.646588366944 714.67848406732082 346.41469838097692 3146.9054158311337 91.035785758402199
leaf_count=383 3064 5362 3447 3810 45544 1915 2681 336605 383 1149 202785 4979 6797 97244 1488
internal_value=-1.43782e-06 -0.00061809 -0.00684476 -0.000251416 0.00322524 0.0022917 -0.0160993 -0.00123577 0.000747459 2.78558e-05 0.000550687 -0.0102646 0.00384112 0.00467459 -0.0150159
internal_weight=42804.8 23475.1 1305.52 22169.6 4891.88 656.948 648.567 17277.7 19329.7 15682 14923.9 758.097 3647.72 3493.32 154.403
internal_count=717636 402428 11107 391321 50906 5362 5745 340415 315208 209296 203934 5362 105912 104041 1871
is_linear=0
shrinkage=0.03


Tree=140
num_leaves=16
num_cat=0
split_feature=3 8 8 7 7 8 7 1 2 3 0 7 7 7 6
split_gain=22.4428 24.3624 61.9566 40.4969 31.1099 28.5671 30.4889 13.3475 11.9561 8.62493 7.50534 7.26765 3.51469 3.6672 2.53385
threshold=0.063313037372653605 25.204999923706058 24.97500038146973 -0.068873503122694288 -0.047118301419243939 36.915000915527351 -0.10713815006275694 -0.036522323603471157 0.012610863746012143 -0.073193885547109414 0.01405407673603775 0.016880808679565543 0.024152370197684462 0.026831440884087402 0.098109650077886648
decision_type=2 2 2 2 2 2 2 2 2 2 2 2 2 2 2
left_child=1 2 3 -1 -4 6 -3 12 10 -7 -9 -10 14 -14 -2
right_child=7 5 4 -5 -6 9 -8 8 11 -11 -12 -13 13 -15 -16
leaf_value=0.0054623015917490986 -0.004229741766225821 0.019305238394262715 -0.035839794006139118 -6.3860971165088617e-05 0.0077014372335372765 -0.02084084850083899 0.0042789904402944995 0.019632096203751493 -0.0081563212660083519 -0.0032007580708128124 -0.00077619888419151631 -0.0029455739389950635 0.033303097398567155 -0.013160015157706281 -0.030325288979774601
leaf_weight=1231.8167759887874 4.0173257808201042 154.53705595154315 64.051283538341522 38352.270647049416 19.19434779137373 34.113048366736621 568.99229164700955 16.444189220201224 386.70372548466548 92.827208174392581 1179.4748016451485 638.91867705062032 1.6096428134478618 30.452727164141834 20.12423844775185
leaf_count=14244 144 4078 373 614703 1689 3873 24244 367 6848 9241 21016 15405 23 891 497
internal_value=-1.43817e-06 0.00016145 5.37364e-05 0.000108108 -0.0258003 0.0051854 0.00748841 -0.00289899 -0.00253371 -0.00794123 -0.00049558 -0.00491025 -0.0173372 -0.0108274 -0.0259828
internal_weight=42795.5 40517.8 39667.3 39584.1 83.2456 850.47 723.529 2277.75 2221.54 126.94 1195.92 1025.62 56.2039 32.0624 24.1416
internal_count=717636 672445 631009 628947 2062 41436 28322 45191 43636 13114 21383 22253 1555 914 641
is_linear=0
shrinkage=0.03


Tree=141
num_leaves=15
num_cat=0
split_feature=0 8 8 8 11 8 9 9 9 4 6 4 4 5
split_gain=21.6046 24.922 58.0044 35.7328 30.3531 21.794 36.3239 14.155 2.50085 1.64797 4.53024 2.57193 0.0504332 0.018006
threshold=0.12945330820838183 25.204999923706058 24.97500038146973 24.644999504089359 1.5000000000000002 36.915000915527351 0.39471836451625392 0.2209240964292857 0.90914133794846286 0.057954492652656404 0.13766045880585845 0.086836105337764105 -0.0079127959671003705 0.68195632520302285
decision_type=2 2 2 2 2 2 2 2 2 2 2 2 2 2
left_child=1 2 3 -1 -4 6 -3 -7 9 10 -2 -11 13 -10
right_child=8 5 4 -5 -6 7 -8 -9 12 11 -12 -13 -14 -15
leaf_value=-6.9155750280644007e-05 -0.014035171331252155 0.0062592691200536186 0.006573807186896187 0.013148162038066629 -0.035028143262684192 -0.0021938644529383676 0.06478923890868328 -0.03035657493822758 -0.041856563132642535 0.0071274261365440392 0.018341405220432875 -0.0084595437628789006 -0.014618313479126691 -0.035378378167669651
leaf_weight=41434.60177510092 82.284744410775602 742.48136968165636 20.930101430043578 184.90847987821326 64.197190970182419 116.08750277152285 9.6671096421778184 18.64143580570817 0.44846453983336765 10.532796138431875 4.082554565742611 99.821401115506887 0.099735671188681319 2.7789557836949825
leaf_count=660911 2585 30676 1833 4131 380 11390 378 2173 67 213 155 2270 18 456
internal_value=-1.40504e-06 4.47928e-05 -6.10328e-05 -1.04334e-05 -0.0247995 0.00502115 0.00701153 -0.00609053 -0.00983719 -0.00940097 -0.0125047 -0.00697184 -0.0356293 -0.0362786
internal_weight=42791.6 42591.5 41704.6 41619.5 85.1273 886.877 752.148 134.729 200.049 196.721 86.3673 110.354 3.32716 3.22742
internal_count=717636 711872 667255 665042 2213 44617 31054 13563 5764 5223 2740 2483 541 523
is_linear=0
shrinkage=0.03


Tree=142
num_leaves=16
num_cat=0
split_feature=5 6 4 10 11 10 5 9 0 3 9 0 1 10 3
split_gain=21.3241 27.5083 26.0234 25.2697 35.3778 25.8146 21.3415 19.8582 16.6413 12.1315 11.572 10.3385 9.97653 9.37769 9.14903
threshold=0.56366283843653242 0.0010416604487398231 -0.0039403291665004439 5.5000000000000009 1.5000000000000002 6.5000000000000009 1.0000000180025095e-35 -0.18785404488743349 0.051466270779260727 0.010760258491775422 0.0013420473401838386 0.035956641291422765 0.036797189613328916 3.5000000000000004 0.12008687019488064
decision_type=2 2 2 2 2 2 2 2 2 2 2 2 2 2 2
left_child=2 3 6 4 -2 -5 13 -8 12 10 -4 -11 -3 -1 -10
right_child=1 8 9 5 -6 -7 7 -9 14 11 -12 -13 -14 -15 -16
leaf_value=0.03135465007400564 0.0025309494216601311 -0.00012381386746988205 0.0024848805801711556 0.0059538209593138058 -0.0020191016620201489 0.0016321531198967931 0.0090364989512748926 -0.0030595343219424727 -0.0020753990902832903 -0.00070988940121889915 -0.00051808536697204081 -0.005979031989613505 0.0075065682687722006 -0.026635312887600397 -0.0079822347206878544
leaf_weight=22.435963228344921 2637.7867825110443 12358.28315455839 2412.5285729002208 1495.0253564682789 3688.5137205626816 7407.3912744931877 125.12113850284368 5145.7662240094505 2303.0526533122174 2158.7206016392447 2215.5300364564173 396.72543790563941 156.1647527506575 2.8258765381760886 262.94168998021632
leaf_count=300 43776 196606 41335 20563 64732 125215 2405 83583 48477 34572 39470 7799 2412 51 6340
internal_value=-1.37917e-06 0.000428361 -0.00104508 0.00132774 -0.000121932 0.00235791 -0.00264056 -0.0027724 -0.000479859 0.000131207 0.00104731 -0.00152791 -2.85962e-05 0.0248677 -0.00268068
internal_weight=42788.8 30309.2 12479.7 15228.7 6326.3 8902.42 5296.15 5270.89 15080.4 7183.5 4628.06 2555.45 12514.4 25.2618 2565.99
internal_count=717636 508121 209515 254286 108508 145778 86339 85988 253835 123176 80805 42371 199018 351 54817
is_linear=0
shrinkage=0.03


Tree=143
num_leaves=16
num_cat=0
split_feature=7 7 10 7 8 4 8 8 7 7 8 10 8 8 8
split_gain=21.9758 68.2829 73.0498 101.192 99.5842 67.0445 44.9265 41.7622 33.7804 81.198 74.5949 104.072 76.0631 62.9104 49.6466
threshold=0.070607989530113172 0.062404035955040078 7.5000000000000009 0.027342339511216677 11.835000038146974 -0.047906460151634793 10.550000190734865 13.904999732971193 0.10713889956351953 0.10993511381282851 20.875000000000004 8.5000000000000018 21.304999351501468 15.614999771118166 12.085000038146974
decision_type=2 2 2 2 2 2 2 2 2 2 2 2 2 2 2
left_child=1 2 4 -4 -1 7 -7 -3 10 13 11 -2 -12 -10 -11
right_child=8 5 3 -5 -6 6 -8 -9 9 14 12 -13 -14 -15 -16
leaf_value=-0.0069805258116565089 0.0074747315534488459 -0.02207378792330654 0.0068983680472773793 0.00018640656946359424 -0.00030581485493168942 -0.034376696624008572 -0.0023994993871522302 0.006111629853376559 -0.021667340926041018 -0.016280503419001204 -0.054290980694420947 -0.0024796188718896142 -0.0057905236505652437 0.0045997652387838525 0.0012548852863666349
leaf_weight=2247.5250771911815 2867.1181633188389 297.61806158255786 2834.8560249162838 7046.6825025626458 19174.523114858195 40.547413900494576 1595.570415248163 56.255669096950442 269.01039355434477 150.35643235594034 32.070520140230656 1410.1703641936183 314.41868173936382 118.082938301377 4331.0602725064382
leaf_count=24056 51300 2681 63916 101356 271528 250 28974 2363 4596 1915 383 27158 7941 3426 125793
internal_value=-1.34505e-06 -0.000364381 -2.18292e-05 0.00211196 -0.0010061 -0.00575289 -0.00319198 -0.0175931 0.00127198 -0.000472112 0.00310838 0.0041929 -0.0102797 -0.0136546 0.000666554
internal_weight=42785.9 33293.6 31303.6 9881.54 21422 1989.99 1636.12 353.874 9492.29 4868.51 4623.78 4277.29 346.489 387.093 4481.42
internal_count=717636 495124 460856 165272 295584 34268 29224 5044 222512 135730 86782 78458 8324 8022 127708
is_linear=0
shrinkage=0.03


Tree=144
num_leaves=16
num_cat=0
split_feature=9 8 8 8 7 9 8 7 7 7 8 8 7 9 7
split_gain=21.3472 55.3965 97.1187 88.479 114.423 52.3632 48.8122 89.2513 155.517 79.3612 65.6348 82.9789 62.8532 36.435 8.13218
threshold=-0.021832395754033281 10.944999694824221 9.6950001716613787 12.59500026702881 0.019738000221323663 0.034861324838938564 17.069999694824222 -0.052327299980846724 -0.045597680991572291 -0.082040370655703396 18.675000190734867 18.884999275207523 -0.038367579922955579 0.026328657579951734 0.047945214177757219
decision_type=2 2 2 2 2 2 2 2 2 2 2 2 2 2 2
left_child=6 2 14 4 -3 -5 7 9 -9 -1 12 -12 -8 -4 -2
right_child=1 3 13 5 -6 -7 10 8 -10 -11 11 -13 -14 -15 -16
leaf_value=0.029552294677544041 0.021116492850968966 0.014557118308067721 -0.0049218222510411169 -0.0034567908195672682 0.0014407106098851652 -2.9055475513926139e-05 0.015990046276059565 0.029411865234760151 0.00020753546024058554 -0.012426985530394641 -0.017108975302933253 0.0024420950927349647 0.0037384606416742449 -0.015823385001610946 0.0083349545563557153
leaf_weight=42.976013787090778 70.755224213004112 697.12192601338029 587.37415283173323 6247.1071660886519 4234.8980047851801 11205.827977987938 611.43693111650646 165.96716372668743 14636.007091910578 712.22884976863861 220.35781048191711 1723.2758562355302 982.33713231468573 520.36239906400442 122.1310456097126
leaf_count=383 383 5362 5362 134433 46310 210156 5362 1149 199746 4979 2240 75648 20761 4596 766
internal_value=-1.36171e-06 -0.000603066 -0.00662205 -0.000253348 0.00329466 -0.00125598 0.000745013 2.17312e-05 0.000534989 -0.0100381 0.00392594 0.000225509 0.00843867 -0.0100429 0.0130235
internal_weight=42780.2 23685.6 1300.62 22385 4932.02 17452.9 19094.6 15557.2 14802 755.205 3537.41 1943.63 1593.77 1107.74 192.886
internal_count=717636 407368 11107 396261 51672 344589 310268 206257 200895 5362 104011 77888 26123 9958 1149
is_linear=0
shrinkage=0.03


Tree=145
num_leaves=16
num_cat=0
split_feature=7 7 8 10 8 8 8 7 8 10 7 8 8 8 7
split_gain=21.2134 59.0467 146.063 108.125 53.9033 53.6425 41.0682 35.6561 107.548 88.3965 76.563 61.1559 59.7291 46.979 24.5232
threshold=0.074472296542468688 0.041725045582279859 11.204999923706056 10.500000000000002 11.835000038146974 19.389999389648441 13.00500011444092 0.10713889956351953 20.875000000000004 8.5000000000000018 0.10993511381282851 21.304999351501468 15.614999771118166 12.085000038146974 0.071299093251242521
decision_type=2 2 2 2 2 2 2 2 2 2 2 2 2 2 2
left_child=1 2 3 -1 -4 6 -3 8 9 -2 12 -10 -9 -12 -7
right_child=7 5 4 -5 -6 14 -8 10 11 -11 13 -13 -14 -15 -16
leaf_value=0.0052961418512077578 0.0077694073346575758 -0.0017565478512758571 -0.0051698193650392627 0.024801887650442868 0.00019521512497915457 0.0049824029624817422 -0.0065891006503937099 -0.021097582282662574 -0.052944387382946441 -0.0022331389779491652 -0.015842421506895809 -0.0091132532192345472 0.0045091249021087902 0.0012380081024467538 0.025067552684445136
leaf_weight=1481.9307426922023 2639.504182797391 6510.6336554116569 1831.1542167812586 309.11543791741133 21180.298338433262 347.4191742525436 2090.9888472021557 267.8059698920697 31.94572726637125 1137.9874824816361 149.94405541010201 277.64880663529038 118.15185997262597 4331.3084671795368 64.936210595071316
leaf_count=11107 44975 65606 15703 3447 321985 21135 67031 4596 383 22569 1915 6841 3426 125793 1124
internal_value=-1.36009e-06 -0.000345159 0.000410569 0.00866263 -0.000231712 -0.00242459 -0.0029313 0.00129702 0.0033629 0.00475609 -0.000437741 -0.013636 -0.0132587 0.000666492 0.00814534
internal_weight=42770.8 33816.5 24802.5 1791.05 23011.5 9013.98 8601.62 8954.3 4087.09 3777.49 4867.21 309.595 385.958 4481.25 412.355
internal_count=717636 507138 352242 14554 337688 154896 132637 210498 74768 67544 135730 7224 8022 127708 22259
is_linear=0
shrinkage=0.03


Tree=146
num_leaves=16
num_cat=0
split_feature=9 9 9 9 9 3 4 8 8 6 1 11 0 0 2
split_gain=20.5739 32.2483 41.8029 112.792 85.2179 8.11674 6.33989 4.4676 0.381899 0.120662 0.270036 0.082265 0.0767015 0.0691235 0.00284891
threshold=0.90914133794846286 0.56746320277959439 0.2851636982461771 0.21062456473434024 0.33015515565565895 -0.038155042589481374 -0.052213871609502076 22.729999542236332 61.489999771118171 0.069933847707841237 -0.012337922018680081 1.5000000000000002 0.12945330820838183 0.050978618114514408 0.00024151692837259185
decision_type=2 2 2 2 2 2 2 2 2 2 2 2 2 2 2
left_child=1 2 3 -1 -4 7 -7 -3 9 13 -11 12 -10 -2 -13
right_child=8 5 4 -5 -6 6 -8 -9 11 10 -12 14 -14 -15 -16
leaf_value=-0.00013282498904354181 -0.049526025605329607 0.0053444834304193388 -0.021501483137650677 0.011301822355073984 0.00022661452637625889 -0.012563974829142783 0.010387792775444228 0.022531664163942904 -0.048422024495169011 2.410922803019584e-05 -0.035475923496744569 -0.038042946754740119 -0.03170725251095189 -0.034402779141663932 -0.040792931556681095
leaf_weight=41084.635003453121 0.29031266225501706 16.650720804929733 246.74314755853266 791.33476452622563 475.55699722049758 13.766380528919397 50.808292648755014 74.573885956313461 3.3733508065342908 0.29686075355857611 0.55037478078156699 0.39223754545673761 0.26661278121173371 4.3135448251850903 2.5002273540012538
leaf_count=688872 31 182 4914 13245 6846 125 527 1433 345 30 74 50 28 611 323
internal_value=-1.357e-06 9.65925e-06 -4.01687e-05 8.32568e-05 -0.00719587 0.0136335 0.00549481 0.0193946 -0.0393044 -0.0334417 -0.0230372 -0.0441967 -0.0471977 -0.0353564 -0.04042
internal_weight=42766.1 42754.1 42598.3 41876 722.3 155.799 64.5747 91.2246 11.9835 5.45109 0.847236 6.53243 3.63996 4.60386 2.89246
internal_count=717636 716144 713877 702117 11760 2267 652 1615 1492 746 104 746 373 642 373
is_linear=0
shrinkage=0.03


Tree=147
num_leaves=16
num_cat=0
split_feature=9 9 7 9 10 10 7 9 10 7 7 7 9 10 7
split_gain=20.5964 55.924 124.169 91.1519 98.5351 69.0571 57.1856 43.5313 99.4339 128.025 57.421 69.7283 42.9528 37.9909 28.6672
threshold=-0.020427742652172672 -0.0070679743913715223 -0.062857639786137773 -0.0028985656142215262 11.500000000000002 7.5000000000000009 0.032682122528171494 -0.080468742965251513 9.5000000000000018 -0.012433950021172256 -0.09043602802703686 0.031728879549239981 -0.08278949873472756 4.5000000000000009 -0.073798217113713524
decision_type=2 2 2 2 2 2 2 2 2 2 2 2 2 2 2
left_child=7 2 14 4 -3 -5 -4 8 9 -1 13 -12 -10 -9 -2
right_child=1 3 6 5 -6 -7 -8 10 12 -11 11 -13 -14 -15 -16
leaf_value=-0.0042634362970194496 -0.010012889160545661 0.012288809409068504 -0.016036919413498066 -0.0018825762447678884 -0.031088046932164246 0.0017034087370760439 -0.0040555044688038253 -0.034618470689505125 -0.0055193777441362958 0.003997561142142789 0.0051060229842940074 0.00019582228792050586 -0.01859829321225764 0.0026995517392333257 0.034670140681027355
leaf_weight=2874.0112268100493 15.347645740956066 771.82781521650031 485.39034278038889 12972.998055882286 50.197522757574916 7703.0073095965199 1371.6471889982931 63.740747094154358 1166.8456070977263 4092.7560358061455 4381.8440953451209 6411.2389843631536 280.27314355876297 39.933623841032386 81.776022136211395
leaf_count=33348 1497 11763 11925 209516 766 140777 25801 383 25277 76161 58174 115787 3815 2263 383
internal_value=-1.33037e-06 -0.000598765 -0.00545778 -0.000157084 0.00963997 -0.00054659 -0.00718719 0.000724236 -0.00089673 0.000589639 0.00197586 0.0021893 -0.00805246 -0.0202442 0.0276093
internal_weight=42762.8 23452.2 1954.16 21498 822.025 20676 1857.04 19310.6 8413.89 6966.77 10896.8 10793.1 1447.12 103.674 97.1237
internal_count=717636 402428 39606 362822 12529 350293 37726 315208 138601 109509 176607 173961 29092 2646 1880
is_linear=0
shrinkage=0.03


Tree=148
num_leaves=16
num_cat=0
split_feature=3 9 10 11 9 7 11 1 9 11 9 3 9 9 6
split_gain=20.5107 29.1599 38.4835 34.7877 28.2273 87.0672 66.5425 12.4616 11.1529 14.389 13.1873 3.96957 3.39406 1.89038 1.59306
threshold=0.063313037372653605 -0.18785404488743349 7.5000000000000009 1.0000000180025095e-35 -0.080468742965251513 -0.0070307577423159842 1.5000000000000002 -0.036522323603471157 0.011305193048461561 3.5000000000000004 -0.24498171258407594 -0.027742332488832285 -0.080468742965251513 -0.074814409894855979 0.069933847707841237
decision_type=2 2 2 2 2 2 2 2 2 2 2 2 2 2 2
left_child=1 2 3 -1 5 -3 -6 12 10 -10 -9 -4 14 -14 -2
right_child=7 4 11 -5 6 -7 -8 8 9 -11 -12 -13 13 -15 -16
leaf_value=0.018772088528031319 -0.0001236733411095853 -0.006829194393810115 -0.034615383444604637 0.003949796817418947 0.0019820982729473404 0.00059935802815004439 -0.00075805822381890854 -0.012610428405271119 -0.0079616420500556381 0.0035341432075554082 -0.00042213912577261713 -0.014056852559094888 0.017422855091198994 -0.013795944357275221 -0.032778390836257866
leaf_weight=170.81638291105628 1.5019904379732896 2090.6373150115833 9.9348321584984642 859.88364696456119 13622.118088020012 4426.7096404326148 19243.899923033547 84.395010551437736 515.25649236608297 121.00637385575101 1497.9351355703548 56.664317823015153 1.8259155838750292 39.713321518618613 12.828343073837457
leaf_count=1794 70 24220 174 13594 220318 83054 327378 1339 10434 2252 29611 1913 41 1017 427
internal_value=-1.33914e-06 0.000154413 0.00497816 0.00640627 2.00134e-05 -0.00178358 0.000377666 -0.00277339 -0.00242101 -0.00577534 -0.00107221 -0.0171236 -0.0167667 -0.0124237 -0.0293558
internal_weight=42755.1 40480.7 1097.3 1030.7 39383.4 6517.35 32866 2274.46 2218.59 636.263 1582.33 66.5991 55.8696 41.5392 14.3303
internal_count=717636 672445 17475 15388 654970 107274 547696 45191 43636 12686 30950 2087 1555 1058 497
is_linear=0
shrinkage=0.03


Tree=149
num_leaves=16
num_cat=0
split_feature=5 8 6 7 8 9 7 7 10 7 9 3 7 1 2
split_gain=20.1387 30.0499 28.2348 22.6904 35.8158 28.2262 24.0026 67.9726 22.3107 20.1109 19.5567 14.3197 13.0825 13.4673 7.82871
threshold=0.56366283843653242 9.6950001716613787 0.0010416604487398231 -0.068873503122694288 15.614999771118166 -0.075894393586487016 -0.012433950021172256 -0.026479231941803513 5.5000000000000009 0.0030690030408574436 -0.042700626972351767 0.084947011752216542 0.046560036116797272 -0.017549619056482543 0.0063117122723411025
decision_type=2 2 2 2 2 2 2 2 2 2 2 2 2 2 2
left_child=3 12 8 4 10 -6 7 -5 -3 -8 -1 -4 14 -14 -2
right_child=1 2 11 6 5 -7 9 -9 -10 -11 -12 -13 13 -15 -16
leaf_value=-0.025354622211702649 0.030813848045449881 -0.00013554909497803292 -0.00037215979218352944 -0.001491097921135161 0.02059211506661866 -0.0019142620696572272 0.0057131651339614418 -0.013500190075654964 0.002205936248227779 -0.000822914514790914 0.030304564919682205 -0.0041317646154471746 -0.018199932735090376 0.0078832167768596601 0.0084083680343792749
leaf_weight=6.2347872033715239 34.879803121089935 6304.2727743205614 13875.782916360069 2366.4446484218352 60.452441432513297 294.32089240383357 445.33620020700619 516.8270558542572 8739.893615019042 8712.9401803929359 64.024320676922798 975.91245617019013 18.896864339709282 311.38130919635296 23.48596628010273
leaf_count=55 190 108406 231589 20223 3202 6688 12102 8546 144892 158289 410 21009 108 1799 128
internal_value=-1.31272e-06 0.000416447 0.0003087 -0.00101616 0.00579623 0.00192077 -0.00125661 -0.00364373 0.00122473 -0.000505087 0.0253654 -0.000619205 0.00870469 0.00639087 0.021798
internal_weight=42751.1 30284.5 29895.9 12466.6 425.032 354.773 12041.5 2883.27 15044.2 9158.28 70.2591 14851.7 388.644 330.278 58.3658
internal_count=717636 508121 505896 209515 10355 9890 199160 28769 253298 170391 465 252598 2225 1907 318
is_linear=0
shrinkage=0.03


end of trees

feature_importances:
Market_Regime_200=601
VIX_Close=477
VIX_5d_Change=409
Month=269
DayOfWeek=147
Dist_SMA_50=83
Dist_SMA_10=58
Volume_Ratio=49
Intraday_Range=42
Relative_Strength_10d=41
Close_Open_Momentum=31
Top_Wick_Rejection=20

parameters:
[boosting: gbdt]
[objective: binary]
[metric: binary_logloss]
[tree_learner: serial]
[device_type: cpu]
[data_sample_strategy: bagging]
[data: ]
[valid: ]
[num_iterations: 150]
[learning_rate: 0.03]
[num_leaves: 31]
[num_threads: 8]
[seed: 42]
[deterministic: 0]
[force_col_wise: 0]
[force_row_wise: 0]
[histogram_pool_size: -1]
[max_depth: 4]
[min_data_in_leaf: 20]
[min_sum_hessian_in_leaf: 0.001]
[bagging_fraction: 0.8]
[pos_bagging_fraction: 1]
[neg_bagging_fraction: 1]
[bagging_freq: 0]
[bagging_seed: 400]
[bagging_by_query: 0]
[feature_fraction: 0.8]
[feature_fraction_bynode: 1]
[feature_fraction_seed: 30056]
[extra_trees: 0]
[extra_seed: 12879]
[early_stopping_round: 0]
[early_stopping_min_delta: 0]
[first_metric_only: 0]
[max_delta_step: 0]
[lambda_l1: 0]
[lambda_l2: 0]
[linear_lambda: 0]
[min_gain_to_split: 0]
[drop_rate: 0.1]
[max_drop: 50]
[skip_drop: 0.5]
[xgboost_dart_mode: 0]
[uniform_drop: 0]
[drop_seed: 17869]
[top_rate: 0.2]
[other_rate: 0.1]
[min_data_per_group: 100]
[max_cat_threshold: 32]
[cat_l2: 10]
[cat_smooth: 10]
[max_cat_to_onehot: 4]
[top_k: 20]
[monotone_constraints: ]
[monotone_constraints_method: basic]
[monotone_penalty: 0]
[feature_contri: ]
[forcedsplits_filename: ]
[refit_decay_rate: 0.9]
[cegb_tradeoff: 1]
[cegb_penalty_split: 0]
[cegb_penalty_feature_lazy: ]
[cegb_penalty_feature_coupled: ]
[path_smooth: 0]
[interaction_constraints: ]
[verbosity: -1]
[saved_feature_importance_type: 0]
[use_quantized_grad: 0]
[num_grad_quant_bins: 4]
[quant_train_renew_leaf: 0]
[stochastic_rounding: 1]
[linear_tree: 0]
[max_bin: 255]
[max_bin_by_feature: ]
[min_data_in_bin: 3]
[bin_construct_sample_cnt: 200000]
[data_random_seed: 175]
[is_enable_sparse: 1]
[enable_bundle: 1]
[use_missing: 1]
[zero_as_missing: 0]
[feature_pre_filter: 1]
[pre_partition: 0]
[two_round: 0]
[header: 0]
[label_column: ]
[weight_column: ]
[group_column: ]
[ignore_column: ]
[categorical_feature: ]
[forcedbins_filename: ]
[precise_float_parser: 0]
[parser_config_file: ]
[objective_seed: 16083]
[num_class: 1]
[is_unbalance: 0]
[scale_pos_weight: 1]
[sigmoid: 1]
[boost_from_average: 1]
[reg_sqrt: 0]
[alpha: 0.9]
[fair_c: 1]
[poisson_max_delta_step: 0.7]
[tweedie_variance_power: 1.5]
[lambdarank_truncation_level: 30]
[lambdarank_norm: 1]
[label_gain: ]
[lambdarank_position_bias_regularization: 0]
[eval_at: ]
[multi_error_top_k: 1]
[auc_mu_weights: ]
[num_machines: 1]
[local_listen_port: 12400]
[time_out: 120]
[machine_list_filename: ]
[machines: ]
[gpu_platform_id: -1]
[gpu_device_id: -1]
[gpu_device_id_list: ]
[gpu_use_dp: 0]
[num_gpu: 1]

end of parameters

pandas_categorical:[]
