tree
version=v4
num_class=1
num_tree_per_iteration=1
label_index=0
max_feature_idx=9
objective=binary sigmoid:1
feature_names=Intraday_Range Close_Open_Momentum Top_Wick_Rejection Dist_SMA_10 Dist_SMA_50 Volume_Ratio Relative_Strength_10d Market_Regime_200 Month DayOfWeek
feature_infos=[0:0.4756494119730717] [-0.23653846847940507:0.37790417413126204] [0:0.30275977253009195] [-0.70752431989358766:0.48138450653989318] [-0.73291961043415499:1.1287288979094932] [0:18.665725204075979] [-0.76170025755515636:1.1222345017142943] [-0.34142277973741597:0.30054769648402835] [1:12] [0:5]
tree_sizes=1878 1902 1911 1900 1910 1905 1891 1906 1906 1904 1914 1915 1907 1916 1919 1898 1908 1908 1928 1921 1921 1901 1917 1918 1910 1908 1915 1925 1904 1914 1918 1909 1913 1915 1920 1919 1913 1918 1900 1917 1921 1919 1908 1908 1929 1908 1916 1904 1935 1915 1938 1925 1910 1926 1929 1915 1923 1945 1907 1911 1917 1924 1943 1921 1938 1907 1929 1944 1910 1943 1902 1924 1918 1905 1922 1906 1904 1936 1924 1925 1934 1923 1891 1918 1924 1925 1906 1912 1898 1922 1917 1897 1924 1895 1905 1893 1924 1914 1928 1923 1899 1949 1921 1908 1914 1921 1901 1921 1934 1896 1908 1927 1911 1919 1908 1933 1920 1921 1894 1955 1923 1934 1900 1906 1921 1937 1942 1922 1907 1929 1939 1920 1916 1916 1933 1927 1927 1932 1944 1908 1943 1933 1929 1894 1929 1940 1935 1926 1936 1917

Tree=0
num_leaves=16
num_cat=0
split_feature=8 7 8 7 0 5 7 7 7 7 8 7 7 4 4
split_gain=1292.25 1066.33 557.988 393.476 335.524 292.774 283.577 174.219 146.69 125.255 106.464 61.1663 31.2748 30.7875 21.1999
threshold=2.5000000000000004 -0.06846028159537397 3.5000000000000004 0.07694626914134807 0.020730487767588079 1.0000000180025095e-35 -0.10492534064802615 -0.08944279441250895 0.022886261234973729 -0.0053794305034632331 8.5000000000000018 0.099369190121537901 0.18009909587881581 0.095986024152662899 0.10089509106825535
decision_type=2 2 2 2 2 2 2 2 2 2 2 2 2 2 2
left_child=3 2 6 8 5 -3 -2 -4 9 -1 -6 14 -13 -10 -5
right_child=1 4 7 11 10 -7 -8 -9 13 -11 -12 12 -14 -15 -16
leaf_value=-0.77138736208366165 -0.71418497848725204 -0.68062325511578325 -0.73011335800066324 -0.74172745615706304 -0.74831217317375986 -0.75691315540688486 -0.75589605941034643 -0.70417817658568382 -0.77753375859220009 -0.76031170120520764 -0.75274215281474977 -0.7562850620931747 -0.74324929035351062 -0.76177664273379653 -0.72029866570134404
leaf_weight=1728.8402186995372 189.05111206695437 45.485203607473522 364.19169408269227 214.29017058201134 14055.202342404518 9709.9076014063321 654.72241605725139 647.65500790858641 1489.1721399892122 1961.6957293380983 7481.4181945873424 834.04682246036828 206.68695850577205 120.64070030115545 51.545681398361921
leaf_count=22245 6361 460 19534 5443 237667 151141 4586 11780 33581 27546 168206 14554 15319 4642 1068
internal_value=-0.753046 -0.750632 -0.728536 -0.765161 -0.751942 -0.756557 -0.746551 -0.713513 -0.768796 -0.7655 -0.749851 -0.750416 -0.753696 -0.776353 -0.737572
internal_weight=39754.6 33147.6 1855.62 6606.92 31292 9755.39 843.774 1011.85 5300.35 3690.54 21536.6 1306.57 1040.73 1609.81 265.836
internal_count=724133 599735 42261 124398 557474 151601 10947 31314 88014 49791 405873 36384 29873 38223 6511
is_linear=0
shrinkage=1


Tree=1
num_leaves=16
num_cat=0
split_feature=8 7 8 9 7 0 5 7 7 7 8 7 7 7 7
split_gain=1220.35 992.979 511.936 422.373 373.68 315.619 269.189 157.578 140.697 119.53 106.825 57.1841 29.3624 24.3299 18.1841
threshold=2.5000000000000004 -0.06846028159537397 3.5000000000000004 1.5000000000000002 0.07694626914134807 0.020730487767588079 1.0000000180025095e-35 -0.08944279441250895 0.022886261234973729 -0.0053794305034632331 3.5000000000000004 0.099369190121537901 0.18009909587881581 0.023917984704357801 0.098381663877460959
decision_type=2 2 2 2 2 2 2 2 2 2 2 2 2 2 2
left_child=4 2 3 -2 8 6 -3 -4 9 -1 -7 14 -13 -10 -6
right_child=1 5 7 -5 11 10 -8 -9 13 -11 -12 12 -14 -15 -16
leaf_value=-0.017911758430813482 0.029418420506546337 0.06849580745999892 0.022061926377630908 -0.013145508592298598 0.010200428665355111 -0.0035685865914219625 -0.0037561922096839783 0.046588010392395025 -0.035448008638709269 -0.0070662764394421483 0.003764808563465458 -0.0031453539607596667 0.009469325690638011 -0.021718641248998853 0.027882793799150228
leaf_weight=1717.3471244079992 386.05736392643303 46.631909620482475 367.16604040097445 459.64202511962503 195.8721089400351 1967.2264380403794 9696.3803422413766 658.79502367367968 126.13428293168545 1956.5535195567645 19594.096981577575 833.07386842556298 207.41223334241658 1470.0475628194399 71.4304452650249
leaf_count=22245 4909 460 19534 6038 5362 39200 151141 11780 766 27546 366673 14554 15319 37457 1149
internal_value=-5.97691e-07 0.00233988 0.0235659 0.0062847 -0.011805 0.00107079 -0.00341038 0.0378107 -0.0153669 -0.0121359 0.00309572 0.00254888 -0.000630723 -0.0228036 0.0149256
internal_weight=39753.9 33176 1871.66 845.699 6577.87 31304.3 9743.01 1025.96 5270.08 3673.9 21561.3 1307.79 1040.49 1596.18 267.303
internal_count=724133 599735 42261 10947 124398 557474 151601 31314 88014 49791 405873 36384 29873 38223 6511
is_linear=0
shrinkage=0.03


Tree=2
num_leaves=16
num_cat=0
split_feature=8 7 8 7 0 7 0 7 7 7 8 7 4 7 4
split_gain=1152.45 925.499 470.817 354.862 296.901 251.826 218.92 143.194 134.972 114.068 112.999 53.4795 29.805 27.5699 19.2689
threshold=2.5000000000000004 -0.06846028159537397 3.5000000000000004 0.07694626914134807 0.019869473180358539 -0.10492534064802615 1.0000000180025095e-35 -0.08944279441250895 0.022886261234973729 -0.0053794305034632331 8.5000000000000018 0.099369190121537901 0.095986024152662899 0.18009909587881581 0.10089509106825535
decision_type=2 2 2 2 2 2 2 2 2 2 2 2 2 2 2
left_child=3 2 5 8 6 -2 -3 -4 9 -1 -6 14 -10 -13 -5
right_child=1 4 7 11 10 -7 -8 -9 12 -11 -12 13 -14 -15 -16
leaf_value=-0.017492195695588863 0.03617794262760482 0.054187847000435774 0.021235378336045267 0.010445020981226145 0.0044123245775101044 -0.002804906219894892 -0.0040409561640910602 0.044494686283539232 -0.023487708664718526 -0.0068722317588304788 -4.1455934591406593e-05 -0.0030545205713047672 -0.0078918332582644593 0.0091540892193077549 0.030715164675988726
leaf_weight=1705.9572682082653 193.17237902618945 58.501156273763627 369.96975792106241 216.25498384423554 14686.474573721178 654.29752735607326 8694.3803206803277 668.93488783063367 1463.3252626215108 1951.522332765162 7876.6839981959201 832.12644244916737 119.27307121641934 208.10737598780543 52.442616077139974
leaf_count=22245 6361 664 19534 5443 246680 4586 135037 11780 33581 27546 175093 14554 4642 15319 1068
internal_value=-1.14723e-06 0.00226746 0.0226752 -0.0115026 0.00103817 0.00608085 -0.00365178 0.0362117 -0.0149928 -0.0118257 0.00285753 0.00246984 -0.0223123 -0.000612087 0.0144012
internal_weight=39751.4 33202.4 1886.37 6549.01 31316 847.47 8752.88 1038.9 5240.08 3657.48 22563.2 1308.93 1582.6 1040.23 268.698
internal_count=724133 599735 42261 124398 557474 10947 135701 31314 88014 49791 421773 36384 38223 29873 6511
is_linear=0
shrinkage=0.03


Tree=3
num_leaves=16
num_cat=0
split_feature=7 9 0 5 7 7 9 7 7 7 7 9 7 7 0
split_gain=1056.87 438.864 321.033 234.853 165.155 143.293 305.13 137.49 76.182 68.4753 56.9698 47.3552 26.0809 25.7058 18.2144
threshold=-0.06846028159537397 3.5000000000000004 0.024069642251114621 1.0000000180025095e-35 0.073329220327050262 -0.072542947547819023 1.5000000000000002 0.081932593887314678 0.041437692208296968 0.1069330752711657 -0.085133075210050965 2.5000000000000004 -0.039637858455555113 -0.2598207951683007 0.039752714592898857
decision_type=2 2 2 2 2 2 2 2 2 2 2 2 2 2 2
left_child=1 5 3 12 8 6 -1 -5 -4 -6 13 -7 -2 -3 -12
right_child=2 10 4 7 9 11 -8 -9 -10 -11 14 -13 -14 -15 -16
leaf_value=0.034717782508173291 0.067593982453796261 0.066867594005101741 0.00089581295315845164 -0.0059023904843904396 0.0097072230401696446 0.036899022320024379 0.0044913708388238582 0.0015433327771951081 -0.0038400028942179292 0.0027646229476600728 0.036864665109919467 0.061008083536951349 -0.012071900253784205 -0.016284775342276351 0.0025606259104909287
leaf_weight=829.67574887722731 45.12904073484242 3.3873066185042253 13034.60007886216 12870.442655467428 2338.9373365198262 181.78955963812768 471.32929593790323 2700.3211200372316 3993.7380595277064 2820.3560229316354 25.058463864959776 122.89344289898872 4.0286081521771839 274.30414742324501 31.369349887594581
leaf_count=16626 386 373 201051 186201 47295 1907 15442 67418 85321 93730 765 766 87 6036 729
internal_value=-1.61712e-06 0.0215951 -0.00110969 -0.00440444 0.00120979 0.0281043 0.0237673 -0.00461113 -0.000214901 0.00591201 -0.00968631 0.0466234 0.0610651 -0.0152705 0.0177944
internal_weight=39747.4 1939.81 37807.6 15619.9 22187.6 1605.69 1301.01 15570.8 17028.3 5159.29 334.119 304.683 49.1576 277.691 56.4278
internal_count=724133 42644 681489 254092 427397 34741 32068 253619 286372 141025 7903 2673 473 6409 1494
is_linear=0
shrinkage=0.03


Tree=4
num_leaves=16
num_cat=0
split_feature=8 7 8 7 0 7 5 8 7 7 8 7 7 7 7
split_gain=1085.84 800.614 423.083 330.928 268.431 225.864 215.647 136.358 128.376 109.512 102.802 49.015 25.9691 23.8529 16.4793
threshold=2.5000000000000004 -0.06846028159537397 3.5000000000000004 0.07694626914134807 0.020730487767588079 -0.10492534064802615 1.0000000180025095e-35 4.5000000000000009 0.022886261234973729 -0.0053794305034632331 3.5000000000000004 0.099369190121537901 0.18009909587881581 0.023917984704357801 0.098381663877460959
decision_type=2 2 2 2 2 2 2 2 2 2 2 2 2 2 2
left_child=3 2 5 8 6 -2 -3 -4 9 -1 -6 14 -13 -10 -5
right_child=1 4 7 11 10 -7 -8 -9 13 -11 -12 12 -14 -15 -16
leaf_value=-0.017074102046351545 0.033482133054349883 0.059576200715824916 0.046248966829226405 0.009157574679346879 -0.0036304932014928639 -0.0031270762258054042 -0.0034202693048303624 0.024464470562815688 -0.03443721742356854 -0.0066420877760069615 0.0035602283122627789 -0.0030609146336576356 0.0087686411607774024 -0.020686671010147921 0.025858623018928543
leaf_weight=1694.4519743090495 197.22219771333039 49.154048126190901 449.3208040446043 197.99578275717795 1968.7360199689865 656.72547333035618 9655.1237348751165 609.23848967067897 123.22770412266254 1945.5245143682696 19639.699665289372 832.19180509634316 208.95351679809391 1443.9967202926055 72.69640265032649
leaf_count=22245 6361 460 9026 5362 39200 4586 151141 22288 766 27546 366673 14554 15319 37457 1149
internal_value=-1.91235e-06 0.00219456 0.0210379 -0.0111965 0.00104365 0.00532795 -0.00310118 0.0337112 -0.0145892 -0.0114983 0.00290508 0.00227007 -0.000686772 -0.0217678 0.0136428
internal_weight=39744.3 33225.2 1912.51 6519.04 31312.7 853.948 9704.28 1058.56 5207.2 3639.98 21608.4 1311.84 1041.15 1567.22 270.692
internal_count=724133 599735 42261 124398 557474 10947 151601 31314 88014 49791 405873 36384 29873 38223 6511
is_linear=0
shrinkage=0.03


Tree=5
num_leaves=16
num_cat=0
split_feature=8 7 9 7 8 7 7 8 8 7 7 7 4 7 4
split_gain=1025.46 747.772 406.094 314.238 259.015 484.378 427.447 150.479 135.242 123.188 104.499 45.8793 28.8018 24.3911 17.4309
threshold=2.5000000000000004 -0.06846028159537397 3.5000000000000004 0.07694626914134807 6.5000000000000009 0.029020989790531807 0.019194096811663622 3.5000000000000004 3.5000000000000004 0.022886261234973729 -0.0053794305034632331 0.099369190121537901 0.095986024152662899 0.18009909587881581 0.10089509106825535
decision_type=2 2 2 2 2 2 2 2 2 2 2 2 2 2 2
left_child=3 2 8 9 6 -6 -3 -4 -2 10 -1 14 -11 -13 -5
right_child=1 4 7 11 5 -7 -8 -9 -10 12 -12 13 -14 -15 -16
leaf_value=-0.016673264126140782 0.015367907597299958 -0.00028776540234116672 -0.025112419271726277 0.0094185205745448211 0.0069258949193718574 -0.0041149286765716688 0.010882815846643233 0.023601023856666594 0.033062686213051189 -0.022470394862636321 -0.0064589649195813731 -0.0029724393012031535 -0.0070439275244925867 0.008479550659669979 0.028540328892062657
leaf_weight=1683.3031832836568 639.51460950355977 7492.5671881497838 215.65942987706512 218.5295634008944 4832.0159648410045 13760.435923895333 5238.5165189993568 77.61008148919791 991.36579979490489 1435.9299947638065 1940.7368144434877 831.26758840121329 117.86645093699917 209.58517536334693 53.385963851585984
leaf_count=22245 8679 81269 2268 5443 92339 263011 120855 5252 26062 33581 27546 14554 4642 15319 1068
internal_value=-2.30498e-06 0.002127 0.0202797 -0.0109095 0.00101191 -0.00124551 0.00430864 -0.012221 0.0261241 -0.0142333 -0.0112033 0.00220006 -0.0213002 -0.000666477 0.0131728
internal_weight=39738.3 33247.7 1924.15 6490.6 31323.5 18592.5 12731.1 293.27 1630.88 5177.84 3624.04 1312.77 1553.8 1040.85 271.916
internal_count=724133 599735 42261 124398 557474 355350 202124 7520 34741 88014 49791 36384 38223 29873 6511
is_linear=0
shrinkage=0.03


Tree=6
num_leaves=16
num_cat=0
split_feature=7 9 0 5 7 7 9 7 9 7 7 9 7 7 0
split_gain=867.718 361.438 297.08 198.624 140.612 130.129 279.712 127.667 78.1094 67.8016 54.0278 43.7186 23.2356 22.2506 16.2107
threshold=-0.06846028159537397 3.5000000000000004 0.027537773764095847 1.0000000180025095e-35 0.081932593887314678 -0.072542947547819023 1.5000000000000002 0.073329220327050262 1.5000000000000002 0.09067716549382944 -0.085133075210050965 2.5000000000000004 -0.039637858455555113 -0.2598207951683007 0.039752714592898857
decision_type=2 2 2 2 2 2 2 2 2 2 2 2 2 2 2
left_child=1 5 3 12 -5 6 -1 8 -4 -9 13 -7 -2 -3 -12
right_child=2 10 7 4 -6 11 -8 9 -10 -11 14 -13 -14 -15 -16
leaf_value=0.031387099497629328 0.061796936189599978 0.060162229918569628 0.0030432802877122028 -0.004901624201792674 0.0017577132118904639 0.033311838540185296 0.0027368667658254344 0.013423849759591065 -0.0015439023950561961 0.0042855865098817203 0.035357923369248659 0.056153226205262245 -0.013002442016334459 -0.015656081983794902 0.0030400688707705888
leaf_weight=850.23524057492614 46.537754828110337 3.5289476513862601 5683.062185252551 16135.659101942554 3466.782517796848 186.48058977816254 479.73326838575304 932.03437702730298 8105.980870868545 3383.1912623071112 25.325369353871793 126.62554744631052 4.0640664058737448 271.43809443153441 31.150883227586746
leaf_count=16626 386 373 97029 237757 87459 1907 15442 20136 139984 98651 765 766 87 6036 729
internal_value=-2.74062e-06 0.0193843 -0.00101659 -0.00357066 -0.00372389 0.0251491 0.0210527 0.00175598 0.000346674 0.00625934 -0.00919371 0.0425493 0.0557895 -0.014683 0.0175322
internal_weight=39731.8 1974.52 37757.3 19653 19602.4 1643.07 1329.97 18104.3 13789 4315.23 331.443 313.106 50.6018 274.967 56.4763
internal_count=724133 42644 681489 325689 325216 34741 32068 355800 237013 118787 7903 2673 473 6409 1494
is_linear=0
shrinkage=0.03


Tree=7
num_leaves=16
num_cat=0
split_feature=8 7 8 9 7 8 7 7 8 7 7 7 7 7 7
split_gain=964.222 649.209 354.068 324.683 292.963 242.193 459.941 395.378 124.356 117.779 100.364 42.6101 23.5992 23.3174 15.1506
threshold=2.5000000000000004 -0.06846028159537397 3.5000000000000004 1.5000000000000002 0.07694626914134807 6.5000000000000009 0.029020989790531807 0.019194096811663622 4.5000000000000009 0.022886261234973729 -0.0053794305034632331 0.099369190121537901 0.11610451786640731 0.023917984704357801 0.098381663877460959
decision_type=2 2 2 2 2 2 2 2 2 2 2 2 2 2 2
left_child=4 2 3 -2 9 7 -7 -3 -4 10 -1 14 -13 -11 -6
right_child=1 5 8 -5 11 6 -8 -9 -10 13 -12 12 -14 -15 -16
leaf_value=-0.016257977156815415 0.024121448864092423 -0.00023140165904666181 0.042074613253966851 -0.012812455723578775 0.0082762178350489109 0.006779935402489278 -0.0039749414365980113 0.010501054443671875 0.021529028385966539 -0.033471479461775797 -0.0062215587738974672 -0.0049448831985243321 0.0041087602175566406 -0.019712363320736691 0.024189370809917631
leaf_weight=1671.6046981578693 403.28993498627096 7486.9656716822647 461.74706423282623 456.91605622228235 199.75695715472102 4839.7319522579201 13735.758550575934 5259.4118679035455 622.6930746762082 120.24809938669205 1934.4955834602006 557.8959894310683 483.82993163354695 1418.5684172473848 73.718352757394314
leaf_count=22245 4909 81269 9026 6038 5362 92339 263011 120855 22288 766 27546 9958 19915 37457 1149
internal_value=-2.93074e-06 0.00205668 0.0188762 0.00450325 -0.0106089 0.00101243 -0.00117282 0.00419703 0.0302772 -0.013839 -0.0108739 0.0020268 -0.000739916 -0.0207875 0.0125658
internal_weight=39726.6 33266.5 1944.65 860.206 6460.12 31321.9 18575.5 12746.4 1084.44 5144.92 3606.1 1315.2 1041.73 1538.82 273.475
internal_count=724133 599735 42261 10947 124398 557474 355350 202124 31314 88014 49791 36384 29873 38223 6511
is_linear=0
shrinkage=0.03


Tree=8
num_leaves=16
num_cat=0
split_feature=8 7 9 7 0 5 8 7 0 8 9 7 7 7 4
split_gain=910.567 607.449 334.985 278.158 241.567 189.08 134.68 123.273 115.651 101.88 98.0566 42.2288 39.912 22.2179 15.9112
threshold=2.5000000000000004 -0.06846028159537397 3.5000000000000004 0.07694626914134807 0.019869473180358539 1.0000000180025095e-35 3.5000000000000004 -0.072542947547819023 0.029710144927536253 3.5000000000000004 1.5000000000000002 0.022886261234973729 0.099369190121537901 0.11610451786640731 0.095986024152662899
decision_type=2 2 2 2 2 2 2 2 2 2 2 2 2 2 2
left_child=3 2 7 8 5 -3 -4 -2 11 -6 -10 -1 14 -14 -5
right_child=1 4 6 12 9 -7 -8 -9 10 -11 -12 -13 13 -15 -16
leaf_value=-0.014986235578656894 0.019442873033841637 0.05468346612158502 -0.024011887544519005 0.0084006688912349001 -0.0038036246699708256 -0.0036016271586004583 0.021991366799437261 0.040221745971481364 -0.0017466254834583594 0.0032471044296185163 -0.013822660728650025 -0.022882753890770702 -0.0048053219950930579 0.0039796566489875423 0.026088760506058368
leaf_weight=1641.1318870219402 1346.0615374529734 50.384136959444731 211.25332317687571 216.51936145313084 2025.8227493129671 8657.5781736122444 78.580025023315102 317.58705580793321 1022.1477150018327 20598.664417765569 1483.4129650327377 969.62058049812913 556.89149661548436 484.52920211292803 58.039049504324794
leaf_count=22946 32068 460 2268 5356 40334 135241 5252 2673 18102 381439 24992 21974 9958 19915 1155
internal_value=-3.3147e-06 0.00199349 0.0182242 -0.0103364 0.00098155 -0.00326439 -0.0115394 0.0234095 -0.0135003 0.00261577 -0.00889622 -0.017919 0.00196454 -0.000718041 0.0121398
internal_weight=39718.2 33285.9 1953.48 6432.29 31332.4 8707.96 289.833 1663.65 5116.31 22624.5 2505.56 2610.75 1315.98 1041.42 274.558
internal_count=724133 599735 42261 124398 557474 135701 7520 34741 88014 421773 43094 44920 36384 29873 6511
is_linear=0
shrinkage=0.03


Tree=9
num_leaves=16
num_cat=0
split_feature=8 7 8 7 8 7 7 7 8 0 3 7 7 7 4
split_gain=859.863 568.536 315.559 264.052 228.155 431.037 370.127 187.815 115.533 110.678 69.0386 40.7833 37.3946 21.347 14.7845
threshold=2.5000000000000004 -0.06846028159537397 3.5000000000000004 0.07694626914134807 6.5000000000000009 0.029020989790531807 0.019194096811663622 -0.10492534064802615 4.5000000000000009 0.029710144927536253 -0.054055913181027419 0.022886261234973729 0.099369190121537901 0.18009909587881581 0.10089509106825535
decision_type=2 2 2 2 2 2 2 2 2 2 2 2 2 2 2
left_child=3 2 7 9 6 -6 -3 -2 -4 11 -11 -1 14 -14 -5
right_child=1 4 8 12 5 -7 -8 -9 -10 10 -12 -13 13 -15 -16
leaf_value=-0.014624018735533388 0.029247528751513222 -0.00025024027056163011 0.03953827384727171 0.0082781355305074824 0.0065131844157605501 -0.0038886349843216907 0.010121609703655323 -0.0037389734871873747 0.019869814337387933 0.0024168787911450422 -0.010907280233071089 -0.022416506660381991 -0.0028626326988635872 0.007823549099424577 0.025714650259065393
leaf_weight=1631.4752299170941 203.16381022613496 7487.9998822687194 468.87806949857622 221.00888019986451 4853.799349793233 13720.371695231646 5280.0904649854638 660.02628615871072 629.85274941846728 420.96962878573686 2075.7204506164417 960.23773241508752 830.10741684027016 211.00807599443942 54.571798980236053
leaf_count=22946 6361 81269 9026 5443 92339 263011 120855 4586 22288 7027 36067 21974 14554 15319 1068
internal_value=-3.5826e-06 0.00193241 0.017599 -0.01007 0.000951731 -0.00117043 0.00403891 0.00402486 0.0282632 -0.0131686 -0.00866068 -0.0175112 0.00190429 -0.000696811 0.011731
internal_weight=39709.3 33304.2 1961.92 6405.1 31342.3 18574.2 12768.1 863.19 1098.73 5088.4 2496.69 2591.71 1316.7 1041.12 275.581
internal_count=724133 599735 42261 124398 557474 355350 202124 10947 31314 88014 43094 44920 36384 29873 6511
is_linear=0
shrinkage=0.03


Tree=10
num_leaves=16
num_cat=0
split_feature=8 7 9 7 0 5 8 7 7 8 7 7 7 7 7
split_gain=811.952 532.442 302.733 250.634 226.378 178.194 123.237 115.302 107.863 99.4845 98.012 35.0445 22.8375 20.2475 13.7564
threshold=2.5000000000000004 -0.06846028159537397 3.5000000000000004 0.07694626914134807 0.019240589506477931 1.0000000180025095e-35 3.5000000000000004 -0.072542947547819023 0.022886261234973729 3.5000000000000004 -0.0053794305034632331 0.099369190121537901 0.023917984704357801 0.11610451786640731 0.098381663877460959
decision_type=2 2 2 2 2 2 2 2 2 2 2 2 2 2 2
left_child=3 2 7 8 5 -3 -4 -2 10 -6 -1 14 -10 -13 -5
right_child=1 4 6 11 9 -7 -8 -9 12 -11 -12 13 -14 -15 -16
leaf_value=-0.015364345273111171 0.018055450317179377 0.052541227711112144 -0.023477895456975508 0.0072635988343350191 -0.0038687361411060845 -0.0037893590780506367 0.020399420546969381 0.038031429463845003 -0.032339869031572793 0.0030254952537411969 -0.0053782399645248948 -0.0045885071992420069 -0.018511238930941691 0.0037990449940727504 0.022325086669731362
leaf_weight=1646.0471616094001 1359.3225349262357 50.864771696273237 209.02130167838186 201.72733345255256 2066.6978536942042 7952.5388947688043 79.531572313513607 321.57310836948454 116.51520442962646 21281.645442293957 1912.1052548228763 555.3257953748107 1386.2466752249748 485.46881333366036 74.819994702935219
leaf_count=22245 32068 460 2268 5362 41173 123856 5252 2673 766 391985 27546 9958 37457 19915 1149
internal_value=-3.87998e-06 0.00187321 0.0170038 -0.00981014 0.000922739 -0.00343136 -0.0113843 0.0218771 -0.0128442 0.00241525 -0.00999794 0.00184601 -0.0195834 -0.000676213 0.0113385
internal_weight=39699.5 33321.2 1969.45 6378.26 31351.7 8003.4 288.553 1680.9 5060.91 23348.3 3558.15 1317.34 1502.76 1040.79 276.547
internal_count=724133 599735 42261 124398 557474 124316 7520 34741 88014 433158 49791 36384 38223 29873 6511
is_linear=0
shrinkage=0.03


Tree=11
num_leaves=16
num_cat=0
split_feature=8 7 9 7 0 5 8 7 0 9 8 7 7 7 0
split_gain=766.728 498.78 282.899 237.897 216.257 158.777 116.738 106.836 106.539 93.4098 84.8315 46.1599 32.8477 19.3972 12.8834
threshold=2.5000000000000004 -0.06846028159537397 3.5000000000000004 0.07694626914134807 0.02345074158205546 1.0000000180025095e-35 3.5000000000000004 -0.072542947547819023 0.031653811104892196 1.5000000000000002 3.5000000000000004 0.022886261234973729 0.099369190121537901 0.18009909587881581 0.021835567142922559
decision_type=2 2 2 2 2 2 2 2 2 2 2 2 2 2 2
left_child=3 2 7 8 5 -3 -4 -2 11 -10 -6 -1 14 -14 -5
right_child=1 4 6 12 10 -7 -8 -9 9 -11 -12 -13 13 -15 -16
leaf_value=-0.013536521595326428 0.017434743373160356 0.050562869279733365 -0.022998555993553105 -0.0021910536474034378 -0.0032940757039083002 -0.0023416012405021824 0.019682759594091673 0.036593540039108745 -0.00026917641654172406 -0.012765545493987609 0.0036029924588261326 -0.021554206688942132 -0.0027271343846817214 0.0074455143132553647 0.014138112558573229
leaf_weight=1804.0177170536481 1365.390515175648 51.262917203363031 207.00719576049596 53.991146186366677 1773.3900181986392 12634.873661237303 79.948034087195992 324.14201471116394 915.27240826608613 1307.2818655786105 16901.217244907282 1007.0104367523454 828.67280211299658 211.82099881954491 223.48453453183174
leaf_count=25452 32068 460 2268 1552 35337 201039 5252 2673 16439 22443 320638 23680 14554 15319 4959
internal_value=-4.09424e-06 0.00181595 0.0164329 -0.00955694 0.000894731 -0.00212782 -0.0111072 0.0211104 -0.0125279 -0.0076194 0.00294803 -0.0164087 0.00178955 -0.000656213 0.0109608
internal_weight=39688.8 33337.2 1976.49 6351.55 31360.7 12686.1 286.955 1689.53 5033.58 2222.55 18674.6 2811.03 1317.97 1040.49 277.476
internal_count=724133 599735 42261 124398 557474 201499 7520 34741 88014 38882 355975 49132 36384 29873 6511
is_linear=0
shrinkage=0.03


Tree=12
num_leaves=16
num_cat=0
split_feature=7 0 7 5 7 7 7 7 3 7 7 7 7 7 4
split_gain=592.993 250.07 169.98 151.097 122.674 281.558 119.565 113.777 114.949 102.943 61.673 46.5859 46.5652 20.4801 18.9117
threshold=-0.06846028159537397 0.027537773764095847 -0.085133075210050965 1.0000000180025095e-35 -0.07768934587081365 -0.072542947547819023 0.081932593887314678 -0.095400077815925952 -0.0073602452306574242 0.073329220327050262 0.09067716549382944 -0.13207312593805756 0.041437692208296968 -0.039637858455555113 0.10089509106825535
decision_type=2 2 2 2 2 2 2 2 2 2 2 2 2 2 2
left_child=2 3 7 13 14 -6 -5 11 -9 12 -11 -1 -3 -2 -4
right_child=1 9 4 6 5 -7 -8 8 -10 10 -12 -13 -14 -15 -16
leaf_value=0.0028728962789327183 0.053205795987028293 0.0013566990752885289 0.04037287893063167 -0.0044367429385805254 -0.0062563640859232611 0.035301892889221718 0.0017067067060693578 -0.015510118088759524 0.01644587784136917 0.012514511565265117 0.003833902740907987 0.020935626295246011 -0.0028197839222547636 -0.016117573218119834 0.0043757295166363293
leaf_weight=179.55174140725285 48.189980394206941 10667.777391819283 342.31689774431288 16026.863946762402 265.42089530453086 328.0835253437981 3468.1588183781132 282.77983668074012 157.86320670321584 940.3821640945971 3399.3510786639526 452.04066997300833 3101.0198886520229 4.1670953654684117 13.659314195625482
leaf_count=18308 386 168176 5416 237757 3041 3026 87459 3587 2503 20136 98651 6075 68837 87 688
internal_value=-4.28034e-06 -0.00085408 0.0158238 -0.00320714 0.0250679 0.0167166 -0.00334383 0.0076381 -0.00406168 0.00168594 0.00571491 0.0158007 0.000416068 0.0476884 0.0389916
internal_weight=39677.6 37655.9 2021.72 19547.4 949.481 593.504 19495 1072.24 440.643 18108.5 4339.73 631.592 13768.8 52.3571 355.976
internal_count=724133 681489 42644 325689 12171 6067 325216 30473 6090 355800 118787 24383 237013 473 6104
is_linear=0
shrinkage=0.03


Tree=13
num_leaves=16
num_cat=0
split_feature=8 7 8 9 7 8 7 7 8 7 7 7 4 7 4
split_gain=723.177 435.874 263.256 266.695 221.979 213.076 404.483 344.194 106.488 100.071 95.2685 30.5282 27.6252 18.4438 13.4029
threshold=2.5000000000000004 -0.06846028159537397 3.5000000000000004 1.5000000000000002 0.07694626914134807 6.5000000000000009 0.027705156527151002 0.019194096811663622 4.5000000000000009 0.022886261234973729 -0.0053794305034632331 0.099369190121537901 0.095986024152662899 0.11610451786640731 0.094398306214234964
decision_type=2 2 2 2 2 2 2 2 2 2 2 2 2 2 2
left_child=4 2 3 -2 9 7 -7 -3 -4 10 -1 14 -11 -13 -6
right_child=1 5 8 -5 11 6 -8 -9 -10 12 -12 13 -14 -15 -16
leaf_value=-0.014769658765759133 0.020408742369482868 -0.00026561506638298437 0.035708351854461536 -0.012859327516889191 0.0069825290406952574 0.0064908530132619926 -0.0037199773397781424 0.0097248162375723774 0.017003527467641635 -0.019931488115888234 -0.004880161978077514 -0.0044633029701990172 -0.004532540154956681 0.0035390388738299667 0.022913518236734893
leaf_weight=1628.7058788696304 414.31433610059321 7487.0180037533864 478.45816301368177 455.08208835683763 217.92901776731014 4662.0759894354269 13906.821416611318 5301.2912265155464 640.80017306609079 1363.4986783759668 1898.6992069543339 554.41802247986197 113.58350407844409 486.82489420194179 60.785482488572598
leaf_count=22245 4909 81269 9026 6038 5324 90060 265290 120855 22288 33581 27546 9958 4642 19915 1187
internal_value=-4.34328e-06 0.00175967 0.0153794 0.0029947 -0.00930515 0.000895909 -0.00115635 0.00387584 0.0249994 -0.0121916 -0.00944643 0.00163858 -0.0187474 -0.000721871 0.010457
internal_weight=39670.3 33345.9 1988.65 869.396 6324.44 31357.2 18568.9 12788.3 1119.26 5004.49 3527.41 1319.96 1477.08 1041.24 278.715
internal_count=724133 599735 42261 10947 124398 557474 355350 202124 31314 88014 49791 36384 38223 29873 6511
is_linear=0
shrinkage=0.03


Tree=14
num_leaves=16
num_cat=0
split_feature=8 7 8 7 8 7 7 7 7 3 7 7 7 7 7
split_gain=682.852 408.871 245.651 210.661 200.231 380.923 322.357 159.664 101.826 99.3017 65.7848 59.9686 28.6302 17.5713 12.6561
threshold=2.5000000000000004 -0.06846028159537397 3.5000000000000004 0.07694626914134807 6.5000000000000009 0.029020989790531807 0.019194096811663622 -0.10492534064802615 -0.08944279441250895 -0.054055913181027419 0.022886261234973729 0.003044662043372615 0.099369190121537901 0.18009909587881581 0.098381663877460959
decision_type=2 2 2 2 2 2 2 2 2 2 2 2 2 2 2
left_child=3 2 7 9 6 -6 -3 -2 -4 11 -11 -1 14 -14 -5
right_child=1 4 8 12 5 -7 -8 -9 -10 10 -12 -13 13 -15 -16
leaf_value=0.0088188471181372945 0.025877043632133469 -0.00025767140091571345 0.011955008071852553 0.0062188164493990642 0.0060771480899598123 -0.0036878905506981777 0.0094015088717612529 -0.0042916237961791639 0.030830197525942842 -0.010851407658290662 -0.018699060652354334 -0.012995798913766869 -0.0026763534823795302 0.0069886577154838845 0.020576868035297079
leaf_weight=313.18815803900361 207.3368660537526 7486.3091371660121 398.44021978322417 203.71067194268107 4876.4957062476315 13684.058878987096 5318.8164513278753 661.94512531720102 725.77960349852219 3091.9197551575489 1395.1606137393974 177.80247952276841 828.12045680731535 212.79563718754798 75.81623225659132
leaf_count=4478 6361 81269 19534 5362 92339 263011 120855 4586 11780 43684 36101 3751 14554 15319 1149
internal_value=-4.57392e-06 0.00170596 0.0148802 -0.00906418 0.000868649 -0.00112228 0.00375443 0.00290406 0.0241405 -0.0118899 -0.0132915 0.000919108 0.00158864 -0.000700524 0.0101132
internal_weight=39657.7 33359.2 1993.5 6298.51 31365.7 18560.6 12805.1 869.282 1124.22 4978.07 4487.08 490.991 1320.44 1040.92 279.527
internal_count=724133 599735 42261 124398 557474 355350 202124 10947 31314 88014 79785 8229 36384 29873 6511
is_linear=0
shrinkage=0.03


Tree=15
num_leaves=16
num_cat=0
split_feature=7 0 9 0 7 7 9 7 9 7 7 9 7 7 0
split_gain=491.805 234.096 218.589 120.959 109.818 91.9304 232.667 90.775 69.1884 56.3478 45.6457 42.2327 27.4367 16.6546 13.5996
threshold=-0.06846028159537397 0.027537773764095847 3.5000000000000004 1.0000000180025095e-35 0.081932593887314678 -0.072542947547819023 1.5000000000000002 0.073329220327050262 1.5000000000000002 0.09067716549382944 -0.085133075210050965 2.5000000000000004 -0.034845102310176061 -0.2598207951683007 0.039752714592898857
decision_type=2 2 2 2 2 2 2 2 2 2 2 2 2 2 2
left_child=2 3 5 12 -5 6 -1 8 -3 -9 13 -7 -2 -4 -12
right_child=1 7 10 4 -6 11 -8 9 -10 -11 14 -13 -14 -15 -16
leaf_value=0.024431774693370857 0.04654705666201598 0.0030161604342584707 0.04960812796070322 -0.0042505021025102795 0.0016389792601091159 0.024019476235366748 -0.0012250522607098256 0.011929665921573542 -0.0013054228296581795 0.0036519558670560924 0.032334740736735416 0.045904602201139767 -0.005265566479398816 -0.014308347198173669 0.0028360093881568032
leaf_weight=887.52530735917389 54.096166354138404 5680.0358644304797 3.7207834897562853 15969.864341489039 3468.3101604469121 196.26241061557084 495.81483164895326 945.63079339917749 8073.1084242970683 3405.4608413726091 25.715956699568778 133.22954144328833 11.082650272641329 263.77164948172867 31.047822942957282
leaf_count=16626 436 97029 373 237574 87387 1907 15442 20136 139984 98651 765 766 292 6036 729
internal_value=-4.7587e-06 -0.000782423 0.0143521 -0.00306285 -0.00319966 0.0186279 0.0152359 0.00167423 0.000479387 0.00545097 -0.00823418 0.0328687 0.0377371 -0.0134193 0.0162
internal_weight=39644.7 37607.6 2037.09 19503.4 19438.2 1712.83 1383.34 18104.2 13753.1 4351.09 324.256 329.492 65.1788 267.492 56.7638
internal_count=724133 681489 42644 325689 324961 34741 32068 355800 237013 118787 7903 2673 728 6409 1494
is_linear=0
shrinkage=0.03


Tree=16
num_leaves=16
num_cat=0
split_feature=8 7 8 9 7 8 7 7 8 3 7 8 7 7 4
split_gain=642.472 357.41 225.953 233.067 196.087 187.221 361.627 298.519 101.609 93.6856 63.0369 58.9282 26.6225 16.8026 12.3241
threshold=2.5000000000000004 -0.06846028159537397 3.5000000000000004 1.5000000000000002 0.07694626914134807 6.5000000000000009 0.029020989790531807 0.019194096811663622 4.5000000000000009 -0.054055913181027419 0.022886261234973729 1.5000000000000002 0.099369190121537901 0.11610451786640731 0.095986024152662899
decision_type=2 2 2 2 2 2 2 2 2 2 2 2 2 2 2
left_child=4 2 3 -2 9 7 -7 -3 -4 11 -11 -1 14 -14 -6
right_child=1 5 8 -5 12 6 -8 -9 -10 10 -12 -13 13 -15 -16
leaf_value=0.011191920918441336 0.018570465095985336 -0.00021183270429130186 0.033192127070639149 -0.012486079597106278 0.0063741803546852206 0.0059468019050171678 -0.0035648723870286055 0.0090757787660223563 0.015014353439288588 -0.010535862228122129 -0.018249681038924645 -0.0095892278714981502 -0.0043391827584190702 0.0032965315195224655 0.021716627042637739
leaf_weight=247.41977327363566 419.20363550446928 7481.373787925113 483.54165705107152 451.94403780717403 220.71281618066132 4883.2439891542308 13661.917323163711 5336.1710628136061 647.14555034879595 3075.9965489213355 1381.7448088824749 243.83831213507801 553.51594956219196 488.07714023720473 59.910574566572905
leaf_count=3422 4909 81269 9026 6038 5356 92339 263011 120855 22288 43684 36101 4807 9958 19915 1155
internal_value=-4.7653e-06 0.00165115 0.0139412 0.00245859 -0.00881467 0.000866692 -0.00106029 0.00365476 0.0227881 -0.0115566 -0.0129269 0.000877098 0.00144838 -0.000761185 0.00964965
internal_weight=39635.8 33364.5 2001.83 871.148 6271.22 31362.7 18545.2 12817.5 1130.69 4949 4457.74 491.258 1322.22 1041.59 280.623
internal_count=724133 599735 42261 10947 124398 557474 355350 202124 31314 88014 79785 8229 36384 29873 6511
is_linear=0
shrinkage=0.03


Tree=17
num_leaves=16
num_cat=0
split_feature=8 7 8 0 7 7 0 8 8 0 3 7 7 7 7
split_gain=606.584 335.59 211.251 189.006 186.036 140.4 130.302 100.424 94.7503 94.7333 52.6183 39.0229 24.9785 15.9222 11.7582
threshold=2.5000000000000004 -0.06846028159537397 3.5000000000000004 0.016636702177222348 0.07694626914134807 -0.10492534064802615 1.0000000180025095e-35 8.5000000000000018 4.5000000000000009 0.031653811104892196 -0.073146469761208407 0.022886261234973729 0.099369190121537901 0.18009909587881581 0.098381663877460959
decision_type=2 2 2 2 2 2 2 2 2 2 2 2 2 2 2
left_child=4 2 5 6 9 -2 -3 -5 -4 11 -11 -1 14 -14 -6
right_child=1 3 8 7 12 -7 -8 -9 -10 10 -12 -13 13 -15 -16
leaf_value=-0.012337489727081478 0.0237820512856401 0.03847188136551713 0.03205058785621543 0.0032534629845486448 0.0055888212249384983 -0.0043972851681525768 -0.0049219784566671559 -0.0006297920715625867 0.014528459956622138 0.0082987014988342087 -0.0080663266295988266 -0.01982977493113473 -0.002623853199685965 0.0065616442607577558 0.019374265814727579
leaf_weight=1767.5905487737618 209.56829416565597 63.045030504930764 485.70667952951044 16900.274817062542 204.86840521730483 661.15259819757193 5119.587489915546 9287.3139475770295 648.70087473886088 194.03457654174417 1993.762386336457 968.43962383037433 827.54563508555293 213.69843748304993 76.471000976860523
leaf_count=25452 6361 664 9026 278360 5362 4586 78706 199744 22288 3413 35469 23680 14554 15319 1149
internal_value=-4.93356e-06 0.00160091 0.0134996 0.000840361 -0.00858513 0.00238502 -0.00439411 0.00187628 0.0220307 -0.0112684 -0.00661492 -0.0149894 0.00140437 -0.000738679 0.00933585
internal_weight=39621.8 33375.3 2005.13 31370.2 6246.41 870.721 5182.63 26187.6 1134.41 4923.83 2187.8 2736.03 1322.58 1041.24 281.339
internal_count=724133 599735 42261 557474 124398 10947 79370 478104 31314 88014 38882 49132 36384 29873 6511
is_linear=0
shrinkage=0.03


Tree=18
num_leaves=16
num_cat=0
split_feature=8 8 8 0 9 0 8 4 9 3 4 4 0 8 4
split_gain=572.686 292.328 196.872 181.769 150.631 115.1 105.224 85.3757 84.0666 54.5609 49.0524 34.9755 29.591 19.6548 11.2225
threshold=2.5000000000000004 6.5000000000000009 3.5000000000000004 0.018600403301016161 1.5000000000000002 0.029710144927536253 4.5000000000000009 -0.093880226627798311 1.5000000000000002 -0.061742648684155736 0.029211485859758194 0.041610615584351092 0.013357532043479481 1.5000000000000002 0.094398306214234964
decision_type=2 2 2 2 2 2 2 2 2 2 2 2 2 2 2
left_child=5 2 4 12 -2 10 -4 -5 9 -7 13 -10 -3 -1 -12
right_child=1 3 6 7 -6 8 -8 -9 11 -11 14 -13 -14 -15 -16
leaf_value=-0.011991763814673916 0.005842834725442992 -0.0091974882756716905 0.010857883772511095 0.0093449380990316515 -0.0071263794845684838 0.017560534983852245 0.0046396913141776609 0.00016738053495751125 -0.010980108533735326 -0.00078079108315493874 -0.0084621882672758063 -0.0017325619411164889 -0.0042577314700143042 -0.017545265907529656 -0.00084168183226911023
leaf_weight=1183.3773302994668 1378.4403999634087 1631.9372011180967 3538.5834017982706 983.09699175227433 1940.7832799023017 168.10679585905746 7955.9476943076588 12662.201740616467 1318.0090782917105 1108.4808723339811 569.99520432949066 510.72190217394382 3295.2035953411832 1113.0079694120213 250.30203303927556
leaf_count=22638 23861 23608 57195 21287 35986 2954 125841 259647 23263 23052 12845 13284 52310 20356 6006
internal_value=-5.01384e-06 0.00155227 0.00469549 -0.000954825 -0.00174039 -0.00836115 0.00655396 0.000828592 -0.00427337 0.00163448 -0.012434 -0.00839748 -0.00589385 -0.0146834 -0.0061369
internal_weight=39608.2 33386.2 14813.8 18572.4 3319.22 6222 11494.5 13645.3 3105.32 1276.59 3116.68 1828.73 4927.14 2296.39 820.297
internal_count=724133 599735 242883 356852 59847 124398 183036 280934 62553 26006 61845 36547 75918 42994 18851
is_linear=0
shrinkage=0.03


Tree=19
num_leaves=16
num_cat=0
split_feature=8 8 8 0 5 0 8 4 4 3 4 8 0 8 4
split_gain=540.531 274.587 184.661 171.433 138.72 109.518 98.3246 80.0326 46.8572 42.1273 32.361 29.6641 28.056 18.844 10.6299
threshold=2.5000000000000004 6.5000000000000009 3.5000000000000004 0.018600403301016161 1.0000000180025095e-35 0.029710144927536253 4.5000000000000009 -0.093880226627798311 0.029211485859758194 -0.073146469761208407 0.036150934873740222 1.5000000000000002 0.013357532043479481 1.5000000000000002 0.094398306214234964
decision_type=2 2 2 2 2 2 2 2 2 2 2 2 2 2 2
left_child=5 2 4 12 -2 8 -4 -5 13 11 -11 -7 -3 -1 -10
right_child=1 3 6 7 -6 9 -8 -9 14 10 -12 -13 -14 -15 -16
leaf_value=-0.011695559263625342 0.04916831825383592 -0.008953768806580352 0.010496047704947657 0.0090346493787312049 -0.0024299064011885341 0.020411520603690947 0.0044936010700986672 0.0001623493310859214 -0.0082381639537054858 -0.0072260424970948967 -0.00032418600858476762 -0.0017452876876426153 -0.0041368319970697511 -0.017151085499096566 -0.00081670345046447215
leaf_weight=1177.0447014556266 47.575848400592804 1626.1563521889038 3550.5674567278475 986.30511452350765 3269.0251977397129 101.51868621027097 7967.9768696841784 12662.9544466394 567.96181242493913 2000.4982323753648 880.52325538313016 117.12550070276484 3289.8438812978566 1104.5598517707549 250.2199346232228
leaf_count=22638 380 23608 57195 21287 59467 1587 125841 259647 12845 35696 22942 2328 52310 20356 6006
internal_value=-5.11877e-06 0.00150491 0.00454782 -0.000926624 -0.00168974 -0.00814061 0.00634384 0.000803468 -0.0121279 -0.00415316 -0.00511664 0.00854234 -0.00573022 -0.0143367 -0.0059685
internal_weight=39599.9 33400.4 14835.1 18565.3 3316.6 6199.45 11518.5 13649.3 3099.79 3099.67 2881.02 218.644 4916 2281.6 818.182
internal_count=724133 599735 242883 356852 59847 124398 183036 280934 61845 62553 58638 3915 75918 42994 18851
is_linear=0
shrinkage=0.03


Tree=20
num_leaves=16
num_cat=0
split_feature=8 7 8 7 0 7 5 7 7 7 8 4 7 7 7
split_gain=510.151 309.298 186.143 173.802 161.481 129.704 122.218 92.1017 86.5794 97.0335 86.1175 25.6594 23.4218 15.0545 10.8513
threshold=2.5000000000000004 -0.06846028159537397 3.5000000000000004 0.07694626914134807 0.019240589506477931 -0.10492534064802615 1.0000000180025095e-35 -0.08944279441250895 0.022886261234973729 -0.0053794305034632331 3.5000000000000004 0.095986024152662899 0.099369190121537901 0.29433303104773184 0.098381663877460959
decision_type=2 2 2 2 2 2 2 2 2 2 2 2 2 2 2
left_child=3 2 5 8 6 -2 -3 -4 9 -1 -6 -10 14 -14 -5
right_child=1 4 7 12 10 -7 -8 -9 11 -11 -12 -13 13 -15 -16
leaf_value=-0.013420827412819769 0.022919701707288596 0.042815443133122459 0.0093511782954098528 0.0058128725853764315 -0.0038675289723009219 -0.0041339238536785066 -0.0032687843790751474 0.027173912167168218 -0.017967424185484384 -0.0033198688887556057 0.0025462267308957831 -0.0029307817521661331 0.00017574869776280246 -0.025575171283721849 0.019049950936794721
leaf_weight=1588.4324325546622 210.43546983320266 52.135289541911334 404.58443348482251 204.40643766522408 2066.110214788001 658.85533773433417 7896.1632011043839 735.05444735521451 1304.9182292451151 1856.0908249258064 21390.372736336663 110.81157632451504 1015.2411345234141 20.852280462160707 76.632195360958576
leaf_count=22245 6361 460 19534 5362 41173 4586 123856 11780 33581 27546 391985 4642 28341 1532 1149
internal_value=-5.18399e-06 0.00145906 0.0128711 -0.00792531 0.00072904 0.00241514 -0.0029665 0.0208466 -0.0105449 -0.0079779 0.00198129 -0.0167905 0.00174102 -0.000342511 0.00942229
internal_weight=39591.1 33413.7 2008.93 6177.39 31404.8 869.291 7948.3 1139.64 4860.25 3444.52 23456.5 1415.73 1317.13 1036.09 281.039
internal_count=724133 599735 42261 124398 557474 10947 124316 31314 88014 49791 433158 38223 36384 29873 6511
is_linear=0
shrinkage=0.03


Tree=21
num_leaves=16
num_cat=0
split_feature=7 7 7 9 7 7 9 4 7 7 7 9 7 7 1
split_gain=374.533 177.91 262.392 174.746 118.025 89.4666 206.314 71.8634 46.1996 86.7821 44.1859 42.01 34.9318 14.0806 5.49471
threshold=-0.06846028159537397 0.073329220327050262 0.041437692208296968 3.5000000000000004 0.038763989774755377 -0.072542947547819023 1.5000000000000002 0.026584607043843248 0.1069330752711657 0.1432593772157961 -0.085133075210050965 2.5000000000000004 0.10620886863577929 -0.2598207951683007 -0.037746291272463074
decision_type=2 2 2 2 2 2 2 2 2 2 2 2 2 2 2
left_child=3 2 4 5 -2 6 -1 -4 12 -10 13 -7 -3 -5 -12
right_child=1 8 7 10 -6 11 -8 -9 9 -11 14 -13 -14 -15 -16
leaf_value=0.021520241340585219 -0.00049436118109063133 0.0050355293944327282 -0.0085591334418994424 0.044477965097149776 0.010053416087560709 0.021463488724327438 -0.0025369930459868853 -0.0028934695719611057 -0.00093958367738747979 0.0093859714234311824 -0.0074233573640224799 0.043221406244065542 0.019341553911637655 -0.013831052034426817 0.019953670720827994
leaf_weight=898.55202913098037 19848.230644267984 3603.7134304265492 4996.2483135559596 3.78136540390551 1003.0114634949714 197.4466849565506 499.00749406311661 3376.576746316161 3619.9139885641634 918.42680661845952 7.6301505039446047 134.11389776319265 160.45144183002412 260.60100780241191 48.777352116536349
leaf_count=16626 289901 73546 85436 373 18180 1907 15442 70654 80731 60360 97 766 2681 6036 1397
internal_value=-5.2296e-06 -0.000687326 -0.00178832 0.0124815 1.30207e-05 0.0162543 0.0129305 -0.0062743 0.00318809 0.00115001 -0.00785422 0.0302644 0.00564534 -0.0129971 0.0162504
internal_weight=39576.5 37526.6 29224.1 2049.91 20851.2 1729.12 1397.56 8372.83 8302.51 4538.34 320.79 331.561 3764.16 264.382 56.4075
internal_count=724133 681489 464171 42644 308081 34741 32068 156090 217318 141091 7903 2673 76227 6409 1494
is_linear=0
shrinkage=0.03


Tree=22
num_leaves=16
num_cat=0
split_feature=8 7 7 7 8 8 7 7 7 7 4 7 7 7 4
split_gain=481.288 277.603 213.649 368.793 181.814 209.36 162.014 82.1414 92.5513 79.6766 24.5068 21.5326 17.3944 14.6388 10.7016
threshold=2.5000000000000004 -0.037040774722581486 -0.0098539250404769945 0.029895573115959143 6.5000000000000009 4.5000000000000009 0.07694626914134807 0.022886261234973729 -0.0053794305034632331 -0.020748755122786285 0.095986024152662899 0.099369190121537901 -0.060144056962332708 0.11610451786640731 0.031761417594465387
decision_type=2 2 2 2 2 2 2 2 2 2 2 2 2 2 2
left_child=6 4 9 -4 5 -2 7 8 -1 -3 -9 14 -6 -13 -8
right_child=1 2 3 -5 12 -7 11 10 -10 -11 -12 13 -14 -15 -16
leaf_value=-0.01309546482877373 0.010975005632754763 -0.0044779127363835632 0.0084597804057854505 -0.00081448909318286458 0.037589040680546568 -0.00013059104717173415 0.0036933611247054908 -0.017535083883277042 -0.0032106738931951908 -0.015798677868173551 -0.0028228619144814947 -0.0037534896251948278 0.022895862914246275 0.0033890258999449262 0.015443798513362592
leaf_weight=1578.7763728867285 3193.2084036832675 3168.3999004494399 4902.438614403829 18129.216498594265 93.889107264112681 2929.1805379018188 155.8381247613579 1291.9824548298493 1853.1192368911579 679.5307671870105 110.62453131424263 549.20843437686563 318.51136919716373 487.47879384737462 126.28373649716377
leaf_count=22245 33356 32079 93703 370960 3770 41795 3804 33581 27546 18846 4642 9958 5226 19915 2707
internal_value=-5.22206e-06 0.00141462 6.637e-05 0.0011596 0.0069604 0.00566167 -0.00771542 -0.0102579 -0.00775798 -0.00647712 -0.0163747 0.00160485 0.026241 -0.000394883 0.00895311
internal_weight=39567.7 33414.4 26879.6 23031.7 6534.79 6122.39 6153.31 4834.5 3431.9 3847.93 1402.61 1318.81 412.4 1036.69 282.122
internal_count=724133 599735 515588 464663 84147 75151 124398 88014 49791 50925 38223 36384 8996 29873 6511
is_linear=0
shrinkage=0.03


Tree=23
num_leaves=16
num_cat=0
split_feature=8 7 7 7 8 8 7 0 9 7 7 7 7 7 0
split_gain=454.307 260.53 201.41 345.93 169.005 196.038 153.605 82.8988 85.1196 75.7003 34.3682 20.2054 16.14 14.613 10.3884
threshold=2.5000000000000004 -0.037040774722581486 -0.0098539250404769945 0.029895573115959143 6.5000000000000009 4.5000000000000009 0.07694626914134807 0.031653811104892196 1.5000000000000002 -0.020748755122786285 0.022886261234973729 0.099369190121537901 -0.060144056962332708 0.29433303104773184 0.021835567142922559
decision_type=2 2 2 2 2 2 2 2 2 2 2 2 2 2 2
left_child=6 4 9 -4 5 -2 7 10 -9 -3 -1 14 -6 -13 -8
right_child=1 2 3 -5 12 -7 11 8 -10 -11 -12 13 -14 -15 -16
leaf_value=-0.011038874877128858 0.010611826562920668 -0.0043505442706218127 0.008181999508074949 -0.00079028904029723279 0.036129533473151572 -0.00012667845580716696 -0.0031071415446565246 0.0014608802148753624 -0.010646143632221083 -0.015412280366889353 -0.018189520016908371 0.00012616754168167635 0.022037448134986901 -0.025295060363350177 0.011473037171728161
leaf_weight=1727.3284099753946 3203.2617235360667 3163.4018320776522 4916.5914612160996 18123.916243597399 94.738057839218527 2929.0644584130496 54.475715393200517 893.16543197911233 1259.8057347815484 675.72843584790826 930.97559877298772 1015.6966240368783 320.95246994262561 20.767277346923947 228.29468914680183
leaf_count=25452 33356 32079 93703 370960 3770 41795 1552 16439 22443 18846 23680 28341 5226 1532 4959
internal_value=-5.34944e-06 0.00137146 6.42635e-05 0.0011243 0.00673749 0.00548265 -0.00751262 -0.00999923 -0.00562351 -0.00629753 -0.0135431 0.00155606 0.0252491 -0.000383189 0.00866417
internal_weight=39558.2 33427.7 26879.6 23040.5 6548.02 6132.33 6130.51 4811.28 2152.97 3839.13 2658.3 1319.23 415.691 1036.46 282.77
internal_count=724133 599735 515588 464663 84147 75151 124398 88014 38882 50925 49132 36384 8996 29873 6511
is_linear=0
shrinkage=0.03


Tree=24
num_leaves=16
num_cat=0
split_feature=8 7 9 0 7 7 7 8 0 9 8 7 0 7 4
split_gain=428.805 250.408 185.464 150.679 145.613 124.871 86.1998 86.1921 79.1409 80.6307 75.3813 33.1456 19.5351 17.0136 9.8871
threshold=2.5000000000000004 -0.06846028159537397 3.5000000000000004 0.026421065718697328 0.07694626914134807 0.032045748727557728 -0.072542947547819023 3.5000000000000004 0.031653811104892196 1.5000000000000002 3.5000000000000004 0.022886261234973729 0.023699122518581351 0.099369190121537901 0.015894602746584056
decision_type=2 2 2 2 2 2 2 2 2 2 2 2 2 2 2
left_child=4 2 6 5 8 -3 -2 -4 11 -10 -5 -1 14 -14 -6
right_child=1 3 7 10 12 -7 -8 -9 9 -11 -12 -13 13 -15 -16
leaf_value=-0.010761787919331267 0.011982175389535742 0.0018316793171784061 -0.021556410975185548 -0.0035403342110428776 -0.0089481275251041617 -0.0036249478873845763 0.028958612087719805 0.014922031341260265 0.0014161552665925823 -0.010376816686886312 0.0034272856610233909 -0.017811513918449075 0.011359722174927653 0.0016881294633142557 0.00033076116985776945
leaf_weight=1718.7798022213392 1403.8473414890468 6347.8382027349435 200.66919835098088 1549.8496863259934 188.41895967721939 9310.7161916447803 333.0505919996649 82.165522558614612 893.72347276611254 1253.8205157765187 14211.854722119402 922.3434335575439 214.85149237513542 687.54523511230946 228.92013236228377
leaf_count=25452 32068 81569 2268 30907 4825 171544 2673 5252 16439 22443 273454 23680 4604 20984 5971
internal_value=-5.4569e-06 0.00132965 0.011569 0.00067146 -0.00731442 -0.00141288 0.0152374 -0.0109592 -0.00974603 -0.00546904 0.00274216 -0.0132237 0.00150867 0.00399084 -0.00385844
internal_weight=39548.4 33440 2019.73 31420.3 6108.4 15658.6 1736.9 282.835 4788.67 2147.54 15761.7 2641.12 1319.74 902.397 417.339
internal_count=724133 599735 42261 557474 124398 253113 34741 7520 88014 38882 304361 49132 36384 25588 10796
is_linear=0
shrinkage=0.03


Tree=25
num_leaves=16
num_cat=0
split_feature=8 7 9 0 7 5 8 8 7 0 9 7 7 0 0
split_gain=404.734 235.346 174.152 145.859 138.043 117.445 82.2306 81.7925 80.8342 74.7391 78.6813 31.7543 25.1501 15.3499 4.48106
threshold=2.5000000000000004 -0.06846028159537397 3.5000000000000004 0.016636702177222348 0.084503568562324452 1.0000000180025095e-35 8.5000000000000018 3.5000000000000004 -0.072542947547819023 0.029562142454493564 1.5000000000000002 0.093218240152073265 -0.063584202246962915 0.023699122518581351 0.068898272777269398
decision_type=2 2 2 2 2 2 2 2 2 2 2 2 2 2 2
left_child=4 2 8 5 9 -3 -5 -4 -2 12 -11 14 -1 -13 -6
right_child=1 3 7 6 11 -7 -8 -9 -10 10 -12 13 -14 -15 -16
leaf_value=0.04575269039837071 0.011600431155797295 0.040851653333824435 -0.021116770248206233 0.0027973721969074814 0.018634631818425337 -0.0044241200685960057 -0.00071263254500295188 0.01443516247666962 0.028021007908153654 0.00070840636870092252 -0.010296580870609561 -0.0044312709144920933 -0.013398358990572351 0.0027694630190255127 0.041661956102570258
leaf_weight=6.4869647473096839 1406.5021078288555 52.090729839168489 198.73125223442912 16982.736264701467 58.683495312929153 5096.7293284055777 9294.7109945425764 82.385267545003444 333.8560307295993 997.15773241268471 1413.5860200244933 391.25073781516403 2375.5734721110202 835.19424137752503 8.7381490226834995
leaf_count=64 32068 459 2268 278360 1380 78911 199744 5252 2673 18372 25541 9897 45186 23806 152
internal_value=-5.49744e-06 0.00128937 0.0112115 0.000651136 -0.0071211 -0.00396606 0.00155583 -0.0106978 0.0147504 -0.00946851 -0.00574458 0.00157427 -0.0132373 0.000472342 0.0216191
internal_weight=39534.4 33447.7 2021.47 31426.3 6086.67 5148.82 26277.4 281.117 1740.36 4792.8 2410.74 1293.87 2382.06 1226.44 67.4216
internal_count=724133 599735 42261 557474 124398 79370 478104 7520 34741 89163 43913 35235 45250 33703 1532
is_linear=0
shrinkage=0.03


Tree=26
num_leaves=16
num_cat=0
split_feature=8 7 7 8 8 8 7 3 7 7 7 7 4 7 7
split_gain=381.979 223.164 194.482 318.39 158.975 184.847 130.917 78.9312 71.4489 56.55 56.0881 17.7948 16.743 14.6146 14.4533
threshold=2.5000000000000004 -0.037040774722581486 -0.0098539250404769945 6.5000000000000009 6.5000000000000009 4.5000000000000009 0.07694626914134807 -0.054055913181027419 -0.020748755122786285 0.003044662043372615 -0.0062517992278824366 0.093218240152073265 0.00079199082517700259 0.088818283462710604 -0.060144056962332708
decision_type=2 2 2 2 2 2 2 2 2 2 2 2 2 2 2
left_child=6 4 8 -4 5 -2 7 9 -3 -1 -9 13 -13 -8 -6
right_child=1 2 3 -5 14 -7 11 10 -10 -11 -12 12 -14 -15 -16
leaf_value=0.0099520477088880233 0.0099566570458083301 -0.0043280194271236964 0.0066306540186372043 -0.001159827950534128 0.034325003277361835 -0.00045574350971078572 0.0013345773174115111 -0.01587605485328776 -0.015095897420276507 -0.011475881457103584 -0.0083314134389393876 -0.0051490785792464473 0.0026490142002078094 0.025044807223783893 0.021051415769212465
leaf_weight=308.5995604917407 3215.8279387028888 3162.3505141222849 6626.5033854148351 16422.815132526681 95.643333635758609 2934.8027723971754 43.799848737195134 1258.025781027507 672.54441784089431 172.97475710092112 3005.4658341081813 344.6246855026111 881.96869972907007 50.226772293448448 323.71605220856145
leaf_count=4478 33356 32079 145934 318729 3770 41795 1915 17569 18846 3751 62216 8949 24754 766 5226
internal_value=-5.51191e-06 0.00125037 3.90949e-05 0.00107988 0.00620686 0.00498833 -0.00693209 -0.00925722 -0.00621644 0.00225544 -0.0105576 0.00142223 0.000458056 0.014 0.0240787
internal_weight=39519.9 33454.2 26884.2 23049.3 6569.99 6150.63 6065.69 4745.07 3834.89 481.574 4263.49 1320.62 1226.59 94.0266 419.359
internal_count=724133 599735 515588 464663 84147 75151 124398 88014 50925 8229 79785 36384 33703 2681 8996
is_linear=0
shrinkage=0.03


Tree=27
num_leaves=16
num_cat=0
split_feature=8 8 8 0 9 0 8 4 9 4 4 4 8 4 4
split_gain=360.46 205.203 171.053 139.779 125.832 90.1082 74.6343 74.0167 68.4886 39.4138 31.0599 26.581 20.2236 17.2758 8.51189
threshold=2.5000000000000004 6.5000000000000009 3.5000000000000004 0.016636702177222348 1.5000000000000002 0.029710144927536253 4.5000000000000009 -0.093880226627798311 1.5000000000000002 0.029211485859758194 -0.093880226627798311 0.041610615584351092 1.5000000000000002 0.11217798257068003 0.094398306214234964
decision_type=2 2 2 2 2 2 2 2 2 2 2 2 2 2 2
left_child=5 2 4 13 -2 9 -4 -5 10 12 -7 -10 -1 -3 -11
right_child=1 3 6 7 -6 8 -8 -9 11 14 -12 -13 -14 -15 -16
leaf_value=-0.009721375478692033 0.0047339349591413431 -0.006637021935574962 0.0091488909699211814 0.0080492384894535786 -0.0071040677876512059 0.010961287910615054 0.0039412287418504497 -0.00020641077544881578 -0.0092069002346046921 -0.0068078767932379684 -0.00030454103960032668 -0.0010755969560911954 -0.015478589088338027 0.0051054428430279677 -0.00011299039101627844
leaf_weight=1132.0201533790678 1386.2577289361507 3429.378435603343 3586.8551266989671 1051.0187540110201 1937.7121744314209 284.05409184563905 8003.4077069275081 13952.800531506538 1276.9339070762508 553.18964537465945 980.54657593276352 504.87981946161017 1066.4573221383616 116.59589970298111 247.33260287018493
leaf_count=22638 23861 51507 57195 22204 35986 4439 125841 280744 23263 12845 21567 13284 20356 2397 6006
internal_value=-5.58299e-06 0.00121235 0.0038323 -0.000894117 -0.00216704 -0.00674738 0.00555285 0.000371898 -0.00311339 -0.0104388 0.00222598 -0.00690288 -0.0125141 -0.00625092 -0.0047394
internal_weight=39509.4 33464 14914.2 18549.8 3323.97 6045.41 11590.3 15003.8 3046.41 2999 1264.6 1781.81 2198.48 3545.97 800.522
internal_count=724133 599735 242883 356852 59847 124398 183036 302948 62553 61845 26006 36547 42994 53904 18851
is_linear=0
shrinkage=0.03


Tree=28
num_leaves=16
num_cat=0
split_feature=8 7 8 9 0 7 7 8 7 7 8 6 7 7 7
split_gain=340.094 210.551 164.972 179.401 133.59 123.197 119.681 79.086 76.4601 118.858 69.3805 24.7512 16.875 14.0598 10.4493
threshold=2.5000000000000004 -0.06846028159537397 3.5000000000000004 1.5000000000000002 0.027686132415407721 0.07694626914134807 0.032045748727557728 4.5000000000000009 0.018478898210030351 -0.0053794305034632331 3.5000000000000004 0.19476398206007475 0.099369190121537901 0.29433303104773184 0.098381663877460959
decision_type=2 2 2 2 2 2 2 2 2 2 2 2 2 2 2
left_child=5 2 3 -2 6 8 -3 -4 9 -1 -6 -10 14 -14 -7
right_child=1 4 7 -5 10 12 -8 -9 11 -11 -12 -13 13 -15 -16
leaf_value=-0.011772070593905335 0.01465502354186966 0.0017780419298450195 0.027134861910741555 -0.01248403623501919 -0.0035364809135025222 0.0044924481870861057 -0.0033619605112465349 0.011221227292809749 -0.014322742146842227 0.00017490342638561105 0.0033598729590949452 0.01719047092871261 0.000258494682329327 -0.024773855398401171 0.01741274987548631
leaf_weight=1538.323967969045 428.10163151845336 6922.3086054087617 491.63761418778449 449.28308923449367 1458.5731179956347 206.67331643775105 9918.838996686507 656.20950366323814 1685.1883307411335 1461.5196807929315 13148.427537019365 22.733890608884394 1013.9208877533674 20.604148240759969 77.446866787970066
leaf_count=22245 4909 89196 9026 6038 29184 5362 184305 22288 41803 23385 254789 581 28341 1532 1149
internal_value=-5.60652e-06 0.00117554 0.0105514 0.000757904 0.000571742 -0.00656621 -0.00124924 0.0180372 -0.00883632 -0.00595152 0.00267124 -0.0139033 0.00153846 -0.000240063 0.00801433
internal_weight=39499.8 33473.4 2025.23 877.385 31448.1 6026.41 16841.1 1147.85 4707.77 2999.84 14607 1707.92 1318.65 1034.53 284.12
internal_count=724133 599735 42261 10947 557474 124398 273501 31314 88014 45630 283973 42384 36384 29873 6511
is_linear=0
shrinkage=0.03


Tree=29
num_leaves=16
num_cat=0
split_feature=8 7 8 0 7 7 7 7 3 8 8 7 7 4 4
split_gain=320.943 198.063 154.802 125.671 116.801 112.562 90.7161 79.7227 73.0752 64.161 54.3724 53.5453 27.5763 15.1512 4.0606
threshold=2.5000000000000004 -0.06846028159537397 3.5000000000000004 0.02345074158205546 0.084503568562324452 -0.072542947547819023 0.032045748727557728 -0.08944279441250895 -0.054055913181027419 3.5000000000000004 1.5000000000000002 -0.0062517992278824366 0.093218240152073265 0.00079199082517700259 0.030897959053073024
decision_type=2 2 2 2 2 2 2 2 2 2 2 2 2 2 2
left_child=4 2 5 6 8 -2 -3 -4 10 -5 -1 -10 14 -14 -6
right_child=1 3 7 9 12 -7 -8 -9 11 -11 -12 -13 13 -15 -16
leaf_value=0.012461192952387368 -0.002908326610815695 0.001399962038435556 0.0068511618952716109 -0.0033252934942432952 0.0132752277438227 0.032462698772852523 -0.0038096241680503152 0.023351982702688158 -0.015090604275429447 0.0026703415095156377 -0.0077374539640048742 -0.0076719109920878768 -0.0047869995024842427 0.0026443568637677392 0.027951213198211203
leaf_weight=243.52808150369674 786.03421945590526 4954.5434459154494 409.28832788672298 1773.2636029222049 36.085685295984149 90.271771691739559 7658.1756646060385 739.9110545902513 1237.0754654053599 17066.906464254949 236.35264714155346 2996.6405975366943 342.94409164972603 881.83625143300742 32.026247164234519
leaf_count=3439 10181 62932 19534 35337 881 766 138567 11780 17569 320638 4807 63348 8949 24754 651
internal_value=-5.61477e-06 0.00114002 0.010233 0.000554456 -0.00639106 0.000735384 -0.00176319 0.0174752 -0.00858204 0.00210602 0.00251288 -0.00983962 0.00159676 0.000563543 0.0201759
internal_weight=39484.9 33478.4 2025.51 31452.9 6006.49 876.306 12612.7 1149.2 4713.6 18840.2 479.881 4233.72 1292.89 1224.78 68.1119
internal_count=724133 599735 42261 557474 124398 10947 201499 31314 89163 355975 8246 80917 35235 33703 1532
is_linear=0
shrinkage=0.03


Tree=30
num_leaves=16
num_cat=0
split_feature=8 7 9 8 8 0 7 7 7 7 8 7 7 4 0
split_gain=302.831 186.717 152.83 380.85 334.968 136.624 110.608 101.524 73.203 569.763 41.3734 25.8791 25.8075 14.2644 3.94991
threshold=2.5000000000000004 -0.046996336770880436 1.5000000000000002 4.5000000000000009 3.5000000000000004 0.016636702177222348 0.084503568562324452 -0.0098539250404769945 0.003044662043372615 -0.0053794305034632331 6.5000000000000009 0.0064878370299188423 0.093218240152073265 0.00079199082517700259 0.070409524904011422
decision_type=2 2 2 2 2 2 2 2 2 2 2 2 2 2 2
left_child=6 2 3 -2 -4 10 8 -7 9 -1 -3 -10 14 -14 -8
right_child=1 5 4 -5 -6 7 12 -9 11 -11 -12 -13 13 -15 -16
leaf_value=-0.01118749471781617 0.024550305716069039 4.3903405236755979e-05 -0.014053405062444114 -0.0017897043576432603 0.0087179586144000704 -0.0027399564858230584 0.016774544134344597 0.0021191835634899354 -0.017682788500599164 0.033652606002448376 -0.0061077515084167451 -0.010067791026409334 -0.0046514922570728631 0.002562665202624981 0.038698897320167132
leaf_weight=1520.6568266074173 1117.4648619368672 1366.7548472578637 821.62136081419885 885.55718020908535 1988.4272728338838 4864.4935890864581 59.998185183852911 18926.218747414183 483.0386086567305 306.43041066685691 3513.2576283263043 2383.9141020267271 342.35577723477036 882.63630297407508 8.4354364946484548
leaf_count=22245 12503 23797 9091 16279 32546 57860 1389 394391 5244 8415 53268 53259 8949 24754 143
internal_value=-5.5954e-06 0.00110559 0.00657328 0.0129051 0.00205991 0.000187701 -0.00621967 0.00112563 -0.00836004 -0.00366713 -0.00438485 -0.0113508 0.00154808 0.000546482 0.019477
internal_weight=39471.3 33483.8 4813.07 2003.02 2810.05 28670.7 5987.47 23790.7 4694.04 1827.09 4880.01 2866.95 1293.43 1224.99 68.4336
internal_count=724133 599735 70419 28782 41637 529316 124398 452251 89163 30660 77065 58503 35235 33703 1532
is_linear=0
shrinkage=0.03


Tree=31
num_leaves=16
num_cat=0
split_feature=8 7 8 7 7 9 7 7 7 7 7 7 8 9 7
split_gain=289.237 307.94 176.365 292.471 159.125 153.499 249.905 238.43 198.563 113.871 104.118 74.3073 198.487 63.6152 36.073
threshold=3.5000000000000004 -0.06846028159537397 6.5000000000000009 0.027201130471935068 0.019194096811663622 1.5000000000000002 -0.042708928635649061 0.07694626914134807 0.097272491286520615 -0.045101066287884344 -0.037040774722581486 -0.08944279441250895 4.5000000000000009 2.5000000000000004 -0.0062517992278824366
decision_type=2 2 2 2 2 2 2 2 2 2 2 2 2 2 2
left_child=5 11 4 -4 -3 6 9 14 -9 -1 -8 13 -13 -2 -7
right_child=1 2 3 -5 -6 7 10 8 -10 -11 -12 12 -14 -15 -16
leaf_value=0.011079374660499271 -0.0038999643270556414 0.00055087421535617834 0.0055809686975436743 -0.0031259062450562486 0.0079625265733331754 -0.013542504440007038 -0.029859922395642981 0.025752781051466167 -0.0029387656067758842 0.065577052686923112 -0.0032202799583260148 0.043306699019037595 0.01082117450446763 0.019956753113484146 -0.0081169197219043525
leaf_weight=945.13161965738982 233.08021098934114 5738.5182500705123 4630.9562006839551 13876.01833963627 4777.5134953646921 2304.0957919484936 139.0699310079217 292.90333487279713 838.66859618388116 35.814063131809235 2612.7769960882142 261.9681062400341 478.40665873978287 176.98021764308214 2115.5047200783156
leaf_count=10260 12018 52726 88554 266796 100498 31471 1149 5362 25277 383 61237 1532 10248 7516 49106
internal_value=-5.7129e-06 0.00141904 0.000815642 -0.000947206 0.00391804 -0.00463623 6.7927e-05 -0.00779947 0.00448794 0.0130691 -0.00456657 0.0166414 0.0223156 0.00639649 -0.0109455
internal_weight=39457.4 30173.4 29023 18507 10516 9283.97 3732.79 5551.17 1131.57 980.946 2751.85 1150.44 740.375 410.06 4419.6
internal_count=724133 539888 508574 355350 153224 184245 73029 111216 30639 10643 62386 31314 11780 19534 80577
is_linear=0
shrinkage=0.03


Tree=32
num_leaves=16
num_cat=0
split_feature=8 7 8 7 7 9 7 7 7 7 7 7 8 9 7
split_gain=272.68 289.742 165.741 275.056 149.13 145.225 234.567 225.733 185.224 102.85 99.5568 70.0826 187.7 59.6723 34.3763
threshold=3.5000000000000004 -0.06846028159537397 6.5000000000000009 0.027201130471935068 0.019194096811663622 1.5000000000000002 -0.042708928635649061 0.07694626914134807 0.097272491286520615 -0.045101066287884344 -0.037040774722581486 -0.08944279441250895 4.5000000000000009 2.5000000000000004 -0.0062517992278824366
decision_type=2 2 2 2 2 2 2 2 2 2 2 2 2 2 2
left_child=5 11 4 -4 -3 6 9 14 -9 -1 -8 13 -13 -2 -7
right_child=1 2 3 -5 -6 7 10 8 -10 -11 -12 12 -14 -15 -16
leaf_value=0.010716624594612999 -0.0037848496038667919 0.00053424686021615151 0.0054032969253152629 -0.0030357230030897565 0.007704210322843642 -0.013213599666792072 -0.029333126264116091 0.024780055112561802 -0.0028536198404867457 0.061805450533890215 -0.0031279414560592225 0.042100413695377537 0.010490705015878376 0.019305637169165953 -0.0079044516333106433
leaf_weight=947.76891515776515 232.96595435775816 5739.5873125679791 4639.6008206405677 13859.840588434599 4789.384521306958 2290.8084995602258 137.34671507775784 295.23255454748869 837.79536236077547 36.843117378652096 2609.2645192644559 261.39811065793037 478.66855359263718 177.453275016509 2107.3234512554482
leaf_count=10260 12018 52726 88554 266796 100498 31471 1149 5362 25277 383 61237 1532 10248 7516 49106
internal_value=-5.79207e-06 0.00137612 0.000790925 -0.000919244 0.0037957 -0.00450838 6.52746e-05 -0.00759369 0.00434687 0.0126283 -0.00443835 0.0161416 0.0216555 0.0061988 -0.0106698
internal_weight=39441.3 30178.9 29028.4 18499.4 10529 9262.38 3731.22 5531.16 1133.03 984.612 2746.61 1150.49 740.067 410.419 4398.13
internal_count=724133 539888 508574 355350 153224 184245 73029 111216 30639 10643 62386 31314 11780 19534 80577
is_linear=0
shrinkage=0.03


Tree=33
num_leaves=16
num_cat=0
split_feature=8 7 7 7 8 8 7 7 8 7 4 7 7 7 4
split_gain=257.707 170.479 181.666 278.57 149.114 172.409 99.3931 73.1492 116.749 66.8781 27.3533 21.9698 14.2613 11.9719 3.68742
threshold=2.5000000000000004 -0.037040774722581486 -0.0098539250404769945 0.029895573115959143 6.5000000000000009 4.5000000000000009 0.084503568562324452 0.018478898210030351 1.5000000000000002 -0.020748755122786285 0.043466595136793969 0.093218240152073265 0.29433303104773184 -0.060144056962332708 0.030897959053073024
decision_type=2 2 2 2 2 2 2 2 2 2 2 2 2 2 2
left_child=6 4 9 -4 5 -2 7 8 -1 -3 -9 14 -13 -6 -8
right_child=1 2 3 -5 13 -7 11 10 -10 -11 -12 12 -14 -15 -16
leaf_value=0.0017845576891980515 0.0089543164803883996 -0.0042728975683717927 0.0072574141692553938 -0.00076578064651448006 0.031823275543764087 -0.0010870065920033558 0.011520377470000755 -0.01474736290032426 -0.010244580218955345 -0.014717675588779903 -0.0054224369364353547 0.0010853938216867384 -0.024197913725906125 0.01980970752988738 0.025406721191422468
leaf_weight=1295.7490583756007 3220.7091321526095 3159.2194782872684 4962.2117074388079 18105.737339893356 96.729892795905471 2947.1659314595163 36.587132435292006 1338.286207575351 1651.8839618489146 668.4750999007374 359.07600460294634 1202.7449776530266 20.419541759416461 327.13403690094128 32.496411805972457
leaf_count=20096 33356 32079 93703 370960 3770 41795 881 32242 25534 18846 11291 32171 1532 5226 651
internal_value=-5.84859e-06 0.00101545 -4.42309e-05 0.000960111 0.00533916 0.00415632 -0.0057662 -0.00781352 -0.0049567 -0.00609699 -0.0127747 0.00159293 0.000663314 0.0225513 0.0180524
internal_weight=39424.6 33487.4 26895.6 23067.9 6591.74 6167.88 5937.24 4645 2947.63 3827.69 1697.36 1292.25 1223.16 423.864 69.0835
internal_count=724133 599735 515588 464663 84147 75151 124398 89163 45630 50925 43533 35235 33703 8996 1532
is_linear=0
shrinkage=0.03


Tree=34
num_leaves=16
num_cat=0
split_feature=8 7 8 7 7 9 7 7 7 7 7 7 8 9 7
split_gain=248.197 268.756 154.402 251.169 140.977 137.57 211.371 210.639 172.662 96.9001 93.7081 66.3261 175.495 55.8537 35.4949
threshold=3.5000000000000004 -0.06846028159537397 6.5000000000000009 0.027201130471935068 0.019194096811663622 1.5000000000000002 -0.042708928635649061 0.07694626914134807 0.097272491286520615 -0.037040774722581486 -0.045101066287884344 -0.08944279441250895 4.5000000000000009 2.5000000000000004 -0.072542947547819023
decision_type=2 2 2 2 2 2 2 2 2 2 2 2 2 2 2
left_child=5 11 4 -4 -3 6 10 14 -9 -8 -1 13 -13 -2 -7
right_child=1 2 3 -5 -6 7 9 8 -10 -11 -12 12 -14 -15 -16
leaf_value=0.010187193289255013 -0.0037981464011579893 0.00047217635708590402 0.0051252831867718155 -0.0029319944727751882 0.0074375748317825835 -0.018970020690682186 -0.028869871300375181 0.023825704679132566 -0.0027843030807272731 -0.0028663594874682218 0.058348419672780483 0.040724577876475682 0.010124990467448792 0.018524703168739692 -0.0094713869105036378
leaf_weight=950.93742224853486 232.93298383802176 5743.1879729386419 4652.4527159165591 13841.105576156639 4801.5378117393702 388.64313544426113 135.71066432446241 297.43334588780999 837.08857681415975 2598.2757988111116 37.805580355226994 260.415476962924 478.88349534198642 177.93882025405765 3979.8753777728416
leaf_count=10260 12018 52726 88554 266796 100498 5655 1149 5362 25277 61237 383 1532 10248 7516 74922
internal_value=-5.87812e-06 0.00131018 0.000746831 -0.000905013 0.00364387 -0.00431226 0.000141761 -0.00732534 0.00419194 -0.00415713 0.0120287 0.015533 0.0209036 0.00586935 -0.0103164
internal_weight=39414.2 30188.5 29038.3 18493.6 10544.7 9225.77 3722.73 5503.04 1134.52 2733.99 988.743 1150.17 739.299 410.872 4368.52
internal_count=724133 539888 508574 355350 153224 184245 73029 111216 30639 62386 10643 31314 11780 19534 80577
is_linear=0
shrinkage=0.03


Tree=35
num_leaves=16
num_cat=0
split_feature=8 7 8 7 7 9 7 7 7 7 7 7 8 9 7
split_gain=233.984 253.039 145.119 241.299 132.17 130.129 199.382 198.469 161.263 92.6636 85.3751 62.6413 166.528 52.4282 34.6656
threshold=3.5000000000000004 -0.06846028159537397 6.5000000000000009 -0.031619459460230585 0.019194096811663622 1.5000000000000002 0.07694626914134807 -0.042708928635649061 0.097272491286520615 -0.037040774722581486 -0.045101066287884344 -0.08944279441250895 4.5000000000000009 2.5000000000000004 -0.0062517992278824366
decision_type=2 2 2 2 2 2 2 2 2 2 2 2 2 2 2
left_child=5 11 4 -4 -3 7 14 10 -8 -9 -1 13 -13 -2 -7
right_child=1 2 3 -5 -6 6 8 9 -10 -11 -12 12 -14 -15 -16
leaf_value=0.0098571479317394965 -0.0036860127368439442 0.00045793703299652479 0.014783619824261889 -0.0016283642274909943 0.0071978765671746282 -0.012622626549828842 0.022952363437770039 -0.02836724054620731 -0.0027034997738786736 -0.002783788727730831 0.055337756910140701 0.039660750378129161 0.0098172583284195578 0.017930985542515376 -0.007260341908108205
leaf_weight=953.25816461443901 232.82034099008888 5744.1018372694962 844.87535088183358 17641.254354342818 4812.4229757133871 2266.0963325593621 299.45654943957925 133.99791083484888 836.2574564833194 2595.1323037096299 38.653028570115566 259.39382968842983 479.07477925531566 178.30985854752362 2081.82604742283
leaf_count=10260 12018 52726 13061 342289 100498 31471 5362 1149 25277 61237 383 1532 10248 7516 49106
internal_value=-5.91101e-06 0.00127065 0.000724231 -0.000878284 0.00353049 -0.00419314 -0.00713148 0.000137039 0.00406125 -0.00403991 0.0116294 0.0150749 0.0203001 0.00568942 -0.0100551
internal_weight=39396.9 30192.3 29042.7 18486.1 10556.5 9204.68 5483.64 3721.04 1135.71 2729.13 991.911 1149.6 738.469 411.13 4347.92
internal_count=724133 539888 508574 355350 153224 184245 111216 73029 30639 62386 10643 31314 11780 19534 80577
is_linear=0
shrinkage=0.03


Tree=36
num_leaves=16
num_cat=0
split_feature=8 7 0 9 7 7 7 7 7 7 7 8 9 7 7
split_gain=220.577 238.301 144.032 123.073 188.697 186.385 150.698 113.445 88.621 78.0567 59.1935 158.228 49.2253 42.965 33.5923
threshold=3.5000000000000004 -0.06846028159537397 0.016636702177222348 1.5000000000000002 0.07694626914134807 -0.042708928635649061 0.097272491286520615 0.18009909587881581 -0.037040774722581486 -0.045101066287884344 -0.08944279441250895 4.5000000000000009 2.5000000000000004 0.097272491286520615 -0.072542947547819023
decision_type=2 2 2 2 2 2 2 2 2 2 2 2 2 2 2
left_child=3 10 13 5 14 9 -6 -4 -7 -1 12 -12 -2 -3 -5
right_child=1 2 7 4 6 8 -8 -9 -10 -11 11 -13 -14 -15 -16
leaf_value=0.0095389758065688134 -0.0035771609671132712 -0.0050477402459732671 0.0014841409592344585 -0.018277368426236451 0.022122141707638408 -0.02787617632869439 -0.0026249729604661842 0.026901171931073949 -0.0027035093372032937 0.052615587209578221 0.03865156669193593 0.0095194632457772446 0.017360292763765363 0.0035615468897600361 -0.0089752820668432282
leaf_weight=955.46804857347161 232.70951594319195 4284.7839244594797 24009.447660176083 383.35496066510677 301.34446125663817 132.2936187684536 835.44855784717947 159.09090304747224 2592.074850036297 39.42102075368166 258.1994224190712 479.23714177124202 178.64117350708693 594.02943648677319 3944.584505538689
leaf_count=10260 12018 59541 421449 5655 5362 1149 25277 12521 61237 383 1532 10248 7516 15063 74922
internal_value=-5.92368e-06 0.00123231 0.000702313 -0.00407713 -0.00694217 0.000132502 0.00393507 0.00165145 -0.00392588 0.0112458 0.0146334 0.0197195 0.00551555 -0.0039995 -0.00979923
internal_weight=39380.1 30196.1 29047.4 9183.99 5464.73 3719.26 1136.79 24168.5 2724.37 994.889 1148.79 737.437 411.351 4878.81 4327.94
internal_count=724133 539888 508574 184245 111216 73029 30639 433970 62386 10643 31314 11780 19534 74604 80577
is_linear=0
shrinkage=0.03


Tree=37
num_leaves=16
num_cat=0
split_feature=0 7 7 7 7 9 7 7 7 7 7 0 3 7 7
split_gain=176.776 103.359 94.7116 114.286 71.7311 88.3322 160.062 108.699 65.145 77.5003 67.6373 54.6885 54.2 42.0084 18.5966
threshold=0.027686132415407721 -0.046996336770880436 0.081932593887314678 0.042261124990351624 -0.06846028159537397 1.0000000180025095e-35 -0.085133075210050965 -0.07768934587081365 -0.057557787670057974 -0.060144056962332708 -0.048835999354398078 1.0000000180025095e-35 -0.0082981251188574672 0.1432593772157961 -0.051906436182399311
decision_type=2 2 2 2 2 2 2 2 2 2 2 2 2 2 2
left_child=1 11 3 -3 5 7 -7 -2 9 -6 -10 14 -13 -4 -1
right_child=4 2 13 -5 8 6 -8 -9 10 -11 -12 12 -14 -15 -16
leaf_value=-0.017744526531234293 0.027077643704618074 -0.0016998014042642375 0.00067930176025329651 -0.0071872058495773316 -0.0022164429805693201 -0.0064933310653215188 0.017517902704958746 -0.0052955575516325246 0.010665276077113151 -0.025108182489573486 0.0015020422841154556 -0.001310609217798226 0.0095429066171484993 0.01154447440340171 0.04091344303427559
leaf_weight=5.4137926427647463 364.03002722095698 9339.5215495950542 3133.1870961897075 5385.6554026138037 721.74475741013885 612.07093209959567 422.22568585397676 125.53757168818265 758.79579317104071 163.20028626453131 16272.046864011325 830.95552476728335 825.44577814778313 356.72494059707969 47.926921928767115
leaf_count=215 6805 133823 64921 95263 7470 20233 6216 1042 7498 2062 335959 8292 10591 23357 386
internal_value=-5.90803e-06 -0.00199167 -0.00265366 -0.00370679 0.00202941 0.00827791 0.00330865 0.0187763 0.00149794 -0.0064381 0.0019103 0.00506093 0.0040981 0.0017899 0.03496
internal_weight=39364.5 19924.8 18215.1 14725.2 19439.7 1523.86 1034.3 489.568 17915.8 884.945 17030.8 1709.74 1656.4 3489.91 53.3407
internal_count=724133 336848 317364 229086 387285 34296 26449 7847 352989 9532 343457 19484 18883 88278 601
is_linear=0
shrinkage=0.03


Tree=38
num_leaves=16
num_cat=0
split_feature=7 0 7 7 7 5 7 7 7 7 5 1 7 4 0
split_gain=167.594 140.903 113.682 94.2484 184.967 82.1721 79.0793 61.372 73.8517 63.3427 17.4816 17.2558 14.637 12.2114 7.18772
threshold=-0.06846028159537397 0.027686132415407721 -0.072542947547819023 -0.07768934587081365 -0.085133075210050965 1.0000000180025095e-35 0.081932593887314678 -0.057557787670057974 -0.060144056962332708 -0.048835999354398078 0.70865289934223874 -0.001485163622563392 -0.039637858455555113 0.044409477053646625 0.01357365032442741
decision_type=2 2 2 2 2 2 2 2 2 2 2 2 2 2 2
left_child=2 5 3 4 -1 12 -7 8 -3 -9 -5 13 -2 -4 -13
right_child=1 7 11 10 -6 6 -8 9 -10 -11 -12 14 -14 -15 -16
leaf_value=0.0020542035274875858 0.040004610172338244 -0.0021516202080855344 0.032889915616991158 -0.00073770025534137943 0.026784115793501023 -0.0032406973366286029 0.0017475618752178402 0.010308993968332836 -0.024583726823202281 0.0014561988063743238 -0.016654023835706636 -0.018122191067332909 -0.018352056431900327 0.012193806178290427 0.017306739439216946
leaf_weight=1082.6510888403282 48.10242083389312 721.19292898662388 173.22682157764211 96.314783181063831 363.62657040171325 15836.35990032414 3490.7526740804315 761.42846935475245 161.70430071186274 16280.653812108096 174.8648777930066 5.3749960679560891 4.2065071118995538 30.11977055342868 125.16590160317719
leaf_count=30473 386 7470 1469 1189 6104 239789 88238 7498 2062 335959 1852 41 87 365 1151
internal_value=-5.82828e-06 -0.000464905 0.00834265 0.00522875 0.00827186 -0.00223812 -0.00233975 0.00145219 -0.0062601 0.00185174 -0.011001 0.02436 0.0353118 0.0298244 0.015848
internal_weight=39355.7 37304.4 2051.34 1717.46 1446.28 19379.4 19327.1 17925 882.897 17042.1 271.18 333.887 52.3089 203.347 130.541
internal_count=724133 681489 42644 39618 36577 328500 328027 352989 9532 343457 3041 3026 473 1834 1192
is_linear=0
shrinkage=0.03


Tree=39
num_leaves=16
num_cat=0
split_feature=8 8 7 7 9 7 7 7 7 7 7 7 8 7 7
split_gain=212.441 207.922 244.147 171.999 112.98 175.55 166.988 141.332 112.262 126.163 84.7125 72.6379 55.8444 39.6439 33.2003
threshold=3.5000000000000004 6.5000000000000009 -0.031619459460230585 0.1432593772157961 1.5000000000000002 0.07694626914134807 -0.042708928635649061 0.097272491286520615 -0.06846028159537397 0.019194096811663622 -0.037040774722581486 -0.045101066287884344 4.5000000000000009 -0.038300839274713665 -0.0062517992278824366
decision_type=2 2 2 2 2 2 2 2 2 2 2 2 2 2 2
left_child=4 8 13 -4 6 14 11 -7 12 -10 -8 -1 -2 -3 -6
right_child=1 2 3 -5 5 7 10 -9 9 -11 -12 -13 -14 -15 -16
leaf_value=0.0088641665499149761 0.021042949908388939 0.022603990545889928 -0.0020265278840225468 0.01659733470740863 -0.012056883658418083 0.021257222101128747 -0.027399411757274336 -0.0026517360540654054 0.00038888414032404615 0.00696924638989591 -0.0026374858173209845 0.050059844947184233 0.0074707713020563679 0.0095697861163131833 -0.0067837103143614189
leaf_weight=957.83604773972183 486.33620826527476 341.55091697722673 17161.262355227489 458.21820331271738 2242.4682262921706 303.26282344944775 130.61606228351593 835.7038438078016 5747.8908329135738 4822.2146089142188 2588.9984989091754 40.13558291643858 621.56813876330853 545.33137008594349 2063.3270803615451
leaf_count=10260 9026 8613 313334 28955 31471 5362 1149 25277 52726 100498 61237 383 20786 5950 49106
internal_value=-5.71416e-06 0.00120879 -0.000769112 -0.00154219 -0.00400677 -0.00675948 2.48412e-05 0.0037143 0.00434321 0.00339093 -0.00382674 0.0105209 0.0134285 0.0145894 -0.00952999
internal_weight=39346.7 30184.4 18506.4 17619.5 9162.35 5444.76 3717.59 1138.97 11678 10570.1 2719.61 997.972 1107.9 886.882 4305.8
internal_count=724133 539888 356852 342289 184245 111216 73029 30639 183036 153224 62386 10643 29812 14563 80577
is_linear=0
shrinkage=0.03


Tree=40
num_leaves=16
num_cat=0
split_feature=8 7 8 7 7 7 9 7 7 7 7 7 7 7 7
split_gain=200.258 202.429 214.245 224.779 119.285 135.201 106.843 166.113 156.891 133.593 81.0287 66.8315 50.5554 48.5882 32.3641
threshold=3.5000000000000004 0.029895573115959143 6.5000000000000009 0.089628087276729232 -0.06846028159537397 0.017628455480776076 1.5000000000000002 0.07694626914134807 -0.042708928635649061 0.088818283462710604 -0.037040774722581486 -0.045101066287884344 -0.08944279441250895 0.11195178401863438 -0.072542947547819023
decision_type=2 2 2 2 2 2 2 2 2 2 2 2 2 2 2
left_child=6 4 13 -4 12 -6 8 14 11 -9 -10 -1 -2 -3 -8
right_child=1 2 3 -5 5 -7 7 9 10 -11 -12 -13 -14 -15 -16
leaf_value=0.0085811724099195547 0.0048784101087092583 0.003921363922864911 -0.0051188150387531167 0.0035940345547756515 0.001347440326753387 0.009014822330383707 -0.017660311697687649 0.031585586125357619 -0.026929295498686005 -0.00016954491040998518 -0.0025612769051898926 0.047803132733188702 0.018009192942521457 0.014059934021066266 -0.0084745256046546424
leaf_weight=959.71224549412727 412.11605449579656 3559.7098975302652 9775.5310756792314 3663.6138667110354 8859.632701116614 2700.7510856618173 378.64848179370165 135.29273555055261 128.93501032888889 1004.5106038851663 2586.0960888210684 40.759518697857857 733.7264319579117 483.16538462880999 3908.067323136609
leaf_count=10260 19534 66866 164122 97376 118933 37914 5655 2681 1149 27958 61237 383 11780 23363 74922
internal_value=-5.74377e-06 0.00117228 -0.000922078 -0.00274363 0.00405383 0.0031387 -0.00389575 -0.00657937 2.36985e-05 0.00359974 -0.0037185 0.0101791 0.0132865 0.00513303 -0.00928591
internal_weight=39330.3 30188.2 17482 13439.1 12706.2 11560.4 9142.02 5426.52 3715.5 1139.8 2715.03 1000.47 1145.84 4042.88 4286.72
internal_count=724133 539888 351727 261498 188161 156847 184245 111216 73029 30639 62386 10643 31314 90229 80577
is_linear=0
shrinkage=0.03


Tree=41
num_leaves=16
num_cat=0
split_feature=8 7 8 7 8 7 7 7 7 7 5 7 7 7 6
split_gain=188.767 190.291 201.521 211.851 115.124 516.373 286.985 101.101 113.916 240.73 107.161 91.9697 45.4121 13.9123 9.74425
threshold=3.5000000000000004 0.029895573115959143 6.5000000000000009 0.089628087276729232 4.5000000000000009 -0.048835999354398078 -0.0098539250404769945 -0.10492534064802615 0.075736335518270873 0.093218240152073265 1.0000000180025095e-35 -0.13207312593805756 0.11195178401863438 -0.2598207951683007 -0.020828856186309693
decision_type=2 2 2 2 2 2 2 2 2 2 2 2 2 2 2
left_child=7 4 12 -4 5 -2 -6 11 10 -10 -9 13 -3 -1 -13
right_child=1 2 3 -5 6 -7 -8 8 9 -11 -12 14 -14 -15 -16
leaf_value=-0.0015843503575199746 0.029654252220663133 0.0037992133081622644 -0.0049752445261054146 0.0034816163512396219 -0.0017925285249064573 0.0012201068327564266 0.0086337880157129655 0.039268959215448491 0.0252373150507154 -0.0027151490183275947 -0.0063492486105928125 0.036359878402933442 0.013582912737972025 -0.033893365900989431 0.021431712237930865
leaf_weight=21.480797801166773 801.34767332859337 3563.8708344404586 9756.1929306285456 3668.3775615151972 5908.7169101345353 2033.3349566441029 3973.9215866648592 46.655984818935394 336.87936367839575 1567.5921254670247 6957.5757233861368 65.001813651993871 485.09963242150843 27.162198755890131 99.732487465254962
leaf_count=2238 10941 66866 164122 97376 84897 21831 70492 380 6128 45193 126183 447 23363 2984 692
internal_value=-5.77934e-06 0.0011369 -0.000894987 -0.00266434 0.00392871 0.00925827 0.00240001 -0.00378766 -0.00427644 0.00222932 -0.00604538 0.0166196 0.00497138 -0.0196257 0.0273222
internal_weight=39312.9 30190.9 17473.5 13424.6 12717.3 2834.68 9882.64 9122.08 8908.7 1904.47 7004.23 213.377 4048.97 48.643 164.734
internal_count=724133 539888 351727 261498 188161 32772 155389 184245 177884 51321 126563 6361 90229 5222 1139
is_linear=0
shrinkage=0.03


Tree=42
num_leaves=16
num_cat=0
split_feature=0 5 0 3 9 4 1 5 0 3 9 5 9 4 3
split_gain=151.819 70.4648 75.8138 49.3006 36.871 27.4372 25.2999 16.8683 16.5291 16.3883 14.7894 10.3357 9.77468 6.09427 0.5311
threshold=0.027686132415407721 1.0000000180025095e-35 0.013357532043479481 -0.051086484464073982 1.5000000000000002 0.0055345590379347618 -0.023063238498394218 1.5488474600468114 0.034136569426330213 0.081396385764646043 3.5000000000000004 1.7224127166930823 1.5000000000000002 0.026584607043843248 -0.0085955598718065445
decision_type=2 2 2 2 2 2 2 2 2 2 2 2 2 2 2
left_child=1 12 9 4 8 -4 10 -8 -2 -3 -5 -6 13 -1 -14
right_child=3 2 5 6 11 -7 7 -9 -10 -11 -12 -13 14 -15 -16
leaf_value=0.04059149863164431 0.0012285657213487854 -0.0069852210420804188 -0.002404676603463178 1.0321279857225557e-05 0.0038981444846338449 -1.6626182969458937e-05 0.002482654313774221 7.4085378280712533e-05 0.012067748686304369 0.036860294021124722 -0.0049774512466840785 -0.0034313848326699417 -0.0090445640327292114 0.010668627667007892 -0.035648967499746435
leaf_weight=41.785088379867375 149.01714010862634 2470.9979035283905 8876.4110400979407 2458.0023225438781 833.16184684075415 8454.1482743837405 10794.287441290915 3454.4476677563507 842.39898994145915 7.696212683338671 683.89792458992451 218.57914947811514 1.343779275659472 7.1780309546738854 1.3575861481949676
leaf_count=354 2436 40066 144962 51062 18210 151101 213171 67844 16875 246 13258 4429 15 74 30
internal_value=-5.7944e-06 -0.00185037 -0.00194163 0.00187932 0.00628767 -0.00123974 0.00136141 0.00189872 0.0104385 -0.00684908 -0.00107537 0.00237488 0.0331398 0.0362048 -0.0224148
internal_weight=39294.7 19860.9 19809.3 19433.8 2043.16 17330.6 17390.6 14248.7 991.416 2478.69 3141.9 1051.74 51.6645 48.9631 2.70137
internal_count=724133 336848 336375 387285 41950 296063 345335 281015 19311 40312 64320 22639 473 428 45
is_linear=0
shrinkage=0.03


Tree=43
num_leaves=16
num_cat=0
split_feature=0 5 0 3 9 2 1 0 4 3 9 9 5 4 3
split_gain=143.645 68.4273 60.7012 47.5412 37.0199 22.0039 19.3063 17.8128 16.8928 15.3202 12.2087 9.25824 8.87533 5.82594 0.503526
threshold=0.024201886899819142 1.0000000180025095e-35 0.013357532043479481 -0.051086484464073982 1.5000000000000002 0.0057725918709755917 -0.022285913432491079 0.034136569426330213 -0.093880226627798311 0.081396385764646043 3.5000000000000004 1.5000000000000002 1.7224127166930823 0.026584607043843248 -0.0085955598718065445
decision_type=2 2 2 2 2 2 2 2 2 2 2 2 2 2 2
left_child=1 11 9 4 7 -4 10 -2 -8 -3 -5 13 -6 -1 -13
right_child=3 2 5 6 12 -7 8 -9 -10 -11 -12 14 -14 -15 -16
leaf_value=0.039640099662054618 0.0019452351755975753 -0.0067952019150539196 -0.0026638227356319709 -7.4787824992420489e-05 0.0032368520114970465 -0.00019722851966295411 0.004641967026721784 0.011666115269065412 0.0011694527857888312 0.035377897360784435 -0.0043979863972388776 -0.0087772203947618071 -0.0034064648080630064 0.01035795731170867 -0.034708318684641352
leaf_weight=41.508498288691044 212.25926841236651 2464.001131166704 7127.8451067248825 2691.0273862206377 915.0517764731776 5990.6171530850697 1364.168238745071 845.21475567901507 16643.611626232043 7.7768664872273794 752.234319829382 1.3431771676987412 225.61655668541789 7.1716226646676651 1.3526217923499633
leaf_count=354 3428 40066 116361 55506 19520 105353 26821 16875 320439 246 14506 15 4539 74 30
internal_value=-5.66992e-06 -0.0022361 -0.00235 0.00146954 0.00567142 -0.00153744 0.00103896 0.00971491 0.00143251 -0.00666251 -0.00101926 0.0323293 0.00192285 0.0353262 -0.0217882
internal_weight=39290.8 15641.6 15590.2 23649.2 2198.14 13118.5 21451 1057.47 18007.8 2471.78 3443.26 51.3759 1140.67 48.6801 2.6958
internal_count=724133 262499 262026 461634 44362 221714 417272 20303 347260 40312 70012 473 24059 428 45
is_linear=0
shrinkage=0.03


Tree=44
num_leaves=16
num_cat=0
split_feature=8 8 9 4 0 4 8 4 8 0 5 4 8 4 8
split_gain=182.709 169.373 95.9696 100.766 89.1742 63.2201 50.0971 89.9934 52.4008 43.2847 19.5071 18.9772 16.9678 16.1921 8.78607
threshold=3.5000000000000004 6.5000000000000009 1.5000000000000002 -0.10324083977782415 0.016636702177222348 -0.093880226627798311 4.5000000000000009 0.026584607043843248 5.5000000000000009 1.0000000180025095e-35 1.0000000180025095e-35 0.041610615584351092 2.5000000000000004 0.11217798257068003 2.5000000000000004
decision_type=2 2 2 2 2 2 2 2 2 2 2 2 2 2 2
left_child=2 6 3 10 13 -6 7 -2 -8 -5 -1 12 -4 -3 -13
right_child=1 4 11 9 5 -7 8 -9 -10 -11 -12 14 -14 -15 -16
leaf_value=0.045527462395547176 0.01109152726934198 -0.0053764489398349579 -0.0087062597335592264 0.031504289839761952 0.0074079839684709518 -0.0002031891441063026 0.00012168431802057439 0.0015640747104603838 0.0049540297625119845 -0.0028624413778520642 0.0092504612089238936 -0.0014260186048717458 -0.0047657423014026085 0.0060631921870499851 -0.0072979683010313918
leaf_weight=13.591406516730784 2016.7305006044917 3364.1923950063065 2630.3215795743745 33.358183871489018 1056.6369411270134 13939.819192426745 3892.2907116278075 1600.3149283812381 4197.62164112553 2938.7762885577977 722.72032342944294 884.99533349485137 1570.7903366945684 115.16973118949682 309.55326192034408
leaf_count=113 32298 51507 52252 291 22204 280744 62496 24897 63345 61385 11240 22978 28275 2397 7711
internal_value=-5.54437e-06 0.00111807 -0.00373065 -1.53354e-05 -0.000670822 0.000333087 0.00394128 0.00687623 0.00262905 -0.00247672 0.00992009 -0.00628419 -0.00723291 -0.00499779 -0.00294767
internal_weight=39286.9 30182.8 9104.11 3708.45 18475.8 14996.5 11707 3617.05 8089.91 2972.13 736.312 5395.66 4201.11 3479.36 1194.55
internal_count=724133 539888 184245 73029 356852 302948 183036 57195 125841 61676 11353 111216 80527 53904 30689
is_linear=0
shrinkage=0.03


Tree=45
num_leaves=16
num_cat=0
split_feature=8 7 8 7 8 7 8 7 7 7 7 7 8 7 8
split_gain=172.168 171.352 300.574 233.31 199.119 129.66 119.822 92.6486 227.498 109.557 335.553 143.174 74.8241 68.1624 31.2979
threshold=3.5000000000000004 -0.037040774722581486 4.5000000000000009 -0.048835999354398078 6.5000000000000009 0.18009909587881581 6.5000000000000009 0.075736335518270873 0.088818283462710604 -0.063584202246962915 -0.066183161360960571 -0.057557787670057974 2.5000000000000004 0.1069330752711657 10.500000000000002
decision_type=2 2 2 2 2 2 2 2 2 2 2 2 2 2 2
left_child=7 2 3 -2 -4 6 -3 9 12 10 -1 -11 -9 -10 -7
right_child=1 5 4 -5 -6 14 -8 8 13 11 -12 -13 -14 -15 -16
leaf_value=-0.0025641890818216035 0.028334421008266272 0.00317069898572256 -0.0016253657907979939 0.0051883439659002242 0.020216623827210001 -0.033994087443817343 -0.0014139958146221073 -0.0022371638466159088 0.0075366619612553844 -0.026414969292983093 0.047484318770366171 -0.0057528855252530981 0.04149206245904731 -0.0054260510902105451 0.028395746412081726
leaf_weight=1079.5125412046909 803.30031342990696 7197.663074743934 2952.4629999743775 765.37959869205952 430.3987901834771 7.5607571825385085 17863.497102650348 45.018453175202012 531.8448919840157 318.86289860028774 135.72345440648496 5649.6110495706089 161.73273233324289 1164.3734977077693 168.74488685838878
leaf_count=12479 10941 126087 41795 4213 8996 383 334209 1915 9575 3053 1532 115860 2298 37533 13264
internal_value=-5.4882e-06 0.00108423 0.00618686 0.0170411 0.00115357 8.31038e-05 -9.72536e-05 -0.0036259 0.00225978 -0.00518502 0.00302547 -0.00685675 0.0319704 -0.00136163 0.0257202
internal_weight=39275.7 30189 4951.54 1568.68 3382.86 25237.5 25061.2 9086.68 1902.97 7183.71 1215.24 5968.47 206.751 1696.22 176.306
internal_count=724133 539888 65945 15154 50791 473943 460296 184245 51321 132924 14011 118913 4213 47108 13647
is_linear=0
shrinkage=0.03


Tree=46
num_leaves=16
num_cat=0
split_feature=8 7 8 7 7 7 8 7 7 7 9 7 7 7 3
split_gain=162.267 164.965 179.606 190.695 97.6585 96.3075 126.289 90.7216 102.959 190.518 93.6156 86.3045 51.6944 13.1605 6.89182
threshold=3.5000000000000004 0.029895573115959143 8.5000000000000018 0.1432593772157961 0.048673566719404822 -0.06846028159537397 7.5000000000000009 -0.10492534064802615 0.055717178694082888 0.099369190121537901 1.5000000000000002 -0.13207312593805756 -0.08944279441250895 -0.2598207951683007 -0.028964264226186195
decision_type=2 2 2 2 2 2 2 2 2 2 2 2 2 2 2
left_child=7 5 4 -4 -3 12 -7 11 10 -10 -9 13 -2 -1 -13
right_child=1 2 3 -5 -6 6 -8 8 9 -11 -12 14 -14 -15 -16
leaf_value=-0.0018893630349127452 0.0034784944174914355 -0.0021666424901927639 -0.0045974765719436648 0.015280577278243267 0.0048422027908442992 0.0010279290465435263 0.0082724813909027545 -0.0013993798464355177 0.015494267260463865 -0.0044455315579536225 -0.0085450923239503897 0.030098306734683486 0.016760656158905433 -0.033375948995234071 0.016604494132446631
leaf_weight=21.475740562193096 413.09436241537333 2705.0060225632042 9007.8598334402777 456.34819720778614 5284.761976910755 8712.9584518084303 2881.9457469587214 2732.8978873565793 641.03594197286293 1317.8254943452775 4164.4672092285473 116.68033879064023 729.34299646504223 26.926483576186001 48.110948834568262
leaf_count=2238 19534 40678 155230 28572 127247 89109 67738 47489 16290 40597 73508 861 11780 2984 278
internal_value=-5.5373e-06 0.00105154 -0.000842848 -0.00363899 0.0024693 0.00364741 0.00282858 -0.00352445 -0.00398998 0.00207975 -0.00571379 0.0158141 0.011958 -0.0194056 0.0261588
internal_weight=39260.7 30191.3 17454 9464.21 7989.77 12737.3 11594.9 9069.42 8856.23 1958.86 6897.37 213.194 1142.44 48.4022 164.791
internal_count=724133 539888 351727 183802 167925 188161 156847 184245 177884 56887 120997 6361 31314 5222 1139
is_linear=0
shrinkage=0.03


Tree=47
num_leaves=16
num_cat=0
split_feature=8 7 8 7 8 7 8 7 7 7 9 7 7 7 6
split_gain=152.933 156.209 281.848 216.433 186.902 116.052 110.139 85.4897 97.6337 205.251 89.679 81.2547 29.9422 12.5591 8.55209
threshold=3.5000000000000004 -0.037040774722581486 4.5000000000000009 -0.048835999354398078 6.5000000000000009 0.18009909587881581 6.5000000000000009 -0.10492534064802615 0.075736335518270873 0.088818283462710604 1.5000000000000002 -0.13207312593805756 0.22601588008844101 -0.2598207951683007 0.024324522912742345
decision_type=2 2 2 2 2 2 2 2 2 2 2 2 2 2 2
left_child=7 2 3 -2 -4 6 -3 11 10 -10 -9 13 -7 -1 -13
right_child=1 5 4 -5 -6 12 -8 8 9 -11 -12 14 -14 -15 -16
leaf_value=-0.0018332251106746645 0.027271512188545646 0.0030218583292015138 -0.0016827129386511241 0.0049920007960382942 0.019432803851630494 0.037209599855271752 -0.0013718689414568624 -0.0013212300214326942 0.030170027126493477 -0.0013225025969249311 -0.0082957630687877752 0.029431752862283316 0.012602513251362213 -0.032652043086168502 0.013854676968860313
leaf_weight=21.469478543847799 803.69711688067764 7208.0023931451142 2952.0549615975469 766.86282502859831 432.54986335057765 83.889127324335277 17851.786217530724 2749.0771314813755 209.26138449087739 1694.2959726275876 4185.2255889035296 121.88651093840599 94.795362435281277 26.701175251044333 42.880191319622099
leaf_count=2238 10941 126087 41795 4213 8996 6421 334209 48970 4213 47108 77593 813 7226 2984 326
internal_value=-5.53125e-06 0.00101981 0.0058897 0.016393 0.00101583 6.36882e-05 -0.000108091 -0.00342609 -0.00387866 0.00213953 -0.00553074 0.0153577 0.0241551 -0.0189162 0.0253779
internal_weight=39244.4 30193.6 4955.16 1570.56 3384.6 25238.5 25059.8 9050.8 8837.86 1903.56 6934.3 212.937 178.684 48.1707 164.767
internal_count=724133 539888 65945 15154 50791 473943 460296 184245 177884 51321 126563 6361 13647 5222 1139
is_linear=0
shrinkage=0.03


Tree=48
num_leaves=16
num_cat=0
split_feature=0 7 7 7 5 3 3 7 9 7 7 7 7 9 3
split_gain=129.437 77.2817 67.8787 96.9672 50.6148 49.2653 43.8758 33.6429 31.4455 56.2759 25.3109 45.859 25.0639 24.4407 3.48546
threshold=0.027686132415407721 -0.046996336770880436 0.081932593887314678 0.042261124990351624 1.0000000180025095e-35 -0.0082981251188574672 -0.045901078399802335 0.1432593772157961 1.5000000000000002 -0.0098539250404769945 0.073329220327050262 -0.035767208025836543 -0.20885333498304651 1.0000000180025095e-35 0.0091056933347172259
decision_type=2 2 2 2 2 2 2 2 2 2 2 2 2 2 2
left_child=1 4 3 -3 14 -6 8 -4 12 -10 11 -8 -2 -12 -1
right_child=6 2 7 -5 5 -7 10 -9 9 -11 13 -13 -14 -15 -16
leaf_value=0.040342678294551682 -0.028025454265619913 -0.0013356486492098166 0.00046615077389275449 -0.0064162401710881924 -0.0016295139448410537 0.0087168536200505822 0.0033189552370764468 0.01012696299835739 -0.0050275081840379801 0.0075894152331737602 -0.0013496368584946189 -0.00061080416590199099 0.0094293427087427037 0.0044566720074011952 0.021276589693167609
leaf_weight=34.193467602599412 16.299655984155834 9278.0610020747408 3137.8442185278982 5319.325058913324 829.19041268946603 827.60186150437221 3777.9088390399702 361.83045722730458 555.40126941353083 744.88720971718431 820.41023633116856 9134.939745984273 1191.097571272403 3187.2561220838688 11.542303167283533
leaf_count=286 1631 133823 64921 95263 8362 10740 50627 23357 11435 16000 22118 177840 21464 86170 96
internal_value=-5.49648e-06 -0.00171253 -0.00228741 -0.00318703 0.00439813 0.00353871 0.00173417 0.00146498 0.00543746 0.00220026 0.00118533 0.000538925 0.00892371 0.00326806 0.035531
internal_weight=39227.8 19799.6 18097.1 14597.4 1702.53 1656.79 19428.2 3499.67 2507.69 1300.29 16920.5 12912.8 1207.4 4007.67 45.7358
internal_count=724133 336848 317364 229086 19484 19102 387285 88278 50530 27435 336755 228467 23095 108288 382
is_linear=0
shrinkage=0.03


Tree=49
num_leaves=16
num_cat=0
split_feature=8 7 8 7 4 7 7 7 7 7 9 7 8 4 7
split_gain=147.089 145.945 164.315 168.492 97.8085 101.052 90.395 80.309 90.4315 192.813 83.4636 74.799 38.1802 13.9231 12.0859
threshold=3.5000000000000004 0.029895573115959143 8.5000000000000018 0.1432593772157961 -0.064211114993050974 0.017628455480776076 0.048673566719404822 -0.10492534064802615 0.075736335518270873 0.093218240152073265 1.5000000000000002 -0.13207312593805756 8.5000000000000018 -0.013444738811371313 -0.2598207951683007
decision_type=2 2 2 2 2 2 2 2 2 2 2 2 2 2 2
left_child=7 4 6 -4 12 -6 -3 11 10 -10 -9 14 -2 -13 -1
right_child=1 2 3 -5 5 -7 -8 8 9 -11 -12 13 -14 -15 -16
leaf_value=-0.0014082332936157147 0.0069673509385256589 -0.0020846084052359281 -0.0043726073439160342 0.014225823051388364 0.00079012840155189403 0.0079259197758905792 0.0046590497100354993 -0.0013388045034864716 0.02232926171944587 -0.0024917589555416165 -0.0080737690654739298 0.028013950881307061 0.016222854847541719 0.0030647737725741004 -0.031717733861967509
leaf_weight=21.443924950435758 1476.1424345257692 2702.0416156928986 8979.1050467346795 460.9012729479 8460.5135723357089 2264.0406413716264 5293.8135992884636 2748.0569629198872 343.61497046984732 1562.4142617275938 4167.3805118380114 141.17724769562483 550.79913433780894 23.47894593514502 26.438526825979352
leaf_count=2238 28911 40678 155230 28572 115001 32348 127247 48970 6128 45193 77593 974 11901 165 2984
internal_value=-5.40709e-06 0.00099962 -0.000784243 -0.00346455 0.0034388 0.00229655 0.00238016 -0.00336373 -0.00380278 0.00198292 -0.00539743 0.014859 0.00948243 0.0244564 -0.0181438
internal_weight=39221.4 30187.4 17435.9 9440.01 12751.5 10724.6 7995.86 9034.01 8821.47 1906.03 6915.44 212.539 2026.94 164.656 47.8825
internal_count=724133 539888 351727 183802 188161 147349 167925 184245 177884 51321 126563 6361 40812 1139 5222
is_linear=0
shrinkage=0.03


Tree=50
num_leaves=16
num_cat=0
split_feature=8 8 0 9 4 4 5 8 4 8 0 3 8 8 4
split_gain=138.617 129.009 78.4884 76.4037 82.2456 56.6181 38.9687 35.9514 77.0187 48.3842 24.7603 15.764 55.6749 15.806 15.0447
threshold=3.5000000000000004 6.5000000000000009 0.016636702177222348 2.5000000000000004 -0.093880226627798311 -0.093880226627798311 1.0000000180025095e-35 4.5000000000000009 0.026584607043843248 5.5000000000000009 0.033579314103897702 -0.0092175621918063593 1.5000000000000002 2.5000000000000004 0.11217798257068003
decision_type=2 2 2 2 2 2 2 2 2 2 2 2 2 2 2
left_child=3 7 14 4 10 -4 -6 8 -2 -9 -1 12 -5 -13 -3
right_child=1 2 5 11 6 -7 -8 9 -10 -11 -12 13 -14 -15 -16
leaf_value=0.00016595181552982353 0.0097953764428612838 -0.0050344818333465866 0.0070289825144701987 -0.00076259243408904941 0.030459082855727366 -0.00016372923350594948 -0.0032171783542573051 -9.1653248252271887e-05 0.001001485875304904 0.0045457594873319343 0.0092376454262077523 -0.0067629316440792394 -0.012910936175278435 -0.00095712364146215828 0.0059901494097894716
leaf_weight=423.00515334447846 2027.007308375556 3345.7444454357028 1059.9088677442633 501.58020753250457 31.149158149957657 13926.303930555936 4298.6242062493693 3900.0649031065404 1606.9427746892907 4211.3132806550711 752.46893063699827 1342.7089388426393 1050.8417303736787 615.47596105514094 115.24042561417446
leaf_count=6107 32298 51507 22204 10132 268 280744 91872 62496 24897 63345 12616 30147 20573 12530 2397
internal_value=-5.40864e-06 0.000969344 -0.000595421 -0.00326969 -0.00106433 0.00034498 -0.00297491 0.00342696 0.00590669 0.00231603 0.00597311 -0.00672806 -0.00898586 -0.00493811 -0.00466739
internal_weight=39208.4 30192.5 18447.2 9015.85 5505.25 14986.2 4329.77 11745.3 3633.95 8111.38 1175.47 3510.61 1552.42 1958.18 3460.98
internal_count=724133 539888 356852 184245 110863 302948 92140 183036 57195 125841 18723 73382 30705 42677 53904
is_linear=0
shrinkage=0.03


Tree=51
num_leaves=16
num_cat=0
split_feature=0 7 7 7 5 3 3 7 7 7 7 7 7 7 3
split_gain=118.584 70.935 61.7283 88.7057 46.7347 46.0737 39.8364 30.2221 23.3948 44.3599 40.0872 22.4099 24.6167 3.68853 3.47242
threshold=0.027686132415407721 -0.046996336770880436 0.081932593887314678 0.042261124990351624 1.0000000180025095e-35 -0.0082981251188574672 -0.045901078399802335 0.1432593772157961 -0.06846028159537397 -0.072542947547819023 -0.057557787670057974 -0.13207312593805756 -0.10492534064802615 -0.2598207951683007 0.0091056933347172259
decision_type=2 2 2 2 2 2 2 2 2 2 2 2 2 2 2
left_child=1 4 3 -3 14 -6 11 -4 9 -8 -10 13 -13 -2 -1
right_child=6 2 7 -5 5 -7 8 -9 10 -11 -12 12 -14 -15 -16
leaf_value=0.039154369568085469 -0.0039722214486113431 -0.0012827525772252772 0.00043433227964388373 -0.0061497365329380663 -0.0016131492304604787 0.0083907401175899125 0.0029257904583135669 0.0095684121621000366 -0.0059609771741644998 0.020206951507493829 0.0011756036506122701 0.020498450155765957 0.0049875361946245924 -0.02075994769439966 0.020018488288756933
leaf_weight=33.758650282397866 18.652139507234097 9267.0713852676563 3138.1193093890324 5296.705354094971 828.14839967200533 829.21580077474937 955.1409682398662 363.81116252951324 743.33512133965269 155.44310756027699 15064.996545458911 95.818307337351143 2364.5484755239449 31.966215611435473 11.42210005968809
leaf_count=286 1949 133823 64921 95263 8362 10740 22937 23357 7795 1690 304333 1210 43979 3392 96
internal_value=-5.34811e-06 -0.00164124 -0.00219292 -0.00305283 0.00421267 0.00339202 0.00165903 0.00138326 0.00113571 0.00534455 0.000840029 0.00518509 0.0055916 -0.0145739 0.0343166
internal_weight=39198.2 19768.3 18065.7 14563.8 1702.54 1657.36 19429.9 3501.93 16918.9 1110.58 15808.3 2510.99 2460.37 50.6184 45.1808
internal_count=724133 336848 317364 229086 19484 19102 387285 88278 336755 24627 312128 50530 45189 5341 382
is_linear=0
shrinkage=0.03


Tree=52
num_leaves=16
num_cat=0
split_feature=8 7 8 7 8 7 8 7 7 7 5 7 8 4 7
split_gain=133.323 131.693 258.042 198.781 176.482 100.697 92.7 72.9518 85.7357 166.126 76.9857 68.3337 28.9377 12.6869 11.2204
threshold=3.5000000000000004 -0.037040774722581486 4.5000000000000009 -0.048835999354398078 6.5000000000000009 0.18009909587881581 6.5000000000000009 -0.10492534064802615 0.055717178694082888 0.099369190121537901 1.0000000180025095e-35 -0.13207312593805756 10.500000000000002 -0.013444738811371313 -0.2598207951683007
decision_type=2 2 2 2 2 2 2 2 2 2 2 2 2 2 2
left_child=7 2 3 -2 -4 6 -3 11 10 -10 -9 14 -7 -13 -1
right_child=1 5 4 -5 -6 12 -8 8 9 -11 -12 13 -14 -15 -16
leaf_value=-0.0014439605735398434 0.025880156435276056 0.0027763686200675602 -0.0018695360112491171 0.0045568142733097864 0.018601425026594728 -0.034727381333876088 -0.0012523870153496222 0.034077411504859621 0.014360416115056528 -0.0042214784291114884 -0.00547381469491727 0.026745656343081011 0.024858947385381625 0.0029255594106906758 -0.030751998475142976
leaf_weight=21.435712239705026 804.54777140077204 7224.2881746739149 2955.7461420334876 770.07343235611916 434.77683793241158 7.6585765033960334 17818.051722125616 44.583768509328365 645.87724962318316 1313.8614469114691 6786.1737072907854 140.89582422655076 173.72925121802837 23.477006142958999 26.036069171037525
leaf_count=2238 10941 126087 41795 4213 8996 383 334209 380 16290 40597 120617 974 13264 165 2984
internal_value=-5.24238e-06 0.000950266 0.00541626 0.0154519 0.000755516 7.11613e-05 -9.01597e-05 -0.00320949 -0.00362873 0.00190262 -0.00521567 0.0141869 0.0223431 0.0233435 -0.0175181
internal_weight=39191.2 30188.9 4965.14 1574.62 3390.52 25223.7 25042.3 9002.34 8790.5 1959.74 6830.76 211.845 181.388 164.373 47.4718
internal_count=724133 539888 65945 15154 50791 473943 460296 184245 177884 56887 120997 6361 13647 1139 5222
is_linear=0
shrinkage=0.03


Tree=53
num_leaves=16
num_cat=0
split_feature=8 7 7 8 8 8 8 9 7 7 7 7 7 3 7
split_gain=125.646 127.521 184.865 149.66 147.886 170.513 134.26 70.7864 113.375 109.616 247.59 198.929 73.0055 54.5245 40.3481
threshold=3.5000000000000004 0.04105139762135069 0.097272491286520615 8.5000000000000018 11.500000000000002 10.500000000000002 10.500000000000002 2.5000000000000004 -0.0062517992278824366 -0.063584202246962915 -0.066183161360960571 -0.057557787670057974 -0.0012915516541090464 -0.064127552196026491 -0.06846028159537397
decision_type=2 2 2 2 2 2 2 2 2 2 2 2 2 2 2
left_child=7 4 3 -3 5 -2 -4 9 14 10 -1 -11 -10 -6 -9
right_child=1 2 6 -5 13 -7 -8 8 12 11 -12 -13 -14 -15 -16
leaf_value=0.001693190833892397 0.0026547972137081284 0.0012638655463242541 0.0016526377130806145 -0.0062771174205938371 0.028446499650280919 0.016481512612292311 0.01568802009338386 -0.0037542499208643087 0.026370510973553939 -0.032081221598449228 0.045931140332333004 -0.0014513955913359352 -0.003042906200886398 -0.011661644956638489 -0.015621258378351216
leaf_weight=669.17768421862274 14204.557791995816 3852.6201787851751 3620.0924636060372 6149.1250137416646 31.812952487263829 850.79798719100654 738.53225510567427 335.50150032294914 79.001418572384864 199.31022322177887 137.21054495871067 4486.0771084621083 1963.9180260263383 741.89468883350492 1114.2396683800034
leaf_count=7560 200539 79643 91836 106041 783 17035 28171 4536 2207 1532 1532 100239 49569 15840 17070
internal_value=-5.17848e-06 0.000921685 -0.00112537 -0.00337237 0.00277881 0.00343616 0.00403082 -0.00311962 -0.00645871 -0.000996018 0.00922047 -0.00275435 -0.00190546 -0.0100125 -0.012875
internal_weight=39173.9 30189.4 14360.4 10001.7 15829.1 15055.4 4358.62 8984.44 3492.66 5491.78 806.388 4685.39 2042.92 773.708 1449.74
internal_count=724133 539888 305691 185684 234197 217574 120007 184245 73382 110863 9092 101771 51776 16623 21606
is_linear=0
shrinkage=0.03


Tree=54
num_leaves=16
num_cat=0
split_feature=8 8 0 9 4 4 0 8 4 8 0 3 8 8 8
split_gain=118.391 107.456 70.7869 66.9442 75.0579 55.207 33.5484 29.2238 69.4974 45.3541 22.706 15.104 52.3289 15.2572 11.57
threshold=3.5000000000000004 6.5000000000000009 0.014556941200546533 2.5000000000000004 -0.093880226627798311 -0.10600071583792207 0.021470045180956833 4.5000000000000009 0.026584607043843248 5.5000000000000009 0.033579314103897702 -0.0092175621918063593 1.5000000000000002 2.5000000000000004 7.5000000000000009
decision_type=2 2 2 2 2 2 2 2 2 2 2 2 2 2 2
left_child=3 7 14 4 10 -4 -6 8 -2 -9 -1 12 -5 -13 -3
right_child=1 2 5 11 6 -7 -8 9 -10 -11 -12 13 -14 -15 -16
leaf_value=0.00017934142577022015 0.009052567544657943 -0.0096074259828949973 0.0078113457989733692 -0.00052485456224266058 -0.0074320859040216758 -0.0002534975866991593 -0.0012877303507955803 -0.0001984909551569669 0.00070990378021369011 0.0042878971956415227 0.0088734447061830195 -0.0063298889810483724 -0.012342760851522262 -0.00060746662014373798 -0.0044148233682825798
leaf_weight=421.63768294663168 2033.399075165391 501.08304758323357 803.68480404512957 499.28178385063075 1060.5409766740631 15437.349948139396 3252.5190908561926 3904.0894468030892 1610.3976565534249 4220.1625843271613 753.50002144789323 1331.4494354038034 1038.8353365736548 612.11130025144666 1684.3608771623112
leaf_count=6107 32298 6656 17314 10132 23293 306239 68847 62496 24897 63345 12616 30147 20573 12530 26643
internal_value=-5.28261e-06 0.000893727 -0.000536497 -0.00303154 -0.000967283 0.00014559 -0.00279857 0.00313318 0.00536548 0.00213197 0.00575401 -0.00628545 -0.0085066 -0.00452765 -0.00560539
internal_weight=39164.4 30194.5 18426.5 8969.88 5488.2 16241 4313.06 11768 3643.8 8124.25 1175.14 3481.68 1538.12 1943.56 2185.44
internal_count=724133 539888 356852 184245 110863 323553 92140 183036 57195 125841 18723 73382 30705 42677 33299
is_linear=0
shrinkage=0.03


Tree=55
num_leaves=16
num_cat=0
split_feature=8 7 7 8 8 8 8 7 7 9 7 8 8 7 7
split_gain=111.533 117.328 176.176 155.996 126.172 117.876 161.21 69.1249 176.605 103.962 145.028 67.1307 57.1584 32.1995 22.0071
threshold=3.5000000000000004 0.041437692208296968 0.097272491286520615 8.5000000000000018 10.500000000000002 11.500000000000002 10.500000000000002 0.075736335518270873 0.088818283462710604 1.5000000000000002 0.003044662043372615 2.5000000000000004 2.5000000000000004 -0.072542947547819023 0.04105139762135069
decision_type=2 2 2 2 2 2 2 2 2 2 2 2 2 2 2
left_child=7 5 3 -3 -4 6 -2 9 11 10 -1 -9 -10 -11 -7
right_child=1 2 4 -5 -6 14 -8 8 12 13 -12 -13 -14 -15 -16
leaf_value=0.0051742184244955554 0.0024689198378765377 0.0014210519273026914 0.0015764355497735771 -0.0063648387425389004 0.015152160490077697 -0.0097446181433194258 0.01587358147530861 -0.0042853767258917196 0.0020964276223414168 -0.015887786876345462 -0.0086441442588077299 0.036774164394973247 -0.010614020831701338 -0.0065516340050337084 0.009094804522157612
leaf_weight=1831.7901297258213 14370.520420080051 3769.0416393475607 3622.6414016755298 6007.5081589869224 742.41012538783252 770.86614941200241 855.53242641827092 45.670515647158027 1262.8224903373048 364.64189143665135 1090.5094798300415 166.44675185531378 425.78049187269062 3768.6136996306013 60.159748539328575
leaf_count=25306 202454 78494 91836 104892 28171 16623 17035 1915 34469 5655 27041 2298 12639 74922 383
internal_value=-5.22127e-06 0.000866744 -0.00112582 -0.00336323 0.0038854 0.00262161 0.00322211 -0.00294531 0.00213256 -0.00431325 1.7644e-05 0.0279337 -0.00110851 -0.00737528 -0.00838079
internal_weight=39155 30198.7 14141.6 9776.55 4365.05 16057.1 15226.1 8956.28 1900.72 7055.56 2922.3 212.117 1688.6 4133.26 831.026
internal_count=724133 539888 303393 183386 120007 236495 219489 184245 51321 132924 52347 4213 47108 80577 17006
is_linear=0
shrinkage=0.03


Tree=56
num_leaves=16
num_cat=0
split_feature=0 8 8 9 5 0 4 8 9 3 4 8 8 8 3
split_gain=106.91 100.387 65.8618 66.432 49.6367 45.6082 45.3522 38.64 63.2365 38.3628 25.0008 15.9206 13.394 9.29874 7.18257
threshold=0.024201886899819142 2.5000000000000004 3.5000000000000004 2.5000000000000004 1.0000000180025095e-35 0.013357532043479481 -0.093880226627798311 4.5000000000000009 1.0000000180025095e-35 -0.040920652901036074 0.0087240861961861444 1.5000000000000002 1.5000000000000002 3.5000000000000004 0.0023526928008827945
decision_type=2 2 2 2 2 2 2 2 2 2 2 2 2 2 2
left_child=1 10 3 6 13 -6 -2 8 -4 -9 11 -1 -5 -3 -12
right_child=2 4 7 12 5 -7 -8 9 -10 -11 14 -13 -14 -15 -16
leaf_value=-0.0077021633309571668 0.0064765403689241736 0.033380029122679455 0.01477963026529458 -0.0020055257028675222 -0.0051023377049106448 -0.00038164535903607578 -0.00090405038295575423 0.0057634553095840292 0.0031683707796592506 0.0010728650977821811 0.00051795989357462024 -0.014667393209025466 -0.006920385522259158 -0.01177059135522162 -0.0059786074969092598
leaf_weight=609.63897012337111 1012.4762174943462 44.203793965280056 537.72878738865256 724.46090756985359 2197.4800636479631 11384.168519706931 2882.7294680043124 1782.8056197543629 1963.7239287467673 13101.834969383664 220.83759752567858 572.88897706754506 1603.7495758712757 4.5255348184145978 499.80870122113265
leaf_count=13202 16204 380 8338 16021 34606 185156 60961 35879 30479 260481 5751 11853 33271 80 11471
internal_value=-5.26955e-06 -0.00193818 0.00126646 -0.00138192 -0.001037 -0.00114544 0.00101438 0.00221446 0.0056644 0.00163468 -0.00839235 -0.0110765 -0.00539105 0.0291869 -0.00398777
internal_weight=39143.1 15533.6 23609.5 6223.42 13630.4 13581.6 3895.21 17386.1 2501.45 14884.6 1903.17 1182.53 2328.21 48.7293 720.646
internal_count=724133 262499 461634 126457 220222 219762 77165 335177 38817 296360 42277 25055 49292 460 17222
is_linear=0
shrinkage=0.03


Tree=57
num_leaves=16
num_cat=0
split_feature=0 7 7 7 3 3 4 7 9 7 7 1 7 0 7
split_gain=101.336 61.4422 52.8803 105.285 38.9214 36.1121 35.327 28.4556 27.1941 53.6772 24.9642 22.9624 29.4726 21.1025 17.1841
threshold=0.027686132415407721 -0.046996336770880436 0.07475128009741662 0.057953645130690019 -0.0082981251188574672 -0.040920652901036074 0.036150934873740222 0.1432593772157961 1.5000000000000002 -0.0098539250404769945 -0.07768934587081365 -0.027484638029755256 -0.035767208025836543 1.0000000180025095e-35 -0.0062517992278824366
decision_type=2 2 2 2 2 2 2 2 2 2 2 2 2 2 2
left_child=1 4 3 -3 13 8 -6 -4 10 -10 -2 14 -13 -1 -7
right_child=5 2 7 -5 6 11 -8 -9 9 -11 -12 12 -14 -15 -16
leaf_value=0.027781649279915555 0.01690623020290127 -0.0018442763824781363 0.00022456704979127045 -0.0093049534785122831 0.012463205296830253 -0.0063656562097113671 -0.00081399560244879764 0.0090129010686400071 -0.0046956345197485296 0.0064779622166156571 0.0058556659340551149 0.0038963483093018779 0.00064784853479857697 -0.0014234626976849121 -0.0001215899854927171
leaf_weight=22.886343753430992 216.10753724910319 12100.570240427973 3562.4683052981272 1981.0767392083071 596.04658934194595 603.52035090955906 258.61238814191893 365.61779917869717 663.24684425792657 928.82545426068828 1237.9414909384213 3225.2771572605707 11391.345498909708 822.55607143370435 1157.3906343490817
leaf_count=242 4596 181367 74459 38181 7673 10286 3277 23357 13085 19855 22839 42194 247022 8292 27408
internal_value=-5.18845e-06 -0.00152067 -0.00203531 -0.00289388 0.00393099 0.00153263 0.00844564 0.00104257 0.00453201 0.00182312 0.00749805 0.000974758 0.00136466 -0.000632873 -0.00226163
internal_weight=39133.5 19709.8 18009.7 14081.6 1700.1 19423.7 854.659 3928.09 3046.12 1592.07 1454.05 16377.5 14616.6 845.442 1760.91
internal_count=724133 336848 317364 219548 19484 387285 10950 97816 60375 32940 27435 326910 289216 8534 37694
is_linear=0
shrinkage=0.03


Tree=58
num_leaves=16
num_cat=0
split_feature=8 7 7 7 7 7 8 9 7 8 7 8 9 7 7
split_gain=101.622 110.34 81.1621 86.6018 65.3802 166.001 121.886 93.4783 131.832 68.1229 51.5996 114.656 45.7142 30.9039 27.6777
threshold=3.5000000000000004 -0.06846028159537397 0.18009909587881581 0.041437692208296968 0.075736335518270873 0.099369190121537901 2.5000000000000004 1.5000000000000002 0.003044662043372615 2.5000000000000004 -0.08944279441250895 4.5000000000000009 2.5000000000000004 -0.072542947547819023 0.22601588008844101
decision_type=2 2 2 2 2 2 2 2 2 2 2 2 2 2 2
left_child=4 10 3 -3 7 9 -7 8 -1 -6 12 -12 -2 -9 -4
right_child=1 2 14 -5 5 6 -8 13 -10 -11 11 -13 -14 -15 -16
leaf_value=0.0048532128948785298 -0.0071671632618680895 0.0019283763935260545 0.03264722477343146 -0.0013591799602188249 0.0049022024665465189 0.0010334281943543179 -0.021030584567828726 -0.015450281556381892 -0.0083426886567924373 0.025247385616399633 0.031628518984700586 0.0063259271102482492 0.012956889916042819 -0.0062608919748566617 0.0093539218018001916
leaf_weight=1834.8716911030933 234.44975805189461 14936.101819352247 86.707838434726 13943.81463598134 290.12690298259258 1017.9820028599352 289.39125087205321 361.10957284457982 1083.866181448102 302.61487811803818 242.93864455074072 478.91987216286361 179.27812939882278 3747.2274497728795 97.57400372158736
leaf_count=25306 12018 205181 6421 289746 6511 29873 10724 5655 27041 4213 1532 10248 7516 74922 7226
internal_value=-5.09712e-06 0.000826155 0.000467714 0.000341077 -0.00281714 0.0021201 -0.00385051 -0.00415216 -4.70529e-05 0.0152891 0.0100001 0.0148414 0.00155307 -0.00706861 0.0203138
internal_weight=39127 30199.8 29064.2 28879.9 8927.19 1900.12 1307.37 7027.07 2918.74 592.742 1135.59 721.859 413.728 4108.34 184.282
internal_count=724133 539888 508574 494927 184245 51321 40597 132924 52347 10724 31314 11780 19534 80577 13647
is_linear=0
shrinkage=0.03


Tree=59
num_leaves=16
num_cat=0
split_feature=7 7 9 2 9 7 9 7 7 7 5 7 1 3 7
split_gain=86.7699 112.308 129.409 85.5015 74.2621 69.6148 54.5746 52.745 161.599 112.508 46.7638 31.115 21.6716 16.8659 10.8849
threshold=-0.06846028159537397 -0.072542947547819023 1.5000000000000002 0.0052310552094920774 2.5000000000000004 -0.07768934587081365 2.5000000000000004 -0.0062517992278824366 0.003044662043372615 -0.026848734754452815 1.0000000180025095e-35 0.041437692208296968 -0.0048021271430182784 0.059640853145769952 -0.039637858455555113
decision_type=2 2 2 2 2 2 2 2 2 2 2 2 2 2 2
left_child=1 2 5 10 -4 -1 13 9 -9 -5 14 -12 -8 -3 -2
right_child=3 6 4 7 -6 -7 12 8 -10 -11 11 -13 -14 -15 -16
leaf_value=0.015043406085234414 0.03159536267327967 0.013471723005374019 -0.019889669291947434 0.00068659646952647113 0.00013811132603729214 -0.0053822717405333838 0.046955726188521889 0.01676875721585494 0.0011702019569000265 -0.0090030477967017984 -0.00091424676415942634 -0.0036477909756466235 0.022653511870209867 -0.03710382633899105 -0.019162336527513486
leaf_weight=708.15039285924286 44.594122207723558 187.18277678638697 239.27823504060507 4832.7535458467901 548.78440479328856 190.58992990478873 78.287877260241657 622.37864432646893 15099.395738061983 1388.2833866428118 8208.8226391596254 6895.9370120442472 57.120625962503254 6.1285991063341489 4.1569113829173139
leaf_count=15094 386 1701 7524 46667 15468 1532 612 16407 330966 30637 115005 141335 507 206 86
internal_value=-5.04052e-06 0.00605706 0.00293088 -0.000334407 -0.00594289 0.0107119 0.0220988 0.00086248 0.0017877 -0.00147574 -0.00206754 -0.00216222 0.0367041 0.0118683 0.0272673
internal_weight=39111.8 2015.52 1686.8 37096.3 788.063 898.74 328.72 21942.8 15721.8 6221.04 15153.5 15104.8 135.409 193.311 48.751
internal_count=724133 42644 39618 681489 22992 16626 3026 424677 347373 77304 256812 256340 1119 1907 472
is_linear=0
shrinkage=0.03


Tree=60
num_leaves=16
num_cat=0
split_feature=8 8 5 8 8 9 4 8 4 8 4 3 4 3 6
split_gain=96.7685 88.4591 54.6143 53.0496 147.19 47.6958 57.6814 24.472 63.4075 42.4455 18.1272 13.5925 4.6375 2.26622 1.42863
threshold=3.5000000000000004 6.5000000000000009 1.0000000180025095e-35 7.5000000000000009 8.5000000000000018 2.5000000000000004 -0.093880226627798311 4.5000000000000009 0.026584607043843248 5.5000000000000009 -0.00076377386542547654 -0.0092175621918063593 0.026584607043843248 0.0094117106978287585 0.072904306712156822
decision_type=2 2 2 2 2 2 2 2 2 2 2 2 2 2 2
left_child=2 7 12 10 -5 6 -4 8 -2 -9 -3 -7 13 -1 -14
right_child=1 3 5 4 -6 11 -8 9 -10 -11 -12 -13 14 -15 -16
leaf_value=0.038065043088733576 0.0083957469236743409 -0.0061023634359046184 0.0047543985369214977 0.0069245606308829585 -0.00104244204533399 -0.0078042576485114288 -0.002781839030794697 -0.00033392729053706877 0.00043346891240886055 0.0040028631970635319 -0.0020119695894284164 -0.0040064264306848259 -0.0036002780489810065 0.018934709305552497 0.026797021647484046
leaf_weight=30.835493706166744 2036.3173824711703 1457.2531524794176 1163.7057119084056 2552.1718654595315 11451.498039048165 1516.6949077141471 4260.5672692821827 3909.0261528301053 1613.2659384994768 4227.9883605316281 2947.0013629077002 1924.1283640738111 4.124922350049018 6.8026156127452841 2.0999294891953468
leaf_count=274 32298 21179 18598 54605 235845 30705 91872 62496 24897 63345 45223 42677 39 60 20
internal_value=-4.94719e-06 0.000805696 -0.00275241 -0.000493636 0.000409546 -0.00291763 -0.00116504 0.00283495 0.00487609 0.00191947 -0.00336537 -0.00568049 0.0306405 0.0346075 0.00665413
internal_weight=39103.5 30194.5 8908.96 18407.9 14003.7 8865.1 5424.27 11786.6 3649.58 8137.01 4404.25 3440.82 43.863 37.6381 6.22485
internal_count=724133 539888 184245 356852 290450 183852 110470 183036 57195 125841 66402 73382 393 334 59
is_linear=0
shrinkage=0.03


Tree=61
num_leaves=16
num_cat=0
split_feature=0 8 8 9 8 5 0 3 1 0 8 8 0 8 6
split_gain=94.1885 80.0557 64.0512 55.015 45.6952 43.4306 38.6341 36.0035 31.9053 28.1899 11.2007 8.12978 6.20014 5.96346 4.11965
threshold=0.019240589506477931 3.5000000000000004 2.5000000000000004 2.5000000000000004 6.5000000000000009 1.0000000180025095e-35 0.035920855170257407 -0.045901078399802335 -0.018852294866215095 0.013357532043479481 1.5000000000000002 3.5000000000000004 0.01188307287980544 1.5000000000000002 0.074523915202092852
decision_type=2 2 2 2 2 2 2 2 2 2 2 2 2 2 2
left_child=2 3 12 6 8 11 -2 -6 -3 -7 -5 -4 14 -14 -1
right_child=1 4 5 10 7 9 -8 -9 -10 -11 -12 -13 13 -15 -16
leaf_value=-0.016756264402531102 -0.002526287302561448 -0.00040829724938532799 0.030953493670536857 -0.0024415430457097359 0.0058505681912064322 -0.0048590340759328892 0.0029589623346276701 8.4450904009021686e-05 0.0041033632843594983 -0.00085471165558303564 -0.0064797800613601271 -0.01141405433727684 -0.0065571617018692777 -0.01147922797550946 0.012029179630055916
leaf_weight=129.92262558080256 2394.6667719448451 1725.9549675537273 42.668622329831123 910.02381361275911 1059.5725957476534 2188.8954086643644 2233.4868660892826 12150.529189461377 7723.0737595786341 5709.1798141011968 1927.4593085898086 4.5067288368009022 474.44550920184702 415.59376114676706 4.6342302307020864
leaf_count=3158 47894 30586 380 20370 21808 34606 44726 251366 117462 91686 39896 80 11777 8247 91
internal_value=-4.86994e-06 0.000798642 -0.00270342 -0.00189564 0.00168634 -0.00179306 0.000120823 0.000546947 0.00327927 -0.00196448 -0.00518466 0.0269061 -0.00976285 -0.00885546 -0.0157649
internal_weight=39094.6 30124.8 8969.85 7465.64 22659.1 7945.25 4628.15 13210.1 9449.03 7898.08 2837.48 47.1754 1024.6 890.039 134.557
internal_count=724133 574108 150025 152886 421222 126752 92620 273174 148048 126292 60266 460 23273 20024 3249
is_linear=0
shrinkage=0.03


Tree=62
num_leaves=16
num_cat=0
split_feature=0 8 7 7 8 8 7 7 7 7 8 7 7 7 5
split_gain=89.6593 89.2331 63.1509 101.466 96.3774 47.3578 64.5594 327.085 94.3553 49.0117 147.38 49.4682 29.4628 28.1097 7.32385
threshold=0.028104590839699423 2.5000000000000004 0.032045748727557728 -0.0098539250404769945 6.5000000000000009 3.5000000000000004 -0.0062517992278824366 0.0010056531022965001 -0.019949163701951208 -0.037040774722581486 4.5000000000000009 -0.0098539250404769945 0.054407907505941495 0.018478898210030351 0.56980798264100596
decision_type=2 2 2 2 2 2 2 2 2 2 2 2 2 2 2
left_child=1 12 3 -3 -4 6 8 -8 -2 10 -7 -11 13 -1 -14
right_child=5 2 4 -5 -6 9 7 -9 -10 11 -12 -13 14 -15 -16
leaf_value=-0.0053589243169862846 -0.0021557266812572817 -0.0013756762752489687 0.0032992383079723958 0.0056891552422426456 -0.003795898603083837 0.015154395388502724 0.040395937647232399 -0.00060359784394094446 -0.019393342989334091 -0.0040142466386663897 0.00088947127617299221 0.0022254961920658454 0.0029937576385820099 -0.01270645769768688 -0.0036929617118374035
leaf_weight=1095.2331451021601 2207.1207067533396 4649.7568578892387 2215.9331866023131 3016.6219741431996 7746.4517211681232 1003.9631375111639 188.48928153328598 2469.7295403019525 328.30645945854485 1298.4752003764734 1858.5339520811103 9580.8322460940108 251.95096161495894 819.06699044583365 355.32516399258748
leaf_count=19073 29730 48726 50997 51578 137596 11414 4649 65361 6350 20702 32386 208165 7035 19264 11107
internal_value=-4.78882e-06 -0.00139764 -0.000642608 0.00140424 -0.00221773 0.00147743 -0.00096299 0.0023036 -0.00438778 0.00239978 0.00589261 0.00148077 -0.00667623 -0.0085027 -0.000918729
internal_weight=39085.8 20150.3 17628.8 7666.38 9962.38 18935.5 5193.65 2658.22 2535.43 13741.8 2862.5 10879.3 2521.58 1914.3 607.276
internal_count=724133 345376 288897 100304 188593 378757 106090 70010 36080 272667 43800 228867 56479 38337 18142
is_linear=0
shrinkage=0.03


Tree=63
num_leaves=16
num_cat=0
split_feature=0 8 7 8 7 7 7 7 8 5 7 4 7 8 8
split_gain=85.7038 71.2383 80.6337 180.293 84.423 76.5712 357.432 134.415 58.2979 41.246 26.64 17.6684 7.95973 7.75209 4.79418
threshold=0.019240589506477931 3.5000000000000004 -0.037040774722581486 4.5000000000000009 -0.0098539250404769945 -0.0062517992278824366 0.0015603159835408944 -0.02316765480692334 2.5000000000000004 1.0000000180025095e-35 0.097272491286520615 0.015102343166822576 0.054938203082628652 3.5000000000000004 1.5000000000000002
decision_type=2 2 2 2 2 2 2 2 2 2 2 2 2 2 2
left_child=8 5 3 -3 -4 7 -7 -2 11 13 -11 14 -13 -10 -1
right_child=1 2 4 -5 -6 6 -8 -9 9 10 -12 12 -14 -15 -16
leaf_value=-0.0097846494951843097 -0.0020404014108497738 0.014073398008803799 -0.004708218499064022 0.00096502045147937507 0.0014947968371398061 0.0311751315558455 -0.0016308012912333281 -0.016745546762371596 0.030363890302720672 -0.0025456109467921562 0.0027030373920035023 -0.0073182106596751907 0.0021127675713559337 -0.011047955532231455 -0.014870990332171593
leaf_weight=351.29733161232434 2663.4982913471758 1413.8585045700893 2249.4408759409562 2843.5929331877269 16166.715114012826 324.76016127644107 3754.3117751665413 708.18121302477084 42.256232760846615 6892.1244433862157 996.11435357667506 219.20640349574387 127.32634230982512 4.501698726322501 317.52991908439435
leaf_count=8420 33636 14086 31158 44593 331385 7902 98236 13112 380 100700 25592 4499 3719 80 6635
internal_value=-4.80787e-06 0.000761026 0.00159732 0.00531819 0.00073713 -0.00178393 0.000981082 -0.00512904 -0.00258239 -0.0017163 -0.00188282 -0.00935086 -0.00385299 0.0263769 -0.0121994
internal_weight=39074.7 30124.4 22673.6 4257.45 18416.2 7450.75 4079.07 3371.68 8950.36 7935 7888.24 1015.36 346.533 46.7579 668.827
internal_count=724133 574108 421222 58679 362543 152886 106138 46748 150025 126752 126292 23273 8218 460 15055
is_linear=0
shrinkage=0.03


Tree=64
num_leaves=16
num_cat=0
split_feature=0 8 8 8 8 9 4 8 5 3 4 8 8 5 3
split_gain=81.5926 81.0482 43.7686 72.6887 41.7116 53.1919 35.8714 32.7556 27.2719 28.6216 26.3254 16.6124 10.2097 10.1658 8.87314
threshold=0.028104590839699423 2.5000000000000004 8.5000000000000018 7.5000000000000009 3.5000000000000004 2.5000000000000004 -0.093880226627798311 10.500000000000002 1.5488474600468114 -0.040920652901036074 0.029211485859758194 1.5000000000000002 1.5000000000000002 4.9340108836986909 0.017254374745038218
decision_type=2 2 2 2 2 2 2 2 2 2 2 2 2 2 2
left_child=1 10 3 -3 5 6 -2 -4 9 -6 11 -1 -7 -10 -12
right_child=4 2 7 -5 8 12 -8 -9 13 -11 14 -13 -14 -15 -16
leaf_value=-0.0054945499103625766 0.0064456043442233726 -0.0003934718506306293 -0.0047246552058932169 0.0068749010289771021 0.0070456085824311685 -0.0015993442340548165 -0.00053073781742069774 -0.00052558263279904333 0.00049008552899260571 0.0024118324672939922 0.0018757986834163414 -0.011223150358151079 -0.0063805724571846896 -0.0047905972067890795 -0.0049828820347147329
leaf_weight=942.96269847103395 919.13593878038228 9491.2654972965829 3191.7277214769274 1424.132600363344 1382.8444182337262 581.23318253457546 2383.5143076400273 3511.2818485335447 2943.5176558396779 9057.4488150789402 360.75628091394901 881.48086195159703 1303.1771066300571 369.25583413615823 320.64945438154973
leaf_count=20934 14803 140723 54842 26770 28700 12922 50392 66562 57307 180461 9372 18514 27973 6199 7659
internal_value=-4.80874e-06 -0.00133492 -0.000616915 0.000554833 0.00140846 -0.000883977 0.0014108 -0.00252503 0.00227307 0.00302559 -0.00638315 -0.00826233 -0.00490584 -9.85218e-05 -0.00135169
internal_weight=39064.4 20124.3 17618.4 10915.4 18940.1 5187.06 3302.65 6703.01 13753.1 10440.3 2505.85 1824.44 1884.41 3312.77 681.406
internal_count=724133 345376 288897 167493 378757 106090 65195 121404 272667 209161 56479 39448 40895 63506 17031
is_linear=0
shrinkage=0.03


Tree=65
num_leaves=16
num_cat=0
split_feature=7 7 9 2 9 7 9 8 7 8 7 7 7 8 8
split_gain=75.5041 106.641 118.991 75.9609 74.1916 63.8266 53.0359 46.2342 60.8793 38.1657 44.307 37.2316 34.9821 29.5203 25.8688
threshold=-0.06846028159537397 -0.072542947547819023 1.5000000000000002 0.0068442636314381584 2.5000000000000004 -0.07768934587081365 2.5000000000000004 3.5000000000000004 0.075736335518270873 2.5000000000000004 0.031687572360453949 -0.0053794305034632331 0.18654593018862611 4.5000000000000009 5.5000000000000009
decision_type=2 2 2 2 2 2 2 2 2 2 2 2 2 2 2
left_child=1 2 5 9 -4 -1 13 8 -5 11 -11 -2 -9 -3 -8
right_child=3 6 4 7 -6 -7 14 12 -10 10 -12 -13 -14 -15 -16
leaf_value=0.01423787983516544 -0.010979486179999477 0.024002443383596531 -0.019886070012622516 -0.0039122928403828115 0.00017438622926356401 -0.005331358630252277 0.054184570852471171 0.0017923146003212837 0.0046053610817201763 0.00077354004268406242 -0.0023916502004756196 -0.0029280698790820022 0.019771945280750568 0.00042737687750389532 0.026391155538055242
leaf_weight=705.35698694549501 670.8704569931142 88.066673427820206 238.47951343096793 2971.9465717053972 545.39358893362805 190.51732313632965 45.366804823279381 13733.825527891051 1012.513672974892 6895.7866124659777 9414.2736510909162 2252.2770775258541 98.088468621484935 104.55814050044864 89.793837108649313
leaf_count=15094 10365 766 7524 62495 15468 1532 383 252769 28933 91187 178782 49664 7294 1141 736
internal_value=-4.74466e-06 0.00566178 0.00260739 -0.000311785 -0.00592865 0.0100763 0.0213141 0.00109958 -0.00174782 -0.00161918 -0.00105343 -0.00477589 0.00191982 0.0112057 0.03572
internal_weight=39057.1 2007.53 1679.75 37049.6 783.873 895.874 327.785 17816.4 3984.46 19233.2 16310.1 2923.15 13831.9 192.625 135.161
internal_count=724133 42644 39618 681489 22992 16626 3026 351491 91428 329998 269969 60029 260063 1907 1119
is_linear=0
shrinkage=0.03


Tree=66
num_leaves=16
num_cat=0
split_feature=0 8 8 9 4 8 4 0 0 4 3 8 8 8 6
split_gain=76.9871 57.1337 56.5165 48.552 38.1714 45.3592 37.0069 30.4548 28.4968 17.1032 15.8924 13.4404 9.42275 5.84029 5.60752
threshold=0.019869473180358539 3.5000000000000004 2.5000000000000004 2.5000000000000004 -0.093880226627798311 6.5000000000000009 -0.10888037673970251 1.0000000180025095e-35 0.013357532043479481 0.010255207161665615 -0.089211058761406545 4.5000000000000009 1.5000000000000002 1.5000000000000002 -0.012406539967366846
decision_type=2 2 2 2 2 2 2 2 2 2 2 2 2 2 2
left_child=2 3 9 6 11 -6 -2 10 -9 13 -4 -3 -5 -1 -11
right_child=1 4 7 12 5 -7 -8 8 -10 14 -12 -13 -14 -15 -16
leaf_value=-0.0089644356480964218 0.0059532745607248179 0.012294417369229224 -0.034121915481231196 -0.0021270709342289893 0.0028310872085442165 -2.8235381231767376e-05 -0.00094795019740996232 -0.0046229740605140141 -0.00064203218282779658 0.0041718395688411245 0.024083999328402248 0.0048063197100395843 -0.0058896690116112798 -0.014482439832752124 -0.0053905946212341261
leaf_weight=363.51674306602217 864.16104723280296 258.54086529742926 4.5658929310739031 881.43303662631661 8646.5886292308569 11817.727254875004 3665.9878489254043 2165.1372368880548 6407.9716314342804 65.602553671691567 56.019689744338393 1302.8203620729037 1869.6335902905557 328.74405461107381 347.79741101711988
leaf_count=8626 13987 6230 110 19798 129059 245043 76776 34208 103393 2076 744 30063 39114 7048 7858
internal_value=-4.66208e-06 0.000763267 -0.00231545 -0.00154054 0.00152485 0.00117989 0.000368512 -0.00149763 -0.00164742 -0.00870148 0.0196974 0.00604625 -0.00468414 -0.0115849 -0.00387313
internal_weight=39046.2 29306.9 9739.36 7281.22 22025.7 20464.3 4530.15 8633.69 8573.11 1105.66 60.5856 1561.36 2751.07 692.261 413.4
internal_count=724133 560070 164063 149675 410395 374102 90763 138455 137601 25608 854 36293 58912 15674 9934
is_linear=0
shrinkage=0.03


Tree=67
num_leaves=16
num_cat=0
split_feature=0 8 7 7 8 8 7 7 7 7 8 7 4 8 7
split_gain=73.1729 62.6679 44.2553 80.2952 69.5649 41.5077 68.2474 323.478 108.979 58.4559 145.145 64.6621 20.9159 13.2411 9.3216
threshold=0.02345074158205546 2.5000000000000004 0.031687572360453949 -0.0098539250404769945 6.5000000000000009 3.5000000000000004 -0.0062517992278824366 0.0010056531022965001 -0.019949163701951208 -0.037040774722581486 4.5000000000000009 -0.0098539250404769945 0.015894602746584056 1.5000000000000002 0.0064878370299188423
decision_type=2 2 2 2 2 2 2 2 2 2 2 2 2 2 2
left_child=1 12 3 -3 -4 6 8 -8 -2 10 -7 -11 13 -1 -14
right_child=5 2 4 -5 -6 9 7 -9 -10 11 -12 -13 14 -15 -16
leaf_value=-0.0063553596389704353 -0.0021463224795255031 -0.0018502947663288003 0.0030006512544821853 0.0058008187459912619 -0.0039461888457812669 0.013466803870956256 0.03566876058337997 -0.00071811531648959003 -0.018994434208440651 -0.0045181760425137578 0.00080017839415141021 0.0016157835708749152 -0.010128073110470386 -0.012852089147653192 -0.00062273030029417629
leaf_weight=591.56288751563989 2589.0262747542001 3126.1044734446332 1660.1893142610788 2040.0936200614087 5936.1555233155377 1238.0309417741373 236.44516486534849 3139.7026856658049 398.74202035344206 1759.0356060927734 2378.1688666958362 12814.318845401518 115.49195703607984 540.14468138338998 473.69408489763737
leaf_count=13520 34073 31757 37139 34889 102729 12984 6010 82541 7907 26168 39032 269502 2357 11588 11937
internal_value=-4.5786e-06 -0.00169572 -0.000971087 0.00117107 -0.00242795 0.000992979 -0.00109237 0.0018302 -0.00439484 0.00172257 0.00513668 0.000875401 -0.00706974 -0.00945614 -0.00248596
internal_weight=39036.9 14483.4 12762.5 5166.2 7596.34 24553.5 6363.92 3376.15 2987.77 18189.6 3616.2 14573.4 1720.89 1131.71 589.186
internal_count=724133 245916 206514 66646 139868 478217 130531 88551 41980 347686 52016 295670 39402 25108 14294
is_linear=0
shrinkage=0.03


Tree=68
num_leaves=16
num_cat=0
split_feature=0 7 7 9 9 7 7 7 5 7 7 7 7 3 4
split_gain=69.718 51.2543 91.2679 113.893 57.5032 56.1806 285.078 116.436 38.6378 23.0532 39.6338 11.4248 9.38506 3.84422 1.70837
threshold=0.017924542696970889 -0.06846028159537397 -0.072542947547819023 1.5000000000000002 2.5000000000000004 -0.0062517992278824366 -0.0012915516541090464 -0.026848734754452815 1.0000000180025095e-35 0.097272491286520615 0.057953645130690019 0.1432593772157961 -0.039637858455555113 0.0091056933347172259 -0.057967724602093589
decision_type=2 2 2 2 2 2 2 2 2 2 2 2 2 2 2
left_child=8 2 3 -2 -4 7 -7 -3 12 10 -10 -11 13 -1 -14
right_child=1 5 4 -5 -6 6 -8 -9 9 11 -12 -13 14 -15 -16
leaf_value=0.034099427471984807 0.010071620315013798 0.0001034970811087258 0.010396202299987306 -0.0059383106144113686 0.037886075255170307 0.023920608989594173 0.0005942440913736535 -0.0083332330616695763 -0.00227736745078611 0.00031198525268165991 -0.0081668487060381437 0.010607193350651693 -0.039313022317148373 0.013600302256531917 -0.00066043135995916377
leaf_weight=31.416464334819466 855.07702460233122 6691.1369440741837 179.99034679401666 751.27187315979972 110.54494992597029 482.45643534511328 20827.734629956074 1887.568713770248 4931.7952424252871 853.44377052038908 1299.3172896914184 109.45246461033821 1.9202782306820152 11.157511733472345 2.21757509978488
leaf_count=288 15970 63767 1815 22061 971 11210 445516 41521 70874 17572 25392 6992 29 98 57
internal_value=-4.58896e-06 0.000600597 0.00538254 0.00258395 0.0208557 0.000297113 0.00112235 -0.00175283 -0.00266127 -0.00283786 -0.00350545 0.00148224 0.024535 0.0287271 -0.0185982
internal_weight=39026.5 31785.8 1896.88 1606.35 290.535 29888.9 21310.2 8578.71 7240.72 7194.01 6231.11 962.896 46.7118 42.574 4.13785
internal_count=724133 602831 40817 38031 2786 562014 456726 105288 121302 120830 96266 24564 472 386 86
is_linear=0
shrinkage=0.03


Tree=69
num_leaves=16
num_cat=0
split_feature=0 8 7 7 8 8 7 7 9 7 8 7 7 7 4
split_gain=67.5352 67.5007 53.3228 94.9979 86.9883 33.1315 54.2845 282.861 78.1166 37.6021 122.345 39.8161 25.9524 27.9876 12.2074
threshold=0.028104590839699423 2.5000000000000004 0.031687572360453949 -0.0098539250404769945 6.5000000000000009 3.5000000000000004 -0.0053794305034632331 0.0010056531022965001 2.5000000000000004 -0.037040774722581486 4.5000000000000009 -0.0098539250404769945 0.054407907505941495 0.018478898210030351 0.0015911274301489977
decision_type=2 2 2 2 2 2 2 2 2 2 2 2 2 2 2
left_child=1 12 3 -3 -4 6 8 -8 -2 10 -7 -11 13 -1 -14
right_child=5 2 4 -5 -6 9 7 -9 -10 11 -12 -13 14 -15 -16
leaf_value=-0.004429654710927656 -5.4606460846983464e-05 -0.0013140384110018936 0.0031319035835314364 0.0056161552855453975 -0.0035096909230753364 0.013529014584357147 0.038448125815083209 -0.0004216752393453563 -0.01112569710410375 -0.0036958575576534073 0.00054920257330716774 0.0019100080119157732 -0.0061253066322714067 -0.011839226888886483 0.002763620849133815
leaf_weight=1074.4962397322524 1646.3438542599324 4638.0880729337223 2300.4937054612674 2889.0696431612596 7767.4412298169918 1006.995713789016 180.87173707410693 2462.7459095767699 880.29403272317722 1293.7949375966564 1862.1702012280002 9610.8613659557886 217.3918067435734 800.67895137448795 385.8440772802569
leaf_count=19073 22188 48726 51818 49796 138557 11414 4056 65361 14485 20702 32386 208165 6462 19264 11680
internal_value=-4.52268e-06 -0.00121702 -0.000564109 0.0013459 -0.00199211 0.00128026 -0.000767483 0.00223773 -0.00391183 0.00204892 0.00510475 0.00124489 -0.00585227 -0.00759346 -0.000439736
internal_weight=39017.6 20073.5 17595.1 7527.16 10067.9 18944.1 5170.26 2643.62 2526.64 13773.8 2869.17 10904.7 2478.41 1875.18 603.236
internal_count=724133 345376 288897 98522 190375 378757 106090 69417 36673 272667 43800 228867 56479 38337 18142
is_linear=0
shrinkage=0.03


Tree=70
num_leaves=16
num_cat=0
split_feature=0 8 7 7 7 9 7 7 0 3 8 7 6 8 8
split_gain=64.624 64.6277 70.5843 63.5406 156.951 63.3985 62.667 49.0358 32.3751 18.286 17.4977 14.1247 6.64683 6.03706 1.02439
threshold=0.014912733467408025 3.5000000000000004 -0.06846028159537397 0.075736335518270873 0.088818283462710604 1.5000000000000002 0.18654593018862611 -0.08944279441250895 1.0000000180025095e-35 -0.089211058761406545 2.5000000000000004 0.097272491286520615 0.088110908257448453 3.5000000000000004 5.5000000000000009
decision_type=2 2 2 2 2 2 2 2 2 2 2 2 2 2 2
left_child=8 3 7 5 -5 -2 -4 -3 9 14 12 -12 -10 -11 -1
right_child=1 2 6 4 -6 -7 -8 -9 10 13 11 -13 -14 -15 -16
leaf_value=-0.023506228131570699 0.00018826308997388279 0.00035530881031650561 0.00067791214463949528 0.028308901252004685 -5.4565104056218337e-05 -0.0058239364223965891 0.019507557158205922 0.013509109720187614 -0.010808023409553561 0.02847747983462736 -0.0040919364630404445 0.001864715750732004 0.013869839224229078 0.0056621992139907163 -0.049775215669488407
leaf_weight=3.23027184838429 2720.3264438700862 407.43987557664514 25679.117101652082 197.66243320144713 1572.0969244791195 3760.8855049682315 160.06483754888177 682.03696007374674 371.08775307936594 42.63458875566721 2975.6313011199236 407.31964869238436 10.090039198985322 13.821910373400895 2.2784062274731696
leaf_count=96 48860 19209 446331 3870 44531 74438 11876 11372 8993 433 43257 10307 171 346 43
internal_value=-4.52104e-06 0.000398183 0.00110994 -0.00192477 0.00311332 -0.00330047 0.000794555 0.00858988 -0.00370725 0.0178011 -0.00406132 -0.00337473 -0.0101548 0.0228917 -0.0343712
internal_weight=39005.7 35179.6 26928.7 8250.97 1769.76 6481.21 25839.2 1089.48 3826.09 61.9652 3764.13 3382.95 381.178 56.4565 5.50868
internal_count=724133 660487 488788 171699 48401 123298 458207 30581 63646 918 62728 53564 9164 779 139
is_linear=0
shrinkage=0.03


Tree=71
num_leaves=16
num_cat=0
split_feature=0 8 7 7 8 3 8 7 7 8 7 7 7 8 2
split_gain=62.4287 61.2039 50.2676 89.7215 81.2773 30.9715 36.0769 66.9888 40.8137 27.7244 35.4726 25.6434 25.2106 22.1741 2.55087
threshold=0.028104590839699423 2.5000000000000004 0.031687572360453949 -0.0098539250404769945 6.5000000000000009 -0.051086484464073982 3.5000000000000004 -0.0053794305034632331 -0.037040774722581486 1.5000000000000002 -0.029555797388904067 -0.063584202246962915 0.054407907505941495 5.5000000000000009 0.0071429044019328388
decision_type=2 2 2 2 2 2 2 2 2 2 2 2 2 2 2
left_child=1 11 3 -3 -4 9 7 -7 -8 10 -2 14 -13 -11 -1
right_child=5 2 4 -5 -6 6 8 -9 -10 13 -12 12 -14 -15 -16
leaf_value=0.079734372552319077 0.029032690518957262 -0.0012848853793905463 0.0030106129398778901 0.0054478185057716911 -0.0034077805160358178 -0.0056976233032700763 0.0049821808352121383 0.001859020501543982 0.0007523590391759745 0.00030217544912145532 0.005606851482359284 -0.0074650076556757863 -0.00040380045195574665 0.0070253370762559256 0.034641690075771267
leaf_weight=3.0822691470384589 90.85530137270689 4633.9567660992034 2302.9296465753578 2893.8574715899304 7755.3861685763113 1936.8106070307549 2578.3441640562378 2321.1285684001632 10077.752749453299 954.93832258391194 161.74279589182697 1857.029170316644 602.76390485884622 821.17842744290829 1.7817254960536955
leaf_count=35 941 48726 51818 49796 138557 25832 38406 62125 210785 20367 3044 38282 18142 17257 20
internal_value=-4.43756e-06 -0.00117117 -0.000550679 0.00130331 -0.00193824 0.00123055 0.000810432 -0.00157827 0.00161407 0.00473317 0.0140327 -0.00559861 -0.00573468 0.00341059 0.0632165
internal_weight=38993.5 20050.8 17586.1 7527.81 10058.3 18942.8 16914 4257.94 12656.1 2028.71 252.598 2464.66 2459.79 1776.12 4.86399
internal_count=724133 345376 288897 98522 190375 378757 337148 87957 249191 41609 3985 56479 56424 37624 55
is_linear=0
shrinkage=0.03


Tree=72
num_leaves=16
num_cat=0
split_feature=7 7 9 9 7 7 7 9 7 4 7 7 7 1 3
split_gain=61.4141 94.8862 102.144 73.3739 71.1567 127.249 59.2675 48.921 45.1829 41.9118 31.0225 68.6639 51.7878 20.3016 15.9095
threshold=-0.06846028159537397 -0.072542947547819023 1.5000000000000002 2.5000000000000004 0.073329220327050262 0.057953645130690019 -0.07768934587081365 2.5000000000000004 -0.0062517992278824366 0.015102343166822576 0.09067716549382944 0.089628087276729232 0.097272491286520615 -0.0048021271430182784 0.059640853145769952
decision_type=2 2 2 2 2 2 2 2 2 2 2 2 2 2 2
left_child=1 2 6 -4 5 8 -1 14 -2 -7 11 -6 -12 -9 -3
right_child=4 7 3 -5 10 9 -8 13 -10 -11 12 -13 -14 -15 -16
leaf_value=0.013189728914635195 -0.0018677084900604378 0.01174085823087896 -0.019630244879342233 0.00038555381772757241 0.0040081778724508615 -0.010016433506744037 -0.0056780553207663297 0.043692236870063503 0.00072165685646568027 -0.003084969072083916 -0.0064288977050259693 0.026828537492061818 0.0021196091097988559 0.020112881301577783 -0.037475229219678004
leaf_weight=701.37715450953692 9950.3213635121938 185.41771372966468 237.10405628895387 540.75332146370783 1729.0268441145308 1633.6417743922211 190.54222614318132 78.033557200338691 15532.450202727225 1511.5245753792115 716.80077369511127 127.41033056005836 5787.5426077088341 56.772483272943646 6.105972501449286
leaf_count=15094 119566 1701 7524 15468 38005 31518 1532 612 278417 34670 14126 2668 162519 507 206
internal_value=-4.39399e-06 0.00512127 0.00222973 -0.0057156 -0.000281002 -0.000992089 0.00915897 0.0199168 -0.000289419 -0.00668527 0.00215381 0.00557438 0.00117753 0.033762 0.0101718
internal_weight=38984.8 1996.11 1669.78 777.857 36988.7 28627.9 891.919 326.33 25482.8 3145.17 8360.78 1856.44 6504.34 134.806 191.524
internal_count=724133 42644 39618 22992 681489 464171 16626 3026 397983 66188 217318 40673 176645 1119 1907
is_linear=0
shrinkage=0.03


Tree=73
num_leaves=16
num_cat=0
split_feature=0 8 8 8 8 9 0 0 3 8 3 6 8 8 4
split_gain=59.3081 60.4156 46.7868 81.6471 49.4028 35.256 44.7057 31.2896 17.3989 13.5297 13.4542 7.9762 6.9419 5.81425 2.314
threshold=0.014556941200546533 3.5000000000000004 8.5000000000000018 7.5000000000000009 10.500000000000002 2.5000000000000004 0.035920855170257407 1.0000000180025095e-35 -0.089211058761406545 2.5000000000000004 -0.02333070214349375 0.088110908257448453 4.5000000000000009 3.5000000000000004 -0.35189225206100916
decision_type=2 2 2 2 2 2 2 2 2 2 2 2 2 2 2
left_child=7 5 3 -3 -4 6 -2 8 14 11 -7 -9 -11 -10 -1
right_child=1 2 4 -5 -6 10 -8 9 13 12 -12 -13 -14 -15 -16
leaf_value=-0.0036512071500225318 -0.0028081111486468902 0.0011800289232130135 -0.0027431873709330111 0.0072408545356342849 0.0014695692617680384 -0.007424151684159986 0.0028491476719282338 -0.010527898911186509 0.027956331082236999 0.00092212182094606777 -0.0031175434949687296 0.018654468341515698 -0.0039540346820591561 0.0055478615167459328 -0.046408157353201508
leaf_weight=1.6210394902154801 2881.024808086222 14875.224109565839 4887.0087590110488 2311.2245649262331 5140.6343600475229 919.38196448329836 2230.4484936206136 332.79875356541015 42.266509256325662 290.10893588094041 2252.2351278753486 8.6484743875917029 2787.6854337193072 13.831233778968452 3.8323595565743735
leaf_count=64 59420 229497 102203 50141 111463 18922 44726 8128 433 6115 49831 152 42617 346 75
internal_value=-4.31805e-06 0.000362128 0.00104494 0.00199509 -0.000583533 -0.00188123 -0.000339503 -0.00374135 0.0174583 -0.00412297 -0.00436593 -0.00978874 -0.00349441 0.0224314 -0.0336985
internal_weight=38978 35497.2 27214.1 17186.4 10027.6 8283.09 5111.47 3480.79 61.5511 3419.24 3171.62 341.447 3077.79 56.0977 5.4534
internal_count=724133 666203 493304 279638 213666 172899 104146 57930 918 57012 68753 8280 48732 779 139
is_linear=0
shrinkage=0.03


Tree=74
num_leaves=16
num_cat=0
split_feature=0 5 0 3 1 4 5 9 6 3 2 9 4 4 3
split_gain=56.8521 30.0643 35.7332 29.5682 18.4385 17.6274 17.2524 15.2805 14.5704 12.1518 8.58669 6.47936 5.29515 5.18274 0.411647
threshold=0.025900633013322891 1.0000000180025095e-35 0.013357532043479481 -0.051086484464073982 -0.022285913432491079 0.0055345590379347618 2.4517221920138694 1.5000000000000002 -0.045325838924708976 0.081396385764646043 0.0075934669244487911 1.5000000000000002 -0.083964286209235114 0.026584607043843248 -0.0085955598718065445
decision_type=2 2 2 2 2 2 2 2 2 2 2 2 2 2 2
left_child=1 11 9 6 10 -4 7 -2 -6 -3 -5 13 -8 -1 -13
right_child=3 2 5 4 8 -7 12 -9 -10 -11 -12 14 -14 -15 -16
leaf_value=0.03036389429821526 0.0079297228238912366 -0.0048699270563306706 -0.0018016255544063191 -0.0022320093517280743 0.0033749439211036743 0.00025407512969222043 -0.00057369864425893633 0.0026011183016892061 0.00072780437193564241 0.032418090456560189 0.0012096223557276572 -0.010431026453783068 -0.011011766630395025 0.001546359399655576 -0.033991788753449263
leaf_weight=36.213593003340065 958.28548166900873 2382.2910755008925 7687.209918496199 2528.8103144322522 2164.8169783612248 7337.475718756672 128.28521270886995 979.31992011074908 13805.688680640189 7.8918951647356144 879.29918948165141 1.3275449946522715 66.369663524907082 6.6478843837976447 1.342148764990269
leaf_count=354 18480 40066 127399 49384 46826 131469 2455 21291 264715 246 20267 15 1062 74 30
internal_value=-4.24575e-06 -0.00127606 -0.00133971 0.00102809 0.000659142 -0.000797701 0.00438118 0.0052365 0.00108663 -0.00474681 -0.00134406 0.0230698 -0.00413267 0.0258942 -0.0222758
internal_weight=38971.3 17460.4 17414.9 21510.9 19378.6 15024.7 2132.26 1937.61 15970.5 2390.18 3408.11 45.5312 194.655 42.8615 2.66969
internal_count=724133 299653 299180 424480 381192 258868 43288 39771 311541 40312 69651 473 3517 428 45
is_linear=0
shrinkage=0.03


Tree=75
num_leaves=16
num_cat=0
split_feature=7 7 7 7 8 8 8 8 7 7 8 7 8 1 3
split_gain=57.2116 89.7228 66.65 154.673 195.089 130.204 92.0907 170.277 62.6295 147.904 60.8037 60.6262 41.0273 26.0382 16.3566
threshold=-0.06846028159537397 -0.072542947547819023 0.069045075766231881 0.057953645130690019 9.5000000000000018 7.5000000000000009 10.500000000000002 8.5000000000000018 -0.07768934587081365 -0.085133075210050965 5.5000000000000009 0.070863809042136752 4.5000000000000009 0.0036189278197881125 -0.0026450167522217289
decision_type=2 2 2 2 2 2 2 2 2 2 2 2 2 2 2
left_child=1 8 3 5 -5 -2 7 -4 9 -1 -10 -8 13 -3 -14
right_child=2 12 6 4 -6 -7 11 -9 10 -11 -12 -13 14 -15 -16
leaf_value=-0.00094405962213135795 -0.0017347231429415634 0.043942434379782701 0.0031745671758548854 0.0039027844746961299 -0.013693374837810883 0.0028815252366794458 0.061150232114806781 -0.0075295585621260467 -0.024753769584478964 0.021599670160558124 0.0039453361226308948 0.0088338218381661549 0.016289775230524578 0.017253687578708973 -0.0026869877204742289
leaf_weight=1051.873144232668 17441.699403583771 74.353127703070641 5993.3264891435392 839.761789184995 1746.3345105950721 8031.1370765659958 20.277988594025373 1721.7420882117003 140.63552255928516 348.76578039675951 125.93864536657929 1180.3583541270345 133.62436547782272 59.011927276849747 58.895489204209298
leaf_count=30473 247076 638 146209 28649 25477 150907 383 40452 766 6104 2275 42336 1092 511 785
internal_value=-4.14097e-06 0.00494692 -0.000271025 -0.000989004 -0.00797952 -0.000279301 0.00198855 0.000785769 0.00213278 0.00466944 -0.0111953 0.00971741 0.0193439 0.0321331 0.0104844
internal_weight=38967.7 1993.1 36974.6 28058.9 2586.1 25472.8 8915.7 7715.07 1667.21 1400.64 266.574 1200.64 325.885 133.365 192.52
internal_count=724133 42644 681489 452109 54126 397983 229380 186661 39618 36577 3041 42719 3026 1149 1877
is_linear=0
shrinkage=0.03


Tree=76
num_leaves=16
num_cat=0
split_feature=7 7 9 9 7 7 7 7 8 8 7 9 8 8 8
split_gain=53.882 84.5253 93.4522 68.4812 62.7655 117.104 125.021 53.0187 51.0385 162.616 88.5985 45.8515 44.7747 27.2398 21.8069
threshold=-0.06846028159537397 -0.072542947547819023 1.5000000000000002 2.5000000000000004 0.073329220327050262 0.041437692208296968 0.038763989774755377 -0.07768934587081365 10.500000000000002 8.5000000000000018 0.098381663877460959 2.5000000000000004 2.5000000000000004 4.5000000000000009 5.5000000000000009
decision_type=2 2 2 2 2 2 2 2 2 2 2 2 2 2 2
left_child=1 2 7 -4 5 6 -2 -1 9 -6 -10 13 -7 -3 -13
right_child=4 11 3 -5 8 12 -8 -9 10 -11 -12 14 -14 -15 -16
leaf_value=0.01252426837116046 -0.00025605897045230649 0.021740143220989421 -0.01903679273729781 0.00034612482569571656 0.0034022174145643992 -0.013424951871720466 0.010668296468073492 -0.0053400879807111749 -0.0043068458312055906 -0.00767143000384985 0.013868374503772466 0.048804759876671801 -0.0034658108509708291 -0.001021335548975977 0.023417924861424751
leaf_weight=699.60009729489684 19544.780976454029 86.767271377146244 235.57781453710049 540.29818746959791 5759.4235396794975 429.12968010967597 990.61410114262253 190.16033686324954 355.79352584574372 1505.4825166873634 750.66643118206412 46.524541519582272 7632.0750168347731 104.08429461810738 88.149801154620945
leaf_count=15094 289901 766 7524 15468 139502 15114 18180 1532 11867 37778 28171 383 140976 1141 736
internal_value=-4.13868e-06 0.00480313 0.0020706 -0.00553908 -0.000263067 -0.000931888 0.000270925 0.00870628 0.00202163 0.00110746 0.00802395 0.0187848 -0.00399598 0.00932677 0.0321881
internal_weight=38959.1 1991.16 1665.64 775.876 36968 28596.6 20535.4 889.76 8371.37 7264.91 1106.46 325.526 8061.2 190.852 134.674
internal_count=724133 42644 39618 22992 681489 464171 308081 16626 217318 177280 40038 3026 156090 1907 1119
is_linear=0
shrinkage=0.03


Tree=77
num_leaves=16
num_cat=0
split_feature=0 8 7 7 7 7 8 7 8 7 7 7 4 7 0
split_gain=52.8457 44.036 63.2442 323.927 108.196 60.6404 151.144 67.4476 40.5439 23.8132 39.535 33.7488 14.095 6.04507 4.79143
threshold=0.019240589506477931 3.5000000000000004 -0.0053794305034632331 0.0015603159835408944 -0.019949163701951208 -0.037040774722581486 4.5000000000000009 -0.0098539250404769945 2.5000000000000004 0.032045748727557728 0.081932593887314678 -0.0098539250404769945 0.010255207161665615 0.054938203082628652 0.01188307287980544
decision_type=2 2 2 2 2 2 2 2 2 2 2 2 2 2 2
left_child=8 2 4 -4 -2 6 -3 -7 12 11 -11 -10 14 -14 -1
right_child=1 5 3 -5 -6 7 -8 -9 9 10 -12 -13 13 -15 -16
leaf_value=-0.017458250581440068 -0.0022485714094047245 0.012497219567638763 0.030882078255568733 -0.0013155835286318518 -0.017585191254746755 -0.004373936710350689 0.00049455970339593134 0.0011792090116195236 -0.0019688343009003897 -0.0042888979724639313 0.0018152845927901738 0.004417457130709259 -0.006078541097052294 0.0018951851052039657 -0.0095630491299361266
leaf_weight=79.530446147080511 2865.1350331485737 1412.9481058372185 304.16085360059515 3727.9723908477463 483.91769576398656 2240.5508309281431 2846.4138613468967 16210.654853480402 1747.4595792344771 3522.7076980471611 1310.0481419148855 1297.8646322558634 234.22502271085978 134.82640006020665 531.57164745288901
leaf_count=2088 37511 14086 6828 98236 10311 31158 44593 331385 17547 55192 32421 21592 4975 3984 12226
internal_value=-4.10714e-06 0.000595438 -0.0014176 0.00111322 -0.00446462 0.0012497 0.00447617 0.000504884 -0.00204079 -0.00132489 -0.0026342 0.000752893 -0.00779483 -0.00316548 -0.0105906
internal_weight=38950 30091.8 7381.19 4032.13 3349.05 22710.6 4259.36 18451.2 8858.23 7878.08 4832.76 3045.32 980.154 369.051 611.102
internal_count=724133 574108 152886 105064 47822 421222 58679 362543 150025 126752 87613 39139 23273 8959 14314
is_linear=0
shrinkage=0.03


Tree=78
num_leaves=16
num_cat=0
split_feature=0 5 0 3 1 9 2 0 6 3 5 4 9 4 3
split_gain=50.8843 28.3146 34.743 27.269 19.2756 18.8514 16.9075 12.3402 11.6534 11.3581 10.8391 9.47152 6.17691 4.99908 0.396695
threshold=0.028104590839699423 1.0000000180025095e-35 0.013357532043479481 -0.040920652901036074 -0.027484638029755256 1.5000000000000002 0.0052310552094920774 0.054863570893704673 -0.056378831913083287 0.081396385764646043 1.5488474600468114 0.024086397882985614 1.5000000000000002 0.026584607043843248 -0.0085955598718065445
decision_type=2 2 2 2 2 2 2 2 2 2 2 2 2 2 2
left_child=1 12 9 5 11 7 -4 -2 -7 -3 -6 -5 13 -1 -14
right_child=3 2 6 4 10 8 -8 -9 -10 -11 -12 -13 14 -15 -16
leaf_value=0.029878546849248205 0.0043707215497261276 -0.0046346720148086268 -0.0016451779922080007 -0.0044274950955326339 0.001452690771062765 0.0033603658219356247 0.00021987441476417475 0.010402377159837202 -0.0020548731936742906 0.031294642601457999 -0.0004812310636736281 -1.3893528577183107e-05 -0.010022704736854305 0.0015658776290369443 -0.033174501508298558
leaf_weight=35.844504571519792 1006.5512390236836 2372.2920675673522 8219.681429306278 929.31662198342383 10730.655220211949 1012.8941048446577 9351.6945666186512 438.16404078761116 552.86544685647823 7.9451219998300067 3445.8974067876115 827.03495753183961 1.3270762162283065 6.6547063030302516 1.3373032794333983
leaf_count=354 16928 40066 136554 18796 213404 21026 168037 10235 11546 246 67925 18897 15 74 30
internal_value=-4.11182e-06 -0.00105962 -0.00111333 0.00111009 0.000615331 0.00372862 -0.000652575 0.00620005 0.00144826 -0.00451474 0.000982612 -0.00234921 0.0226673 0.0254452 -0.021643
internal_weight=38940.2 19996.8 19951.6 18943.4 15932.9 3010.47 17571.4 1444.72 1565.76 2380.24 14176.6 1756.35 45.1636 42.4992 2.66438
internal_count=724133 345376 344903 378757 319022 59735 304591 27163 32572 40312 281329 37693 473 428 45
is_linear=0
shrinkage=0.03


Tree=79
num_leaves=16
num_cat=0
split_feature=8 7 7 8 8 8 8 7 7 8 8 7 7 7 3
split_gain=50.0318 68.7667 127.258 116.775 108.062 154.643 102.596 47.9514 138.001 120.828 66.0842 60.5563 297.421 135.831 40.8045
threshold=3.5000000000000004 0.041437692208296968 0.097272491286520615 8.5000000000000018 11.500000000000002 9.5000000000000018 10.500000000000002 0.055717178694082888 0.099369190121537901 2.5000000000000004 2.5000000000000004 -0.063584202246962915 -0.066183161360960571 -0.057557787670057974 -0.064127552196026491
decision_type=2 2 2 2 2 2 2 2 2 2 2 2 2 2 2
left_child=7 4 3 -3 5 -2 -4 11 10 -10 -9 12 -1 -13 -6
right_child=1 2 6 -5 14 -7 -8 8 9 -11 -12 13 -14 -15 -16
leaf_value=-0.0024950710356873131 0.0014021252239646005 0.0012521573015386797 0.0011926344221906604 -0.0055021207864384847 0.023925116691948415 0.010882221780602646 0.013351119948183521 0.0042713221604254873 0.0013855094839947306 -0.02064880606904183 0.023449720363811152 -0.02411718270314905 0.044240425742313336 -0.0033816413124110236 -0.0099680251534143872
leaf_weight=1048.9021316808648 13521.557147710584 3770.1588070467114 3633.2809002650902 5922.9685261482373 33.301141883246601 1748.9309419132769 754.28964915778488 337.5139275258407 1012.8465812001377 287.57377287838608 310.42696544807404 300.38739907881245 138.76499953866005 5316.423205498606 799.0813986863941
leaf_count=12479 182255 78494 91836 104892 788 37234 28171 11003 29873 10724 5287 3053 1532 110294 16218
internal_value=-4.00949e-06 0.000575093 -0.000956222 -0.00287503 0.00191411 0.00248788 0.00328286 -0.00200101 0.00214863 -0.00348714 0.0134596 -0.00318919 0.00296542 -0.00449058 -0.00861206
internal_weight=38936.4 30183.6 14080.7 9693.13 16102.9 15270.5 4387.57 8752.84 1948.36 1300.42 647.941 6804.48 1187.67 5616.81 832.383
internal_count=724133 539888 303393 183386 236495 219489 120007 184245 56887 40597 16290 127358 14011 113347 17006
is_linear=0
shrinkage=0.03


Tree=80
num_leaves=16
num_cat=0
split_feature=0 8 8 8 8 3 8 8 8 4 4 1 9 5 3
split_gain=47.4689 51.0548 27.9512 65.225 29.1289 25.7339 34.8001 29.4675 26.8186 21.3677 20.8015 18.635 15.6244 13.1828 7.97979
threshold=0.028104590839699423 2.5000000000000004 8.5000000000000018 7.5000000000000009 10.500000000000002 -0.040920652901036074 1.5000000000000002 3.5000000000000004 3.5000000000000004 -0.080314767455284305 0.039734431461767479 -0.022285913432491079 2.5000000000000004 0.89113227185156807 0.001462624947133784
decision_type=2 2 2 2 2 2 2 2 2 2 2 2 2 2 2
left_child=1 10 3 -3 -4 6 9 -8 12 -2 13 -10 -7 -1 -12
right_child=5 2 4 -5 -6 8 7 -9 11 -11 14 -13 -14 -15 -16
leaf_value=-0.008175009702530987 0.018152201411886219 -0.00042582177990407551 -0.0040793583621930897 0.0064484253481699892 -0.00010169625599565897 -9.5347919864693795e-05 -0.0019730934070079347 0.0046992897430438562 -0.0012429356558675338 0.0031035147519284044 0.0066041366586522916 0.0018397546564477125 -0.0040197420541151817 -0.0025553059458350807 -0.0019581335347684707
leaf_weight=1352.6836257905234 221.35324138076976 9470.7302353819832 3158.6765772164799 1429.7815260998905 3485.1984781683423 2420.1430401140824 903.04897099686787 1750.2303740396164 2147.8063800754026 137.77295777923428 126.18215388269164 9898.5982679012232 1466.2341293776408 520.14553727838211 438.01456259121187
leaf_count=30758 2830 140723 54842 26770 66562 49623 18500 35363 44649 3042 3473 192655 32095 11402 10846
internal_value=-4.08645e-06 -0.00102418 -0.000458996 0.000475849 -0.00199278 0.0010718 0.00361461 0.00242833 0.000591031 0.012379 -0.00509297 0.00129013 -0.00157592 -0.00661424 -4.31885e-05
internal_weight=38926.6 19981.4 17544.4 10900.5 6643.88 18945.2 3012.41 2653.28 15932.8 359.126 2437.03 12046.4 3886.38 1872.83 564.197
internal_count=724133 345376 288897 167493 121404 378757 59735 53863 319022 5872 56479 237304 81718 42160 14319
is_linear=0
shrinkage=0.03


Tree=81
num_leaves=16
num_cat=0
split_feature=7 7 2 7 7 7 7 5 7 7 1 5 4 7 6
split_gain=49.0519 80.0531 58.9741 55.4285 137.215 38.0185 43.5105 28.7052 23.1588 21.454 13.2865 12.7687 12.0075 8.34218 6.64135
threshold=-0.06846028159537397 -0.072542947547819023 0.0049322976022047544 -0.07768934587081365 -0.085133075210050965 0.069045075766231881 0.057953645130690019 1.0000000180025095e-35 0.12709999512976214 0.042261124990351624 -0.001485163622563392 0.70865289934223874 -0.0054326357448879472 -0.039637858455555113 -0.040157869584510446
decision_type=2 2 2 2 2 2 2 2 2 2 2 2 2 2 2
left_child=1 3 7 4 -1 6 -4 13 -7 -9 12 -5 -3 -2 -12
right_child=2 10 5 11 -6 8 -8 9 -10 -11 14 -13 -14 -15 -16
leaf_value=-0.0010955263389631892 0.026360043607096494 0.028269695381649904 0.00044223131933717011 -0.0018754109146230558 0.020666077002910389 0.0038923438668999836 -0.0050099150408652931 -0.00080829638492118175 -0.0005158836883203228 -0.0031638990941832094 -0.0081525331017933324 -0.015602918416350364 0.012521845110344829 -0.018313798752797684 0.013152540641213585
leaf_weight=1049.7270554685965 40.595604036003351 132.3611875991337 15577.678142819088 95.274176849983633 346.96665788907558 4333.2135987966321 1439.0447072712705 7888.2781246644445 1425.4078749790788 6226.3370377672836 14.910572259221224 169.42937288526446 64.964370131026953 4.146199192851781 112.70311944140121
leaf_count=30473 386 1216 254404 1189 6104 89762 33617 110780 61750 130704 146 1852 618 86 1046
internal_value=-4.02658e-06 0.00458846 -0.000251009 0.00192499 0.00431049 0.000694192 -1.88376e-05 -0.00177137 0.00280119 -0.00184742 0.0182067 -0.010662 0.0230851 0.0222201 0.0106632
internal_weight=38921 1986.34 36934.7 1661.4 1396.69 22775.3 17016.7 14159.4 5758.62 14114.6 324.939 264.704 197.326 44.7418 127.614
internal_count=724133 42644 681489 39618 36577 439533 288021 241956 151512 241484 3026 3041 1834 472 1192
is_linear=0
shrinkage=0.03


Tree=82
num_leaves=16
num_cat=0
split_feature=7 7 7 0 7 7 7 9 9 9 7 7 7 9 3
split_gain=47.1042 67.0828 81.7644 49.4362 22.6229 18.0696 23.3285 17.298 13.3185 8.56769 24.4432 15.3281 5.66404 4.66301 2.40269
threshold=0.1432593772157961 0.12709999512976214 0.11978236800920718 0.021715189671071302 0.15487239892661056 0.18009909587881581 0.29433303104773184 1.5000000000000002 1.5000000000000002 1.5000000000000002 0.13610602155690646 0.13610602155690646 0.14851237330683334 2.5000000000000004 0.02226701223861394
decision_type=2 2 2 2 2 2 2 2 2 2 2 2 2 2 2
left_child=1 2 3 -1 12 8 -7 -4 -6 11 -11 -3 14 -14 -2
right_child=4 9 7 -5 5 6 -8 -9 -10 10 -12 -13 13 -15 -16
leaf_value=-0.0017776009287269645 0.03055894238939276 -0.011997819656541658 0.017716400952273937 0.00061555295960171656 0.0067206215215116485 0.0098447683044846548 -0.023201170475318545 0.0072516478698223478 -0.005635159843006274 0.00021785484262247564 -0.011571642255398926 0.0018436050671915409 0.010072977896009078 0.02652998573515155 0.015871287145105644
leaf_weight=11319.501209249021 32.962953579612076 469.86223975103348 201.28493878059089 24765.292094534962 129.97095398418605 449.43131250701845 20.085421808995306 483.98387003224343 198.32294648978859 372.10072918515652 275.42776810005307 85.038326978683472 76.390622891485691 19.438587835989892 14.404064035974441
leaf_count=179655 1843 9958 3830 438930 7271 32413 1532 12256 11107 8803 6511 3830 4213 1149 832
internal_value=-3.92045e-06 -0.00016823 5.9791e-05 -0.00013516 0.00662647 0.0046558 0.0084311 0.0103255 -0.000743529 -0.00714107 -0.00479684 -0.00987663 0.017606 0.0134112 0.0260925
internal_weight=38913.5 37972.5 36770.1 36084.8 941.007 797.811 469.517 685.269 328.294 1202.43 647.528 554.901 143.196 95.8292 47.367
internal_count=724133 663773 634671 618585 60360 52323 33945 16086 18378 29102 15314 13788 8037 5362 2675
is_linear=0
shrinkage=0.03


Tree=83
num_leaves=16
num_cat=0
split_feature=7 7 9 9 2 7 9 7 7 7 5 7 3 0 7
split_gain=45.9869 75.5916 86.813 64.9414 54.799 46.5807 43.4527 35.0258 119.221 76.9651 27.1654 21.9771 14.5858 11.9058 7.9448
threshold=-0.06846028159537397 -0.072542947547819023 1.5000000000000002 2.5000000000000004 0.0052310552094920774 -0.07768934587081365 2.5000000000000004 -0.0062517992278824366 -0.0012915516541090464 -0.026848734754452815 1.0000000180025095e-35 0.041437692208296968 0.059640853145769952 0.013986013986014007 -0.039637858455555113
decision_type=2 2 2 2 2 2 2 2 2 2 2 2 2 2 2
left_child=1 2 5 -4 10 -1 12 9 -9 -6 14 -12 -3 -8 -2
right_child=4 6 3 -5 7 -7 13 8 -10 -11 11 -13 -14 -15 -16
leaf_value=0.011854605407303794 0.025884837475763211 0.0099735440135955145 -0.018676114849598968 0.00024124669343715934 0.00057136821511286529 -0.0049088295050728889 -0.0052694807090457804 0.018666109503928555 0.0010684185723230499 -0.0075286506986135711 -0.00065773904552153539 -0.002966201242112484 -0.037143217968306289 0.032965156501645859 -0.017807146546609608
leaf_weight=696.75372888986021 40.190048871561885 183.88414032943547 234.24951191013679 539.38984889024869 4824.6286938250996 189.82892331108451 7.7803248846903434 354.46761045348831 15386.04839065182 1351.5033781426027 8151.6179964556359 6814.446361519862 6.1096439985558382 126.55709634628147 4.1305609340779474
leaf_count=15094 386 1701 7524 15468 46667 1532 44 8445 338928 30637 115005 141335 206 1075 86
internal_value=-3.84987e-06 0.00444492 0.00185708 -0.00548672 -0.000242938 0.00826534 0.0176919 0.000713472 0.00146471 -0.00120113 -0.00163939 -0.00170884 0.00845841 0.0307507 0.0218129
internal_weight=38911.6 1984.55 1660.22 773.639 36927 886.583 324.331 21916.6 15740.5 6176.13 15010.4 14966.1 189.994 134.337 44.3206
internal_count=724133 42644 39618 22992 681489 16626 3026 424677 347373 77304 256812 256340 1907 1119 472
is_linear=0
shrinkage=0.03


Tree=84
num_leaves=16
num_cat=0
split_feature=8 7 8 7 7 8 7 7 8 8 7 7 8 8 8
split_gain=45.9654 61.5334 92.7288 112.248 82.328 89.1027 45.1806 129.56 115.427 61.2605 56.4748 83.9178 41.1472 37.7936 36.8634
threshold=3.5000000000000004 0.029895573115959143 6.5000000000000009 0.069045075766231881 0.017628455480776076 4.5000000000000009 0.055717178694082888 0.099369190121537901 2.5000000000000004 2.5000000000000004 0.018478898210030351 -0.0053794305034632331 4.5000000000000009 2.5000000000000004 6.5000000000000009
decision_type=2 2 2 2 2 2 2 2 2 2 2 2 2 2 2
left_child=6 4 12 -4 5 -2 10 9 -9 -8 11 -1 -3 -12 -6
right_child=1 2 3 -5 14 -7 7 8 -10 -11 13 -13 -14 -15 -16
leaf_value=-0.0040378150483611451 0.0053835688210713915 -0.0028068964430495681 -0.0039998247588690847 0.0016898723136421858 0.012076029934286296 -0.00089511858492285514 0.0041899823657959613 0.0013835036691505114 -0.02021390676438499 0.022631427490999355 -0.0090500228193728886 0.0042950125827061637 0.0047960204294575405 0.017465139705245075 0.0044731015608584094
leaf_weight=3729.5337482707109 2828.9308419702575 794.34347126772627 8203.8093276149593 5036.4213840616867 814.65137847606093 7241.0727404598147 337.60421073529869 1012.6756984554231 285.50380155537277 311.88832394592464 1467.6543555427343 1535.5419540710282 3311.1641837819479 50.02993040625006 1942.5655717821792
leaf_count=53819 31623 24423 133584 127914 10652 118624 11003 29873 10724 5287 37892 30918 65806 4729 27262
internal_value=-3.76679e-06 0.000550926 -0.000614106 -0.00183553 0.00212635 0.000868731 -0.00192082 0.00210658 -0.00336633 0.0130456 -0.00307729 -0.00160757 0.00332499 -0.00817596 0.00671947
internal_weight=38903.4 30173 17345.7 13240.2 12827.2 10070 8730.43 1947.67 1298.18 649.493 6782.76 5265.08 4105.51 1517.68 2757.22
internal_count=724133 539888 351727 261498 188161 150247 184245 56887 40597 16290 127358 84737 90229 42621 37914
is_linear=0
shrinkage=0.03


Tree=85
num_leaves=16
num_cat=0
split_feature=8 0 9 4 8 8 8 8 0 3 8 8 8 3 4
split_gain=43.2979 44.3391 33.8672 42.5096 33.2643 72.561 42.4921 19.4705 18.8526 13.3843 45.7513 10.8352 8.68641 10.0192 4.65853
threshold=3.5000000000000004 0.014556941200546533 2.5000000000000004 -0.093880226627798311 8.5000000000000018 7.5000000000000009 10.500000000000002 1.5000000000000002 0.020730487767588079 -0.0092175621918063593 1.5000000000000002 2.5000000000000004 4.5000000000000009 0.081396385764646043 0.048163783112018639
decision_type=2 2 2 2 2 2 2 2 2 2 2 2 2 2 2
left_child=2 12 3 7 5 -3 -6 -1 -5 10 -4 -11 14 -14 -2
right_child=1 4 9 8 6 -7 -8 -9 -10 11 -12 -13 13 -15 -16
leaf_value=0.01243864086195624 0.0058968034005343409 0.00094341894105918892 0.001188265838282726 -0.0056228772013281929 -0.0024708401989428697 0.0066422579534276202 0.0014411367650339563 0.0027373980947726769 -0.00074645456515316929 -0.0041191989298039536 -0.010086149197475015 0.00078442079409841211 -0.0034556775952882296 0.035879409104470926 -0.0054699328138095287
leaf_weight=232.19097268208861 143.71702195191756 14884.36067095492 482.34077786025591 910.2236020420678 4866.7078776010312 2324.9045663061552 5136.3805642030202 939.88857677485794 3301.8925171601586 1271.8724213666283 986.3691952705849 595.40625318000093 2768.6843787985854 5.8402318470180026 41.914343148935586
leaf_count=3031 2860 229497 10132 21172 102203 50141 111463 15692 70968 30147 20573 12530 42766 151 807
internal_value=-3.78283e-06 0.000534335 -0.00186571 -0.000394079 0.000913636 0.00171331 -0.00046212 0.00465923 -0.00180023 -0.00424089 -0.00638351 -0.00255562 -0.00295252 -0.00337288 0.00333027
internal_weight=38892.7 30172.5 8720.18 5384.2 27212.4 17209.3 10003.1 1172.08 4212.12 3335.99 1468.71 1867.28 2960.16 2774.52 185.631
internal_count=724133 539888 184245 110863 493304 279638 213666 18723 92140 73382 30705 42677 46584 42917 3667
is_linear=0
shrinkage=0.03


Tree=86
num_leaves=16
num_cat=0
split_feature=8 0 4 8 5 0 3 3 8 8 3 6 4 3 6
split_gain=40.774 41.7497 32.197 39.0147 32.1791 34.2441 19.0136 16.3201 12.8336 8.18358 9.35841 8.81485 4.30617 2.36757 1.44166
threshold=3.5000000000000004 0.014556941200546533 -0.093880226627798311 8.5000000000000018 1.0000000180025095e-35 0.035920855170257407 -0.047057473566177226 -0.014136632692450744 4.5000000000000009 4.5000000000000009 0.081396385764646043 -0.062581076752924 0.026584607043843248 0.0094117106978287585 0.072904306712156822
decision_type=2 2 2 2 2 2 2 2 2 2 2 2 2 2 2
left_child=4 9 8 -4 12 7 -7 -6 -3 11 -11 -2 13 -1 -14
right_child=1 2 3 -5 5 6 -8 -9 -10 10 -12 -13 14 -15 -16
leaf_value=0.033099108081212435 0.026153907110964398 0.010803353711696525 0.0014965680471402129 -0.00094920619367292933 -0.0056321149272317034 0.0043685150584381535 -0.00085973888319394959 -0.0021722430331201233 0.0037127054321132672 -0.0033570162289424735 0.034491194136615833 0.0013647555836981263 -0.0090308027155425064 0.012585797838006075 0.022359588571379471
leaf_weight=27.473102260380983 13.958828756120054 271.42219627648592 16268.869130602106 9183.5086744334549 1946.1884884568863 826.74210909148678 2578.6019521476701 3320.4029335107189 1495.6294260537252 2764.61607673252 5.8922140668146303 171.86092253495008 3.9136844128370276 6.2079997211694709 1.9844448827207086
leaf_count=274 210 6453 255434 198287 36237 17211 54779 75625 33130 42766 151 3457 39 60 20
internal_value=-3.7326e-06 0.000518215 0.000885967 0.000614105 -0.0018117 -0.00193488 0.000409565 -0.00345079 0.00480184 -0.00286775 -0.00327652 0.00322692 0.0251772 0.0293182 0.0015306
internal_weight=38887.3 30175.8 27219.4 25452.4 8711.51 8671.94 3405.34 5266.59 1767.05 2956.33 2770.51 185.82 39.5792 33.6811 5.89813
internal_count=724133 539888 493304 453721 184245 183852 71990 111862 39583 46584 42917 3667 393 334 59
is_linear=0
shrinkage=0.03


Tree=87
num_leaves=16
num_cat=0
split_feature=0 4 5 9 4 6 3 5 4 0 6 3 9 4 3
split_gain=38.9231 29.2704 26.5465 24.1263 23.606 32.5482 19.6288 14.0876 13.2895 10.8856 9.364 6.18985 5.93322 4.57299 0.485511
threshold=0.016636702177222348 -0.093880226627798311 1.0000000180025095e-35 1.0000000180025095e-35 0.0039174061843271222 -0.031171379985619748 0.010069615117151433 0.6074796164524322 0.13550084092836792 0.011248799146174198 -0.03617999865826959 0.089775451013622845 1.5000000000000002 0.026584607043843248 -0.0085955598718065445
decision_type=2 2 2 2 2 2 2 2 2 2 2 2 2 2 2
left_child=2 3 12 7 6 -6 -3 -2 9 -4 -5 -10 13 -1 -14
right_child=1 4 8 10 5 -7 -8 -9 11 -11 -12 -13 14 -15 -16
leaf_value=0.028186980988366493 -0.0001259032924724924 -0.0015307125369482053 -0.0055091579381736271 0.0028219173719436978 0.0043493649737894949 0.00032434828279341777 0.0013837037584482547 0.0095100379663257423 0.0059364954687923747 -0.0020722410390294791 -0.0010493325471074757 0.04073571824517129 -0.010211825509597849 0.00086510839467058935 -0.036180605682186
leaf_weight=34.38175564724952 172.8061610981822 9807.1394668829162 1020.6212214543484 1775.8313750335947 2049.5950121926144 15349.142869907431 2639.6589219802991 650.81921787071042 116.97047802200541 4426.329122225754 822.93867706414312 4.7885970594361416 1.3163757319562139 6.5664064912125459 1.2760349311865855
leaf_count=354 3720 172894 17396 35586 47516 293929 46953 10884 2217 74872 17565 129 15 74 29
internal_value=-3.64616e-06 0.000386221 -0.00231467 0.00301405 8.4887e-05 0.000798501 -0.000912637 0.00748831 -0.00249712 -0.00271623 0.00159603 0.0073051 0.0210192 0.0238057 -0.0229942
internal_weight=38880.2 33267.9 5612.25 3422.4 29845.5 17398.7 12446.8 823.625 5568.71 5446.95 2598.77 121.759 43.5406 40.9482 2.59241
internal_count=724133 629047 95086 67755 561292 341445 219847 14604 94614 92268 53151 2346 472 428 44
is_linear=0
shrinkage=0.03


Tree=88
num_leaves=16
num_cat=0
split_feature=7 7 7 8 8 8 7 7 8 8 8 7 8 4 8
split_gain=45.3018 64.193 74.9484 51.7938 46.9914 46.6868 42.2078 38.0768 35.6416 27.0466 24.9051 22.5121 14.7128 9.42082 8.21504
threshold=0.1432593772157961 0.12709999512976214 0.11978236800920718 6.5000000000000009 10.500000000000002 2.5000000000000004 0.22601588008844101 0.15600501031782202 9.5000000000000018 2.5000000000000004 11.500000000000002 0.27310752716245418 4.5000000000000009 0.066559863386239884 7.5000000000000009
decision_type=2 2 2 2 2 2 2 2 2 2 2 2 2 2 2
left_child=1 2 5 12 7 -1 13 14 -5 -9 -4 -8 -3 -6 -2
right_child=4 3 10 8 6 -7 11 9 -10 -11 -12 -13 -14 -15 -16
leaf_value=-0.0027744480675099968 0.0061085959811526041 -0.0010907905577533788 0.0083463097053461284 -0.013821043643853989 0.043818206151903877 0.00031152347314290877 0.00011119869918390675 0.0076801694037572487 -5.162610541284805e-05 -0.0059109298044153057 0.031316238122398525 0.038898354783427756 0.013022410143627063 0.024460504958453914 0.01926734276389663
leaf_weight=5147.1416128305718 65.009269169531763 176.72344044037163 642.82943156920373 692.75881072040647 47.577455354854465 30899.712906835601 83.814838817343116 211.15292861312628 223.85927138477564 350.56224504299462 45.488857943564653 16.045597217045724 106.56821689940989 43.146304909139872 124.42408189363778
leaf_count=106015 3830 4979 15320 11107 3591 512570 6080 15319 6888 20682 766 1146 6128 3201 6511
internal_value=-3.55772e-06 -0.000164911 5.81269e-05 -0.00699319 0.00649609 -0.000129123 0.0198002 0.00312053 -0.0104582 -0.000801934 0.00986432 0.00634353 0.00421829 0.0346121 0.0147516
internal_weight=38876.8 37935.1 36735.2 1199.91 941.733 36046.9 190.584 751.149 916.618 561.715 688.318 99.8604 283.292 90.7238 189.433
internal_count=724133 663773 634671 29102 60360 618585 14018 46342 17995 36001 16086 7226 11107 6792 10341
is_linear=0
shrinkage=0.03


Tree=89
num_leaves=16
num_cat=0
split_feature=7 7 9 9 7 7 7 7 7 4 7 7 7 7 1
split_gain=42.7372 74.3835 112.639 62.8669 102.137 50.032 131.327 41.2642 37.6642 36.2717 35.6115 24.4645 99.6821 19.6629 18.0852
threshold=-0.06846028159537397 -0.085133075210050965 1.0000000180025095e-35 2.5000000000000004 -0.07768934587081365 0.069045075766231881 0.062249183489029976 -0.13207312593805756 -0.095400077815925952 0.015102343166822576 0.041437692208296968 0.1432593772157961 0.12709999512976214 0.15600501031782202 -0.001485163622563392
decision_type=2 2 2 2 2 2 2 2 2 2 2 2 2 2 2
left_child=1 2 7 4 -3 6 10 -1 -4 -8 -2 12 -7 -13 -5
right_child=5 3 8 14 -6 11 9 -9 -10 -11 -12 13 -14 -15 -16
leaf_value=-0.016508973752285348 0.00023627748475207996 0.020950327147894708 -0.0015284224778558508 0.030393641977387 -0.0027063910427302354 0.0025880346206005188 -0.013418099614095272 0.018308439944918362 -0.01512497609152064 -0.0043341336977845276 -0.0024151703752674099 0.014771192615811819 -0.0068021910593771794 0.0040779582587358448 0.012621333069865808
leaf_weight=34.619726506061852 20509.033374875784 260.54712295997888 421.37311591720209 147.71229476295412 444.4352366225794 6791.7600141656585 857.27283792989329 266.18482071533799 324.62885928060859 734.59127682074904 5862.0463524707593 195.12883429322392 1196.7099368404597 748.156464680098 79.142422002740204
leaf_count=3363 308081 3814 18747 2299 4197 139918 16138 3039 5324 17337 110553 10718 29102 49642 1861
internal_value=-3.51212e-06 0.00429182 -0.00119616 0.0104569 0.00603665 -0.000233869 -0.000858236 0.0143013 -0.00744507 -0.00922616 -0.000353115 0.00172086 0.00118134 0.00628997 0.0241934
internal_weight=38873.3 1978.64 1046.81 931.837 704.982 36894.7 27962.9 300.805 746.002 1591.86 26371.1 8931.76 7988.47 943.285 226.855
internal_count=724133 42644 30473 12171 8011 681489 452109 6402 24071 33475 418634 229380 169020 60360 4160
is_linear=0
shrinkage=0.03


Tree=90
num_leaves=16
num_cat=0
split_feature=7 7 2 7 7 8 8 7 7 7 1 7 7 8 3
split_gain=40.279 70.3891 49.0746 47.9887 119.462 55.339 36.8504 33.0774 95.6942 47.2669 22.2989 19.8887 64.6826 45.7027 14.7465
threshold=-0.06846028159537397 -0.072542947547819023 0.0049322976022047544 -0.07768934587081365 -0.085133075210050965 5.5000000000000009 4.5000000000000009 -0.057557787670057974 -0.060144056962332708 -0.046996336770880436 0.0067232023613676304 0.042261124990351624 0.069045075766231881 8.5000000000000018 -0.0026450167522217289
decision_type=2 2 2 2 2 2 2 2 2 2 2 2 2 2 2
left_child=1 3 11 4 -1 -5 10 8 -4 -9 -3 13 -13 -2 -8
right_child=2 6 7 5 -6 -7 14 9 -10 -11 -12 12 -14 -15 -16
leaf_value=-0.001163207432131223 -0.0017445453046135363 0.039362445086892635 -0.00035444779590737259 -0.023254965862438959 0.019205861010480208 0.0042850597893890254 0.014065500658713806 0.0074775299572023418 -0.024509966093106635 0.00058352473161835876 0.01440772113422978 -0.0060178127779262538 0.00011216586822494685 0.0040011792392600776 -0.004045627860549056
leaf_weight=1044.3010424212553 6367.300261139404 78.253254108130932 820.7808095687069 137.27213893830776 344.66421077493578 125.88703137636185 131.66428632289171 935.24350097775459 179.9670888306573 20837.026239488274 54.79203025996685 3035.4707794045098 3164.0600813110359 1549.0445804814808 58.411538957618177
leaf_count=30473 84096 676 8476 766 6104 2275 1092 9782 2305 418970 473 52900 77868 27092 785
internal_value=-3.45883e-06 0.00417026 -0.000226944 0.00166574 0.00389127 -0.0100807 0.0169759 0.000634537 -0.0046984 0.000879662 0.0290853 -0.00161676 -0.00288925 -0.000620241 0.00849983
internal_weight=38864.1 1975.25 36888.9 1652.12 1388.97 263.159 323.121 22773 1000.75 21772.3 133.045 14115.9 6199.53 7916.34 190.076
internal_count=724133 42644 681489 39618 36577 3041 3026 439533 10781 428752 1149 241956 130768 111188 1877
is_linear=0
shrinkage=0.03


Tree=91
num_leaves=16
num_cat=0
split_feature=7 7 7 8 8 8 7 7 8 8 8 7 8 4 8
split_gain=39.7756 57.3522 68.8958 49.0793 44.464 44.3199 39.1103 33.9591 33.9198 25.3997 23.0197 20.9405 13.8042 8.62483 7.56687
threshold=0.1432593772157961 0.12709999512976214 0.11978236800920718 6.5000000000000009 2.5000000000000004 10.500000000000002 0.22601588008844101 0.15600501031782202 9.5000000000000018 2.5000000000000004 11.500000000000002 0.27310752716245418 4.5000000000000009 0.066559863386239884 7.5000000000000009
decision_type=2 2 2 2 2 2 2 2 2 2 2 2 2 2 2
left_child=1 2 4 12 -1 7 13 14 -5 -9 -4 -8 -3 -7 -2
right_child=5 3 10 8 -6 6 11 9 -10 -11 -12 -13 -14 -15 -16
leaf_value=-0.0027079635143953218 0.0054405111007490639 -0.00086894799515510916 0.0079752295973702075 -0.013314494672048049 0.00030542804302652169 0.041889388154044055 -2.7914020684829704e-05 0.0072836146619122506 0.00014179917211577949 -0.0058718641570031805 0.029939287041315626 0.037224596353787325 0.012801418105219368 0.023442407397110114 0.018025046921047547
leaf_weight=5140.4412988014519 65.329634052701294 176.25080100633204 645.21802192460746 687.66963010840118 30885.636624335311 48.08402148168534 83.902462273836136 212.00082287192345 223.35482952836901 350.4050526926294 46.007601499557495 16.203294916078448 106.74334399402142 43.399461646564305 125.81819988042116
leaf_count=106015 3830 4979 15320 11107 512570 3591 6080 15319 6888 20682 766 1146 6128 3201 6511
internal_value=-3.4037e-06 -0.000154956 5.54618e-05 -0.00662552 -0.000124543 0.00607561 0.0189594 0.00279994 -0.0100154 -0.000912861 0.00943715 0.00600184 0.00428742 0.0331382 0.013724
internal_weight=38856.5 37911.3 36717.3 1194.02 36026.1 945.143 191.589 753.554 911.024 562.406 691.226 100.106 282.994 91.4835 191.148
internal_count=724133 663773 634671 29102 618585 60360 14018 46342 17995 36001 16086 7226 11107 6792 10341
is_linear=0
shrinkage=0.03


Tree=92
num_leaves=16
num_cat=0
split_feature=7 7 2 7 7 8 8 7 7 7 1 7 8 7 3
split_gain=37.8001 66.3527 46.0659 45.2938 112.751 52.5614 34.7568 32.3035 114.217 75.8754 21.3011 19.3663 54.4987 43.1008 13.9221
threshold=-0.06846028159537397 -0.072542947547819023 0.0049322976022047544 -0.07768934587081365 -0.085133075210050965 5.5000000000000009 4.5000000000000009 -0.0062517992278824366 -0.0012915516541090464 -0.026848734754452815 0.0036189278197881125 0.031687572360453949 7.5000000000000009 0.069045075766231881 -0.0026450167522217289
decision_type=2 2 2 2 2 2 2 2 2 2 2 2 2 2 2
left_child=1 3 11 4 -1 -5 10 9 -9 -4 -3 12 -2 -13 -8
right_child=2 6 7 5 -6 -7 14 8 -10 -11 -12 13 -14 -15 -16
leaf_value=-0.0011375811980939012 -0.0017027194807223587 0.039043487242342668 0.00053031258977109504 -0.022741293307383323 0.018665397577782371 0.0041469068189977157 0.013670004877757826 0.017837859904455848 0.00094084434255076199 -0.0073854667062608704 0.014871759195369436 -0.0044603474554258758 0.0053025613144194661 0.00010377149488554916 -0.0039312333489217657
leaf_weight=1044.2038440061733 5175.9472478525713 73.546311914920807 5006.8136043795384 136.23260144889355 344.01152844447643 125.90011765062809 131.32638887455687 368.32613576878794 16007.375799964182 1393.04436051636 59.241777397692204 4525.764666502364 1238.6796633037739 3163.9759513102472 58.443595947697759
leaf_count=30473 63640 638 48275 766 6104 2275 1092 8727 350966 31565 511 76185 24263 77868 785
internal_value=-3.35689e-06 0.00404239 -0.000219785 0.00161011 0.00376976 -0.00982712 0.016487 0.000614584 0.0013209 -0.0011927 0.0282596 -0.00156711 -0.000349983 -0.00258242 0.00824934
internal_weight=38852.8 1972.91 36879.9 1650.35 1388.22 262.133 322.558 22775.6 16375.7 6399.86 132.788 14104.4 6414.63 7689.74 189.77
internal_count=724133 42644 681489 39618 36577 3041 3026 439533 359693 79840 1149 241956 87903 154053 1877
is_linear=0
shrinkage=0.03


Tree=93
num_leaves=16
num_cat=0
split_feature=7 7 7 8 8 8 7 8 7 8 8 7 8 4 8
split_gain=37.0919 54.4396 64.3094 46.3737 41.832 41.4722 36.384 32.1871 31.7945 23.8854 21.3268 19.5235 12.9311 7.95729 7.02867
threshold=0.1432593772157961 0.12709999512976214 0.11978236800920718 6.5000000000000009 2.5000000000000004 10.500000000000002 0.22601588008844101 9.5000000000000018 0.15600501031782202 2.5000000000000004 11.500000000000002 0.27310752716245418 4.5000000000000009 0.066559863386239884 7.5000000000000009
decision_type=2 2 2 2 2 2 2 2 2 2 2 2 2 2 2
left_child=1 2 4 12 -1 8 13 -5 14 -10 -4 -8 -3 -7 -2
right_child=5 3 10 7 -6 6 11 -9 9 -11 -12 -13 -14 -15 -16
leaf_value=-0.0026272284272036159 0.0052492112537028089 -0.00086198339898226073 0.007694373177452433 -0.012995829767940077 0.00029759348861701737 0.040276497552530398 -4.799573669703461e-05 0.00011854365494141578 0.0070248976506860142 -0.0057261569394389897 0.028738377503297798 0.035804337697692382 0.012355793135490891 0.022613079024774531 0.017360424292370665
leaf_weight=5132.4761003104504 65.419386757537723 176.23452283535153 647.01283863931894 684.43023687787354 30880.696208557114 48.479471853002906 83.914712600409985 223.41428904701024 212.55026440881193 349.81794488523155 46.454136800020933 16.330156955868006 107.09209724888206 43.595500308088958 126.55300408415496
leaf_count=106015 3830 4979 15320 11107 512570 3591 6080 6888 15319 20682 766 1146 6128 3201 6511
internal_value=-3.30436e-06 -0.000149821 5.50059e-05 -0.00646167 -0.000119242 0.00586221 0.018298 -0.00976847 0.00269168 -0.000906823 0.00910407 0.00579245 0.00413409 0.0319133 0.0132332
internal_weight=38844.5 37897.8 36706.6 1191.17 36013.2 946.66 192.32 907.845 754.341 562.368 693.467 100.245 283.327 92.075 191.972
internal_count=724133 663773 634671 29102 618585 60360 14018 17995 46342 36001 16086 7226 11107 6792 10341
is_linear=0
shrinkage=0.03


Tree=94
num_leaves=16
num_cat=0
split_feature=7 7 9 9 7 7 8 8 8 8 7 9 7 8 1
split_gain=35.4747 62.5594 74.618 60.7913 43.7035 122.474 126.268 93.1699 70.193 145.57 58.2435 37.9354 37.5429 24.0173 16.5323
threshold=-0.06846028159537397 -0.072542947547819023 1.5000000000000002 2.5000000000000004 0.069045075766231881 0.062249183489029976 9.5000000000000018 7.5000000000000009 10.500000000000002 8.5000000000000018 0.070863809042136752 2.5000000000000004 -0.07768934587081365 4.5000000000000009 -0.0048021271430182784
decision_type=2 2 2 2 2 2 2 2 2 2 2 2 2 2 2
left_child=1 2 12 -4 5 7 -7 -2 9 -6 -10 13 -1 -3 -13
right_child=4 11 3 -5 8 6 -8 -9 10 -11 -12 14 -14 -15 -16
leaf_value=0.010759539429646123 -0.0015630780006863677 0.019165603116668518 -0.018114521559937254 0.00027088486249960921 0.0027558992091771227 0.0046397518027051915 -0.014202283680202623 0.0022299688599194613 0.058162621723737123 -0.0071604135105331245 0.0074488185400004596 0.037276214307847194 -0.0043295846659066753 -0.002350564529844459 0.015887478941937358
leaf_weight=691.18606282956898 17645.096474206308 85.052120290696621 231.76722115231678 536.61446828162298 6011.8123705377802 445.40661710128188 1137.7674785540439 8702.934036847204 20.735258966684341 1711.6753298388794 1194.8288957523182 77.147574155591428 188.97796103730798 103.52296779677272 56.229841240681708
leaf_count=15094 254083 766 7524 15468 146209 17471 16004 164551 383 40452 42336 612 1532 1141 507
internal_value=-3.25613e-06 0.00391856 0.00155631 -0.00527471 -0.000212854 -0.000797163 -0.00890131 -0.000310209 0.00161289 0.000558251 0.0083139 0.0160143 0.00751979 0.00735377 0.0282591
internal_weight=38840.8 1970.5 1648.55 768.382 36870.3 27931.2 1583.17 26348 8939.05 7723.49 1215.56 321.953 880.164 188.575 133.377
internal_count=724133 42644 39618 22992 681489 452109 33475 418634 229380 186661 42719 3026 16626 1907 1119
is_linear=0
shrinkage=0.03


Tree=95
num_leaves=16
num_cat=0
split_feature=7 7 8 8 7 8 7 8 7 7 8 7 7 4 8
split_gain=34.5681 52.8388 57.6633 63.3905 42.9687 109.409 101.042 37.459 33.8692 30.2526 21.971 18.1992 10.287 7.35626 6.89414
threshold=0.1432593772157961 0.13139707541054871 9.5000000000000018 6.5000000000000009 0.073329220327050262 8.5000000000000018 0.041437692208296968 10.500000000000002 0.22601588008844101 0.15600501031782202 2.5000000000000004 0.27310752716245418 0.13960146650001073 0.066559863386239884 7.5000000000000009
decision_type=2 2 2 2 2 2 2 2 2 2 2 2 2 2 2
left_child=1 4 3 -3 6 -6 -1 9 13 14 -11 -10 -4 -9 -2
right_child=7 2 12 -5 5 -7 -8 8 11 10 -12 -13 -14 -15 -16
leaf_value=0.00057394249040360155 0.0049999998853168526 0.0027389381102828807 0.0065796677604492461 -0.017838340869609073 0.0046069312682875995 -0.0039791084271184251 -0.0033566998069610061 0.038523223431899865 -0.00026975891048736328 0.006710006115157742 -0.0055133772341862683 0.034223774440524934 0.043606579591604973 0.021595969464809454 0.016981093808789545
leaf_weight=22463.25034636911 65.535114353522658 191.36136346962303 156.8036196352914 455.35640289448202 4781.4314406560734 1853.4730664817616 7975.8630224918015 48.876546801999211 84.053172929212451 213.21571039874107 348.93052160739899 16.462623125873506 7.0568915959447613 43.823339616879821 126.96729419566691
leaf_count=350725 3830 8426 4973 7277 93543 42356 156090 3591 6080 15319 20682 1146 383 3201 6511
internal_value=-3.24472e-06 -0.000144825 -0.00772194 -0.0117496 2.08392e-05 0.0022084 -0.000455991 0.00565549 0.0174418 0.0026378 -0.000877186 0.00537964 0.00817429 0.030521 0.0129023
internal_weight=38832.5 37884.6 810.578 646.718 37074 6634.9 30439.1 947.864 193.216 754.649 562.146 100.516 163.861 92.6999 192.502
internal_count=724133 663773 21059 15703 642714 135899 506815 60360 14018 46342 36001 7226 5356 6792 10341
is_linear=0
shrinkage=0.03


Tree=96
num_leaves=16
num_cat=0
split_feature=8 0 9 4 4 8 8 0 3 8 6 1 3 8 4
split_gain=35.7358 34.3918 31.9635 37.1791 28.5153 34.2469 24.8212 15.2838 12.5006 35.4056 9.18638 8.87976 7.36345 6.93337 2.91542
threshold=3.5000000000000004 0.014556941200546533 2.5000000000000004 -0.080314767455284305 -0.10600071583792207 8.5000000000000018 1.5000000000000002 0.021470045180956833 -0.02333070214349375 1.5000000000000002 -0.0026255331929826427 -0.009005812860599734 0.065033811343701023 4.5000000000000009 0.12999237802975586
decision_type=2 2 2 2 2 2 2 2 2 2 2 2 2 2 2
left_child=2 12 3 6 10 -6 -1 -5 9 -4 -3 -10 13 -2 -14
right_child=1 4 8 7 5 -7 -8 -9 11 -11 -12 -13 14 -15 -16
leaf_value=0.011499394114737297 0.0029647869250745097 0.0060478451328287285 0.0017012901663485064 -0.0050764270241479984 0.0014231551655656254 -0.00084573672411785794 0.001825772964082293 -0.00071418493467628611 0.00010924889430531299 -0.010948437349846921 -0.0018786524262113828 -0.0039913178673593895 0.0072986349158805364 -0.003075686140756699 0.035069022664982921
leaf_weight=303.09452823759057 182.37790030520409 1156.2089693211019 290.26297686505131 954.33702766243368 16508.756011591293 9394.5721329231746 1123.9547864485066 2980.2167021124624 654.27418333059177 634.31091349804774 148.49038043245673 1737.376202784013 7.9451921451836807 2745.9591607991606 5.9505409738048911
leaf_count=4081 3565 26378 5858 22514 259860 202308 18791 65477 14878 13452 4758 39194 187 42680 152
internal_value=-3.21733e-06 0.000485053 -0.00169966 -0.000267748 0.000818244 0.000600278 0.00388038 -0.00177226 -0.00401476 -0.00697715 0.00514571 -0.00286954 -0.0025961 -0.00269948 0.0191907
internal_weight=38828.1 30150.3 8677.83 5361.6 27208 25903.3 1427.05 3934.55 3316.22 924.574 1304.7 2391.65 2942.23 2928.34 13.8957
internal_count=724133 539888 184245 110863 493304 462168 22872 87991 73382 19310 31136 54072 46584 46245 339
is_linear=0
shrinkage=0.03


Tree=97
num_leaves=16
num_cat=0
split_feature=8 7 8 7 8 7 7 8 7 7 7 7 4 7 7
split_gain=33.6506 50.9869 319.974 219.814 85.3574 45.361 83.8725 80.4776 37.1784 56.861 113.64 52.3414 10.7526 10.5101 9.42261
threshold=3.5000000000000004 -0.048835999354398078 4.5000000000000009 -0.08944279441250895 6.5000000000000009 0.097272491286520615 0.057953645130690019 10.500000000000002 -0.10492534064802615 -0.085133075210050965 -0.07768934587081365 -0.13207312593805756 -0.013444738811371313 -0.2598207951683007 -0.095400077815925952
decision_type=2 2 2 2 2 2 2 2 2 2 2 2 2 2 2
left_child=8 2 3 -2 -4 6 -3 -7 11 14 -11 13 -13 -1 -10
right_child=1 5 4 -5 -6 7 -8 -9 9 10 -12 12 -14 -15 -16
leaf_value=-0.0017270702625951991 -0.003931395009259351 0.00050131035255950409 -0.0029341160747606929 0.030926085185532099 0.021572772358154229 0.00098062147978308489 -0.0038550430528897874 0.011692016270928883 -0.0037978109968626506 0.026501803982522328 -0.0019338054765381013 0.022079061802688458 9.0494302123218836e-05 -0.030542660816815434 -0.017337982959408631
leaf_weight=20.96173698361963 230.64465809147805 17505.445543590933 2179.0822448786348 553.6802960857749 135.88729179603979 3636.4374224124476 5147.0568159576505 763.89769271854311 57.092472021002322 128.51117820292711 8033.0026513412595 138.5259294565767 23.395734599791467 24.952699973713607 243.69355757534504
leaf_count=2238 7494 260307 34915 3447 5625 91836 108093 28171 756 1149 174447 974 165 2984 1532
internal_value=-3.16699e-06 0.000470454 0.00411519 0.0206756 -0.00149558 5.28968e-05 -0.000488532 0.00284012 -0.00165028 -0.00195815 -0.00148606 0.0108851 0.018902 -0.0173872 -0.0147679
internal_weight=38822.3 30152.1 3099.29 784.325 2314.97 27052.8 22652.5 4400.34 8670.14 8462.3 8161.51 207.836 161.922 45.9144 300.786
internal_count=724133 539888 51481 10941 40540 488407 368400 120007 184245 177884 175596 6361 1139 5222 2288
is_linear=0
shrinkage=0.03


Tree=98
num_leaves=16
num_cat=0
split_feature=0 8 7 7 8 3 8 7 8 7 7 8 7 7 2
split_gain=33.0827 37.5076 32.3853 43.3233 42.9529 22.1324 33.9237 36.9884 25.6243 20.209 20.8668 17.7574 50.6692 32.5161 2.11015
threshold=0.028104590839699423 2.5000000000000004 -0.045101066287884344 -0.013016389514003244 6.5000000000000009 -0.039137400145036631 1.5000000000000002 -0.029555797388904067 5.5000000000000009 -0.063584202246962915 -0.0062517992278824366 3.5000000000000004 -0.0070701022125382309 -0.037040774722581486 0.0071429044019328388
decision_type=2 2 2 2 2 2 2 2 2 2 2 2 2 2 2
left_child=1 9 4 -4 -3 6 7 -2 -8 14 -11 12 -7 -13 -1
right_child=5 2 3 -5 -6 11 8 -9 -10 10 -12 13 -14 -15 -16
leaf_value=0.068847575603498717 0.025022022436786109 0.0025040401411890499 -0.0041118956280163802 -5.2249561734983345e-05 0.024918267246165478 -0.0053872375168056204 -0.00077968543278980639 0.005091511027690932 0.0049341822382345758 -0.010737530800354384 -0.0032453587443762016 0.0041115929832782165 0.0016305976291992054 0.00021107263018320147 0.029187584684213241
leaf_weight=3.3419557735323897 123.96364019066095 1603.2969450559467 2896.9066424649209 12905.744570243638 80.825331586878747 1612.9934804572258 1436.4112191188615 258.69665882992558 1389.8535345089622 402.11587099102326 1991.6375343084801 2410.6905807047151 2173.7981745009311 9518.2046099910513 1.8903543949127195
leaf_count=35 1298 17048 26682 242056 3111 21450 29061 4978 28236 7063 49361 35914 58965 198855 20
internal_value=-3.11148e-06 -0.000857568 -0.000374989 -0.000796455 0.00357976 0.000894742 0.00316518 0.011548 0.00203019 -0.0043752 -0.00450394 0.00043115 -0.00135867 0.000999322 0.054519
internal_weight=38810.4 19885.8 17486.8 15802.7 1684.12 18924.6 3208.93 382.66 2826.26 2398.99 2393.75 15715.7 3786.79 11928.9 5.23231
internal_count=724133 345376 288897 268738 20159 378757 63573 6276 57297 56479 56424 315184 80415 234769 55
is_linear=0
shrinkage=0.03


Tree=99
num_leaves=16
num_cat=0
split_feature=4 8 7 7 7 7 8 7 8 8 7 9 7 7 7
split_gain=32.0557 38.5032 49.9684 228.605 83.3589 46.6433 143.254 76.8595 23.8432 53.8445 26.9964 22.4655 18.4959 13.7654 10.8409
threshold=-0.10600071583792207 3.5000000000000004 -0.0053794305034632331 0.0015603159835408944 -0.019949163701951208 -0.037040774722581486 4.5000000000000009 -0.0098539250404769945 1.5000000000000002 2.5000000000000004 0.018478898210030351 1.0000000180025095e-35 -0.045101066287884344 -0.063584202246962915 0.07694626914134807
decision_type=2 2 2 2 2 2 2 2 2 2 2 2 2 2 2
left_child=8 2 4 -4 -2 6 -3 -7 10 13 12 -11 -1 -10 -12
right_child=1 5 3 -5 -6 7 -8 -9 9 11 14 -13 -14 -15 -16
leaf_value=-0.016004177892954177 -0.0029923361716983968 0.011009716772715871 0.025965465566631638 -0.0020217839650711325 -0.016874790926852106 -0.0048353979599864757 -0.00050143812874616758 0.00034886119911334631 0.016865169176455759 0.0094666882588377004 -0.012359130542255745 0.0023121113112667675 0.018418429505353329 -0.0090543828275471208 0.025636002181984793
leaf_weight=15.066119797527788 2155.1903323084116 1402.445692836307 279.76897509279661 4297.3877481704112 475.09314433648251 2927.7786192037165 3177.5196156580932 21284.730367935728 19.360753372311592 525.32701924629509 48.804246826097369 1592.073600135278 207.99988216161728 388.02104372950271 7.8448775205761185
leaf_count=147 26152 10428 7468 115059 10524 34776 43389 419281 212 9762 930 35726 2384 7682 213
internal_value=-3.07527e-06 -0.000243739 -0.0022047 -0.000311123 -0.00549985 0.000247135 0.00302343 -0.00027802 0.0030862 0.00216549 0.0113968 0.00408716 0.0160935 -0.00782256 -0.00709749
internal_weight=38804.4 35999.9 7207.44 4577.16 2630.28 28792.5 4579.97 24212.5 2804.5 2524.78 279.715 2117.4 223.066 407.382 56.6491
internal_count=724133 667077 159203 122527 36676 507874 53817 454057 57056 53382 3674 45488 2531 7894 1143
is_linear=0
shrinkage=0.03


Tree=100
num_leaves=16
num_cat=0
split_feature=7 7 7 8 8 8 7 7 8 8 8 7 8 4 8
split_gain=32.0743 51.7685 57.2329 42.9658 34.6963 33.1093 31.5819 27.8478 26.7117 21.2387 19.1932 16.9915 11.6986 6.84111 6.42643
threshold=0.1432593772157961 0.12709999512976214 0.11978236800920718 6.5000000000000009 2.5000000000000004 10.500000000000002 0.22601588008844101 0.15600501031782202 9.5000000000000018 2.5000000000000004 11.500000000000002 0.27310752716245418 4.5000000000000009 0.080131772849185948 7.5000000000000009
decision_type=2 2 2 2 2 2 2 2 2 2 2 2 2 2 2
left_child=1 2 4 12 -1 7 13 14 -5 -9 -4 -8 -3 -7 -2
right_child=5 3 10 8 -6 6 11 9 -10 -11 -12 -13 -14 -15 -16
leaf_value=-0.0023955834587666455 0.0047945436691445922 -0.00088036020755092215 0.0072356800921355036 -0.012470055938278109 0.00027411347983393347 0.035902966057982814 -0.00060737188275220835 0.0066767963761799679 -0.00054532370455556744 -0.0053449938521533133 0.027076218866132717 0.032611236561538595 0.011673096415409531 0.019408942069166015 0.01634669361454192
leaf_weight=5106.3210690799169 65.618302124552429 176.2132914531976 649.77511413581669 678.89232598990202 30856.74175743293 54.669155294075608 84.258628457784653 213.27563281543553 225.12401188351214 348.1862191837281 47.059734366834164 16.586378674022853 107.61211306601763 38.618836176581681 127.65108120255172
leaf_count=106015 3830 4979 15320 11107 512570 3988 6080 15319 6888 20682 766 1146 6128 2804 6511
internal_value=-3.08973e-06 -0.000139669 6.00491e-05 -0.0063035 -0.000104951 0.00544471 0.0164942 0.00260255 -0.00950048 -0.000778424 0.00857558 0.00485622 0.00387927 0.0290749 0.0124245
internal_weight=38796.6 37847.7 36659.9 1187.84 35963.1 948.864 194.133 754.731 904.016 561.462 696.835 100.845 283.825 93.288 193.269
internal_count=724133 663773 634671 29102 618585 60360 14018 46342 17995 36001 16086 7226 11107 6792 10341
is_linear=0
shrinkage=0.03


Tree=101
num_leaves=16
num_cat=0
split_feature=6 7 7 7 9 7 7 4 4 7 3 7 7 7 7
split_gain=31.7271 31.3002 84.3345 106.475 42.5874 58.0315 40.8495 25.71 28.192 24.7128 23.6886 9.61936 8.18207 32.5419 12.2328
threshold=-0.031749380528809872 -0.035767208025836543 -0.0062517992278824366 -0.0012915516541090464 1.0000000180025095e-35 -0.051906436182399311 -0.085133075210050965 0.0047497070976159081 -0.10600071583792207 -0.029555797388904067 0.0026441616408622308 -0.038300839274713665 0.017628455480776076 -0.0012915516541090464 0.1128588955901615
decision_type=2 2 2 2 2 2 2 2 2 2 2 2 2 2 2
left_child=7 4 9 -4 5 -2 -6 8 11 -3 -10 -1 13 -9 -14
right_child=1 2 3 -5 6 -7 -8 12 10 -11 -12 -13 14 -15 -16
leaf_value=0.00091664550378086067 0.01200476485466721 -0.0026412494072680206 0.015943679369684566 -0.00056915598641811354 -0.0076180257172434014 -0.0014180502271820127 0.0012339660634671241 0.0055367989986706617 -0.00097846206050485637 -0.007901439872131202 0.0056245227939204544 0.0052032578888149307 0.0071430920345923223 -0.0096443384218659872 0.0014665486827868219
leaf_weight=732.98530912073329 708.89113519527018 1482.6453668121248 357.92526210239157 19381.732745397836 537.17938725650311 490.42629231512547 3706.9402171825059 465.19978479901329 5536.8636062117293 1755.68079469027 536.36110167135485 1318.9518509847112 1113.2651711143553 174.84204519190826 492.95373281650245
leaf_count=14452 9506 12977 8825 397845 15443 3748 36444 7320 100898 35139 10857 26216 25021 3338 16104
internal_value=-3.04012e-06 -0.000521311 -0.00100588 -0.00026974 0.00152415 0.00651589 0.000113567 0.00141721 0.000631852 -0.0054931 -0.000395315 0.00367201 0.004258 0.00138972 0.00540094
internal_weight=38792.8 28421.4 22978 19739.7 5443.44 1199.32 4244.12 10371.4 8125.16 3238.33 6073.22 2051.94 2246.26 640.042 1606.22
internal_count=724133 519927 454786 406670 65141 13254 51887 204206 152423 48116 111755 40668 51783 10658 41125
is_linear=0
shrinkage=0.03


Tree=102
num_leaves=16
num_cat=0
split_feature=2 8 9 4 5 6 8 4 4 3 3 8 9 4 6
split_gain=31.6299 25.093 28.6576 26.2508 22.9211 20.4614 19.9992 18.3116 17.8184 11.3111 9.55973 6.43488 5.72094 4.35367 0.305877
threshold=0.004832156441232552 3.5000000000000004 2.5000000000000004 -0.066932339744500011 1.0000000180025095e-35 -0.023053974393024642 8.5000000000000018 -0.10600071583792207 0.10268063276127838 -0.02333070214349375 0.008142110147006278 2.5000000000000004 1.5000000000000002 0.026584607043843248 -0.059471892558798749
decision_type=2 2 2 2 2 2 2 2 2 2 2 2 2 2 2
left_child=4 2 3 -2 12 10 -7 11 -9 -4 -3 -6 13 -1 -14
right_child=1 5 9 -5 7 6 -8 8 -10 -11 -12 -13 14 -15 -16
leaf_value=0.027775744585957485 0.0043717672762712476 0.0022665328731709708 -0.0074312595667984666 -0.0012383075150475748 -0.0014141348583702799 0.0013729181486135942 -0.0010910779326342276 -0.0018447111242459828 0.0017760990503248851 -0.0025138851714877541 0.0063171492574056855 0.0041688494323408425 -0.0096274595863934248 0.0011123277302551439 -0.030809186049276453
leaf_weight=34.02986869495362 1115.4315531731118 5087.9061498278752 573.69900019117631 2295.5167250772938 248.40878945076838 8652.6021988298744 4509.9038699050434 11996.572836817242 1362.0921401120722 1581.6879467961844 584.6346662347205 737.21538784075528 1.0029955129139128 6.5766002982854834 1.5803181258961547
leaf_count=354 18730 99507 12859 54441 3976 139134 100786 202606 27224 37059 13563 13776 12 74 32
internal_value=-3.00644e-06 0.000654805 -0.00111485 0.000596272 -0.00111866 0.00117779 0.000528673 -0.00118437 -0.00147552 -0.00382274 0.00268401 0.00276176 0.0207034 0.0234574 -0.0225852
internal_weight=38788.9 24401.4 5566.34 3410.95 14387.5 18835 13162.5 14344.3 13358.7 2155.39 5672.54 985.624 43.1898 40.6065 2.58331
internal_count=724133 476079 123089 73171 248054 352990 239920 247582 229830 49918 113070 17752 472 428 44
is_linear=0
shrinkage=0.03


Tree=103
num_leaves=16
num_cat=0
split_feature=0 8 9 0 5 8 8 8 8 8 6 5 9 4 6
split_gain=30.7087 28.6144 25.9459 30.077 25.3043 24.921 65.2373 34.3134 9.45699 9.34023 7.51999 6.17197 5.79793 4.19584 0.389049
threshold=0.014556941200546533 3.5000000000000004 2.5000000000000004 0.035920855170257407 1.0000000180025095e-35 8.5000000000000018 7.5000000000000009 10.500000000000002 2.5000000000000004 1.5000000000000002 0.088110908257448453 0.33738659555612965 1.5000000000000002 0.026584607043843248 -0.059471892558798749
decision_type=2 2 2 2 2 2 2 2 2 2 2 2 2 2 2
left_child=4 2 3 -2 12 6 -3 -7 10 -4 -6 -10 13 -1 -14
right_child=1 5 9 -5 8 7 -8 -9 11 -11 -12 -13 14 -15 -16
leaf_value=0.027284102074523479 -0.0020220197245978387 0.000686194649426647 -0.0011140954791637445 0.0026416112356901045 -0.0086058914106480391 -0.0022753212494306106 0.0060772581767595457 0.0012423973999173121 0.00091179423705511551 -0.0046125651183758594 0.019792800726164947 -0.0030275401645184449 -0.0093388164404087197 0.0010792348023274309 -0.03339724931132685
leaf_weight=33.610170492902398 2832.5575457334053 14886.236568108667 1025.4401545901783 2220.0724434149452 318.63564842310734 4850.9745059246197 2337.37776575936 5140.0098406421021 414.41720318095759 2079.9069997719489 8.6189484782516939 2626.9567786185071 1.0029763253405692 6.5749430200085035 1.5243305140174914
leaf_count=354 59420 229497 23952 44726 8166 102203 50141 111463 7592 44801 165 41536 12 74 31
internal_value=-2.93963e-06 0.000259214 -0.00129923 2.71306e-05 -0.00272123 0.000726379 0.0014178 -0.000465579 -0.00301218 -0.00345731 -0.00785795 -0.00249077 0.0202247 0.0229966 -0.0238495
internal_weight=38783.9 35372.6 8157.98 5052.63 3411.34 27214.6 17223.6 9990.98 3368.63 3105.35 327.255 3041.37 42.7124 40.1851 2.52731
internal_count=724133 666203 172899 104146 57930 493304 279638 213666 57459 68753 8331 49128 471 428 43
is_linear=0
shrinkage=0.03


Tree=104
num_leaves=16
num_cat=0
split_feature=2 6 5 0 8 8 1 8 8 0 8 9 8 3 9
split_gain=29.4278 23.1053 20.7339 18.297 16.9993 18.2366 13.0481 12.8248 12.7393 12.9405 12.8444 8.49592 5.27384 3.72742 1.97768
threshold=0.004832156441232552 -0.022500946855310507 1.0000000180025095e-35 0.018469645913953576 3.5000000000000004 8.5000000000000018 0.036837549887074987 2.5000000000000004 7.5000000000000009 0.036743303415189547 8.5000000000000018 3.5000000000000004 3.5000000000000004 0.0091056933347172259 2.5000000000000004
decision_type=2 2 2 2 2 2 2 2 2 2 2 2 2 2 2
left_child=2 8 12 7 11 -6 -5 -4 9 -2 -10 -3 13 -1 -14
right_child=1 4 3 6 5 -7 -8 -9 10 -11 -12 -13 14 -15 -16
leaf_value=0.029297623421367582 -0.00012748655751894898 -0.0011238433678455533 -0.0073334872992534775 -0.00060479597256402637 0.0013005958075130285 -0.0010596459305291157 0.0061869708859180498 -0.0021772477228985897 0.0076959611722670429 0.0030503231924632738 0.0025907963361346603 -0.0048277952800031996 0.0041009998473793422 0.0082880686367298589 -0.037714153786017418
leaf_weight=27.446484334766865 3107.2453927942552 2794.4857846039813 487.99371506436728 9650.8418112115469 8616.6020408733748 4477.1299753733911 261.47781781619415 3933.6454506451264 547.90690618054941 1833.9914490533993 2328.5709736291319 696.19404177041724 2.7628893675282589 10.51044777035713 1.6118220519274471
leaf_count=288 56596 62216 11510 168955 138407 100179 4364 62753 12080 38202 52151 16248 56 105 23
internal_value=-2.88628e-06 0.000631443 -0.00107959 -0.0011415 -2.3578e-06 0.00049356 -0.000425635 -0.00274632 0.00197598 0.00105199 0.00356322 -0.00186257 0.0198851 0.02348 -0.0113054
internal_weight=38778.4 24402.1 14376.3 14334 16584.4 13093.7 9912.32 4421.64 7817.71 4941.24 2876.48 3490.68 42.3316 37.9569 4.37471
internal_count=724133 476079 248054 247582 317050 238586 173319 74263 159029 94798 64231 78464 472 393 79
is_linear=0
shrinkage=0.03


Tree=105
num_leaves=16
num_cat=0
split_feature=7 7 7 7 9 7 7 4 5 2 4 1 9 3 1
split_gain=30.719 49.2268 40.1979 93.8249 30.0516 18.9105 14.0911 10.1133 3.80847 2.67963 2.35591 2.25774 0.622148 0.36988 0.360928
threshold=0.1432593772157961 0.13139707541054871 0.073329220327050262 0.057953645130690019 1.0000000180025095e-35 0.29433303104773184 0.14851237330683334 0.17607700466939372 0.36505088364982702 0.023170737101274118 0.026584607043843248 -0.0002252389718820479 1.0000000180025095e-35 0.026522593661434283 -0.025360433999957587
decision_type=2 2 2 2 2 2 2 2 2 2 2 2 2 2 2
left_child=1 2 3 -1 -4 6 11 -8 10 -10 -3 -2 13 -7 -14
right_child=5 8 4 -5 -6 12 7 -9 9 -11 -12 -13 14 -15 -16
leaf_value=0.00012104260176547032 0.026880371861361808 -0.0091295206106929913 -0.0019680437339367344 -0.0054031110289702138 0.0031307521084311804 -0.0066038134963572019 0.0063238452624887146 -0.0032335759426708375 -0.007646866361768684 -0.014220927039580304 0.0013610913686218805 0.013739799580049733 -0.011560559909242417 -0.022894968733612384 -0.027902142393802579
leaf_weight=27301.942788272165 29.344578647986054 27.351088951341808 1291.7619055304676 3079.2129020574503 5345.0758121227846 2.6605279929935959 765.46401970088482 114.55659499298781 653.44959137868136 61.012345653027296 65.179404580965638 19.645949659869075 1.3340820800513036 2.3730666451156139 13.789096510969099
leaf_count=440627 1573 895 26328 66188 109571 203 48658 7495 16939 1576 1649 1102 101 180 1048
internal_value=-2.82003e-06 -0.000136583 2.32112e-05 -0.000438845 0.00213835 0.00532772 0.00595146 0.00507971 -0.00746659 -0.00820827 -0.00173983 0.0216108 -0.0234199 -0.0142842 -0.0264606
internal_weight=38774.2 37825 37018 30381.2 6636.84 949.168 929.011 880.021 806.992 714.462 92.5305 48.9905 20.1568 5.03359 15.1232
internal_count=724133 663773 642714 506815 135899 60360 58828 56153 21059 18515 2544 2675 1532 383 1149
is_linear=0
shrinkage=0.03


Tree=106
num_leaves=16
num_cat=0
split_feature=7 7 7 8 0 8 7 8 7 8 8 7 8 4 8
split_gain=28.8605 47.0345 51.8838 41.0338 32.3108 30.5773 29.3356 25.6662 25.1966 20.4927 18.6054 15.8353 10.8743 6.23265 6.01342
threshold=0.1432593772157961 0.12709999512976214 0.11978236800920718 6.5000000000000009 0.024201886899819142 10.500000000000002 0.22601588008844101 9.5000000000000018 0.15600501031782202 2.5000000000000004 6.5000000000000009 0.27310752716245418 4.5000000000000009 0.066559863386239884 7.5000000000000009
decision_type=2 2 2 2 2 2 2 2 2 2 2 2 2 2 2
left_child=1 2 4 12 -1 8 13 -5 14 -10 -4 -8 -3 -7 -2
right_child=5 3 10 7 -6 6 11 -9 9 -11 -12 -13 -14 -15 -16
leaf_value=-0.0012119145789526683 0.0043638464203994464 -0.00066981851486545927 0.017611305383095879 -0.012081493183750208 0.00062772257141949597 0.035157164632266945 -0.00073831476971320735 -0.00037480951686424442 0.0065212899504360827 -0.0052844665638620341 0.0056195541656116699 0.03125234451199238 0.011433671768148185 0.019660568683245665 0.015515647869460553
leaf_weight=14215.474135651719 65.797092892229557 175.72053722199053 147.57775742933154 674.75923217367381 21723.613584848586 49.518499911762774 84.335433843545616 224.67594113200903 213.56546794250607 347.88189656939358 551.95411054417491 16.680135367438197 107.78684025630355 44.215118432417512 128.52646698988974
leaf_count=228078 3830 4979 3830 11107 390507 3591 6080 6888 15319 20682 12256 1146 6128 3201 6511
internal_value=-2.7719e-06 -0.000132527 5.75686e-05 -0.00602025 -9.9934e-05 0.00516023 0.01576 -0.0091572 0.00242885 -0.000793748 0.00814941 0.00454412 0.00393181 0.0278473 0.0117397
internal_weight=38772.1 37821.6 36638.6 1182.94 35939.1 950.52 194.749 899.435 755.771 561.447 699.532 101.016 283.507 93.7336 194.324
internal_count=724133 663773 634671 29102 618585 60360 14018 17995 46342 36001 16086 7226 11107 6792 10341
is_linear=0
shrinkage=0.03


Tree=107
num_leaves=16
num_cat=0
split_feature=7 7 9 9 9 7 7 4 7 7 7 7 7 1 3
split_gain=28.611 59.9879 60.2364 60.3981 37.4714 36.2207 106.572 35.1167 34.2989 33.696 22.4616 65.2007 48.8069 15.8806 13.2365
threshold=-0.06846028159537397 -0.072542947547819023 1.5000000000000002 2.5000000000000004 2.5000000000000004 0.069045075766231881 0.062249183489029976 -0.049969967679870934 -0.0098539250404769945 -0.07768934587081365 0.09067716549382944 0.089628087276729232 0.097272491286520615 -0.0048021271430182784 0.059640853145769952
decision_type=2 2 2 2 2 2 2 2 2 2 2 2 2 2 2
left_child=1 2 9 -4 14 6 8 -8 -2 -1 11 -7 -12 -6 -3
right_child=5 4 3 -5 13 10 7 -9 -10 -11 12 -13 -14 -15 -16
leaf_value=0.0096805375179818236 -0.0017079760483487167 0.0082354281884271918 -0.017764678077865293 0.00061015626538869349 0.036479309447523839 0.0027689378889624756 -0.018041271202101507 -0.0062484181212513618 0.00054580005469480309 -0.0046277611013981956 -0.0068163716056995971 0.024638264007393697 0.0014691035833575669 0.015467048695576286 -0.036687969480506316
leaf_weight=684.89866161160171 9530.5354531174526 181.36451463680714 230.87325195921585 531.94432357884943 76.665411436930299 2282.3839626107365 275.79048751713708 1291.39952625148 16771.657853223383 189.01003369875252 719.03115835227072 129.66457279957831 5811.7193093905225 56.030217047315091 6.1015589060261837
leaf_count=15094 111331 1701 7524 15468 612 50067 4839 28636 307303 1532 14126 2668 162519 507 206
internal_value=-2.72609e-06 0.00353202 0.00120892 -0.00495114 0.0154081 -0.000190628 -0.000723689 -0.0083237 -0.00027085 0.00658592 0.0014706 0.00394457 0.000556878 0.027607 0.00677328
internal_weight=38769.1 1956.89 1636.73 762.818 320.162 36812.2 27869.4 1567.19 26302.2 873.909 8942.8 2412.05 6530.75 132.696 187.466
internal_count=724133 42644 39618 22992 3026 681489 452109 33475 418634 16626 229380 52735 176645 1119 1907
is_linear=0
shrinkage=0.03


Tree=108
num_leaves=16
num_cat=0
split_feature=6 7 8 8 7 7 8 0 3 5 3 1 7 7 8
split_gain=27.9388 28.4367 98.9783 80.956 78.184 99.8959 40.4908 17.276 29.3091 14.6342 14.7777 12.5106 11.7732 11.4273 11.3049
threshold=-0.031749380528809872 -0.035767208025836543 6.5000000000000009 4.5000000000000009 -0.0062517992278824366 -0.0012915516541090464 8.5000000000000018 0.030508781859180777 0.0023526928008827945 2.4517221920138694 -0.082484579683874945 -0.035358487735329659 -0.038300839274713665 -0.013016389514003244 10.500000000000002
decision_type=2 2 2 2 2 2 2 2 2 2 2 2 2 2 2
left_child=7 2 3 -2 6 -6 -3 8 13 10 -9 -11 -4 -1 -10
right_child=1 4 12 -5 5 -7 -8 9 14 11 -12 -13 -14 -15 -16
leaf_value=-0.0031236133402347335 0.0037958305264006067 -0.0060653289095782461 0.019535044517606775 -0.0038370983947083105 0.015424618079112884 -0.00053440272887206027 0.0091096993502605954 0.0086123619824370039 0.0044935807107663013 -0.010591453943478874 0.0026019628112598434 0.00099599569558327453 0.0084265077654808711 0.00023823997239408811 0.015351333540890605
leaf_weight=1192.7760010273196 2754.9994952124543 3060.1642912267707 266.59567373571917 2290.126889555715 359.55675893742591 19364.537311428459 166.87815909972414 406.39535282296129 551.7755937834736 129.02161093335599 3913.5952871912159 239.56317761354148 126.66179184848443 3837.9717119189445 102.30575771862641
leaf_count=13249 28041 37898 6953 29309 8825 397845 10218 9949 10836 2303 81559 4756 838 78603 2951
internal_value=-2.68528e-06 -0.000489539 0.00146098 0.000331026 -0.000951723 -0.000243481 -0.00528059 0.00132972 0.000217872 0.00267781 0.00316738 -0.00306014 0.0159572 -0.000558846 0.00619186
internal_weight=38762.9 28389.5 5438.38 5045.13 22951.1 19724.1 3227.04 10373.4 5684.83 4688.58 4319.99 368.585 393.257 5030.75 654.081
internal_count=724133 519927 65141 57350 454786 406670 48116 204206 105639 98567 91508 7059 7791 91852 13787
is_linear=0
shrinkage=0.03


Tree=109
num_leaves=16
num_cat=0
split_feature=7 7 7 8 8 8 7 8 7 8 8 7 8 4 8
split_gain=26.5352 45.1546 48.0669 38.8154 30.1895 28.5714 27.3778 24.3111 23.608 19.2528 18.0362 14.7951 10.1938 5.76666 5.59512
threshold=0.1432593772157961 0.12709999512976214 0.11978236800920718 6.5000000000000009 2.5000000000000004 10.500000000000002 0.22601588008844101 9.5000000000000018 0.15600501031782202 2.5000000000000004 11.500000000000002 0.27310752716245418 4.5000000000000009 0.080131772849185948 7.5000000000000009
decision_type=2 2 2 2 2 2 2 2 2 2 2 2 2 2 2
left_child=1 2 4 12 -1 8 13 -5 14 -10 -4 -8 -3 -7 -2
right_child=5 3 10 7 -6 6 11 -9 9 -11 -12 -13 -14 -15 -16
leaf_value=-0.0022337700135140071 0.0041825864689949534 -0.00069164020672691704 0.0065390518587313531 -0.011818818443409308 0.00026034602653021813 0.033060191156860687 -0.00077276543220171454 -0.00042185812735342983 0.0062578058861176749 -0.0051788321338076971 0.025674384837776402 0.030092935622577949 0.011016090827062249 0.017974269204891476 0.01492650424403885
leaf_weight=5088.5947512371931 65.877298038452864 175.76535098347813 653.94786928035319 672.01566972583532 30836.78467912646 55.204077608883381 84.35544550139457 224.79762834217399 214.11561550479382 347.44996099546552 47.555607125163078 16.752521252259612 108.09495830535889 38.855927219614387 129.14288819953799
leaf_count=106015 3830 4979 15320 11107 512570 3988 6080 6888 15319 20682 766 1146 6128 2804 6511
internal_value=-2.66502e-06 -0.000127207 5.89361e-05 -0.00590176 -9.29292e-05 0.00494467 0.0151788 -0.00896203 0.00230469 -0.000818232 0.00783625 0.00434135 0.0037667 0.0268282 0.0112972
internal_weight=38759.3 37807.6 36626.9 1180.67 35925.4 951.754 195.168 896.813 756.586 561.566 701.503 101.108 283.86 94.06 195.02
internal_count=724133 663773 634671 29102 618585 60360 14018 17995 46342 36001 16086 7226 11107 6792 10341
is_linear=0
shrinkage=0.03


Tree=110
num_leaves=16
num_cat=0
split_feature=2 7 8 7 7 9 5 7 7 7 7 7 8 9 7
split_gain=26.8487 46.6004 21.7309 42.8244 81.787 35.8637 20.4055 20.1845 19.5224 20.8637 16.8008 14.1201 11.5888 10.3559 6.6416
threshold=0.004832156441232552 -0.06846028159537397 3.5000000000000004 0.051745477757062626 0.1069330752711657 1.5000000000000002 1.0000000180025095e-35 -0.072542947547819023 0.18654593018862611 0.12709999512976214 0.031687572360453949 0.22601588008844101 3.5000000000000004 2.5000000000000004 -0.039637858455555113
decision_type=2 2 2 2 2 2 2 2 2 2 2 2 2 2 2
left_child=1 7 3 5 -5 -2 14 12 9 -4 -8 -10 -1 -9 -3
right_child=2 6 8 4 -6 -7 10 13 11 -11 -12 -13 -14 -15 -16
leaf_value=-0.00023553937787231004 0.00078075814572518311 0.02343402510552019 0.0012471493728548921 0.012157337510296202 -0.0028026934310026023 -0.0048454723774339729 -0.00029874192450792144 0.010631614772280144 0.02463139492583661 -0.0032317652935457911 -0.002407940428046795 0.0041803136552348965 0.0089993662846288621 0.029164071652423476 -0.016808094826590687
leaf_weight=236.41395338531584 1731.2595235239714 37.836848294362426 17729.617577402387 576.34273044671863 766.06354758236557 2480.8507291618735 6212.8856648127548 61.948571059852839 53.201200597919524 988.20063717477024 7504.2713341950439 70.845538354478776 253.35881911031902 48.292239786591381 4.0900780139490953
leaf_count=2468 31635 386 309295 14799 26315 50340 85684 644 3805 34843 150805 5047 7597 384 86
internal_value=-2.62132e-06 -0.00103186 0.000603162 -0.0010459 0.00362018 -0.00253298 -0.00138875 0.00715216 0.0010893 0.00101069 -0.00145263 0.0129514 0.00454167 0.01875 0.0195083
internal_weight=38755.5 14359.1 24396.4 5554.52 1342.41 4212.11 13759.1 600.014 18841.9 18717.8 13717.2 124.047 489.773 110.241 41.9269
internal_count=724133 248054 476079 123089 41114 81975 236961 11093 352990 344138 236489 8852 10065 1028 472
is_linear=0
shrinkage=0.03


Tree=111
num_leaves=16
num_cat=0
split_feature=6 7 8 8 7 7 8 4 4 8 3 8 7 7 2
split_gain=26.484 26.0229 92.6524 77.0105 73.7455 93.7826 37.9467 23.2541 24.967 24.6897 20.9158 19.5565 15.6342 11.7029 11.2448
threshold=-0.031749380528809872 -0.035767208025836543 6.5000000000000009 4.5000000000000009 -0.0062517992278824366 -0.0012915516541090464 8.5000000000000018 0.0047497070976159081 -0.093880226627798311 1.5000000000000002 0.0026441616408622308 11.500000000000002 0.10519732216274026 0.098381663877460959 0.0026063779337745451
decision_type=2 2 2 2 2 2 2 2 2 2 2 2 2 2 2
left_child=7 2 3 -2 6 -6 -3 8 9 -1 -10 12 -9 -13 -4
right_child=1 4 14 -5 5 -7 -8 11 10 -11 -12 13 -14 -15 -16
leaf_value=0.010962456212498627 0.0036717975800787841 -0.0058921555308523929 0.028389801504948412 -0.0037740825574673394 0.014914560378652419 -0.00051447153927436351 0.0087757254702359004 0.0046075299976619816 -0.0011648875700786361 0.0019093708228025219 0.0052040983684837052 0.0036901212456502209 -0.0015385721007755099 0.019268977506169828 0.013416569387205849
leaf_weight=308.3091765420977 2755.6207993403077 3051.67333695665 51.991386671084911 2288.2630634875968 361.17417932488024 19355.738292070571 167.44854024099186 1579.1222535518464 5055.4104021931998 2247.7970395684242 510.96779596991837 69.939579050987959 487.48355148453265 114.35477919038385 342.54767126264051
leaf_count=4066 28041 37898 1208 29309 8825 397845 10218 31378 92667 45377 10313 2039 15031 3335 6583
internal_value=-2.57022e-06 -0.000476797 0.00138897 0.000293819 -0.000919194 -0.000231843 -0.00512918 0.00129459 0.000546858 0.00300132 -0.000580244 0.00399281 0.00315775 0.0133568 0.0153897
internal_weight=38747.8 28374.5 5438.42 5043.88 22936 19716.9 3219.12 10373.4 8122.48 2556.11 5566.38 2250.9 2066.61 184.294 394.539
internal_count=724133 519927 65141 57350 454786 406670 48116 204206 152423 49443 102980 51783 46409 5374 7791
is_linear=0
shrinkage=0.03


Tree=112
num_leaves=16
num_cat=0
split_feature=0 6 7 7 3 5 7 7 7 3 7 7 3 5 4
split_gain=26.318 23.8291 22.2977 63.2492 35.1124 21.5783 18.2381 125.072 69.1729 11.3075 9.27006 6.59481 3.54486 3.45126 1.29558
threshold=0.014556941200546533 -0.022500946855310507 -0.035767208025836543 -0.0062517992278824366 -0.0011927493699732115 1.0000000180025095e-35 -0.0098539250404769945 0.003044662043372615 -0.019949163701951208 0.067198051031135644 0.1432593772157961 -0.039637858455555113 0.0091056933347172259 0.10324806282507328 -0.057967724602093589
decision_type=2 2 2 2 2 2 2 2 2 2 2 2 2 2 2
left_child=5 6 4 -4 -3 11 8 -8 -2 10 -7 12 -1 -11 -13
right_child=1 2 3 -5 -6 9 7 -9 -10 13 -12 14 -14 -15 -16
leaf_value=0.028610880011082963 0.00074248170650152213 -0.0016680047247702959 -0.005013677095225647 -6.1774232738629728e-05 0.003593297943335036 -0.0030893203233002186 0.015924398683983182 0.0011250940258959714 -0.015029883025140122 0.064446745146714571 0.010426137471013411 -0.035789476316686115 0.0079013808432409731 0.018743706636677647 -0.001665285246758191
leaf_weight=27.124250064138323 3274.10219840426 1886.0813294532709 2714.7876347836573 16020.916789448587 2892.1873223786242 3295.2700422452763 550.51306398422457 7738.3685054366942 270.96754581411369 1.6972585259936739 46.315362267196178 1.8657347280532119 10.249795310199259 12.007767140865324 2.1613099514506748
leaf_count=288 45342 22471 41216 336210 35236 54201 12132 165874 7722 65 2907 29 98 286 56
internal_value=-2.55665e-06 0.000239818 -0.000312761 -0.000779301 0.00151655 -0.00252485 0.00133779 0.002108 -0.00046308 -0.00279046 -0.00290199 0.019001 0.0229313 0.0244037 -0.0174751
internal_weight=38744.6 35347.9 23514 18735.7 4778.27 3396.69 11834 8288.88 3545.07 3355.29 3341.59 41.4011 37.374 13.705 4.02704
internal_count=724133 666203 435133 377426 57707 57930 231070 178006 53064 57459 57108 471 386 351 85
is_linear=0
shrinkage=0.03


Tree=113
num_leaves=16
num_cat=0
split_feature=7 7 8 8 7 8 8 8 7 7 7 7 7 8 3
split_gain=25.9143 109.47 168.527 85.0409 108.767 66.5624 55.3958 129.774 90.3576 55.9087 52.2172 38.4033 37.6601 28.5859 2.34147
threshold=0.069045075766231881 0.057953645130690019 9.5000000000000018 7.5000000000000009 0.041437692208296968 11.500000000000002 10.500000000000002 8.5000000000000018 0.09067716549382944 0.070863809042136752 0.1432593772157961 0.098381663877460959 0.058638724617699152 10.500000000000002 0.063165678950852913
decision_type=2 2 2 2 2 2 2 2 2 2 2 2 2 2 2
left_child=1 3 12 4 -1 -5 7 8 -2 14 -9 -11 -3 -4 -8
right_child=6 2 13 5 -6 -7 9 10 -10 11 -12 -13 -14 -15 -16
leaf_value=-0.00024780380643751865 0.0090431317854963601 0.033078150410127044 -0.0066635316372381992 0.0043448911640562868 -0.0081270573680579487 -0.0018655353320341469 0.058268970570668724 -0.0091838899723034016 0.0004637785486743466 -0.00065473468148061036 0.0049360362649440697 0.010514305976077163 0.003209268917066385 -0.014793122512554074 0.016251174796409223
leaf_weight=17511.12452473375 1458.05268958956 39.906663548201323 609.19903180468827 5927.9947570157237 1732.8034199560061 2104.6452438612469 19.841443441808227 1419.6851244624704 4560.6985155381262 432.86771354079247 282.64639201760292 769.76188837084919 791.62430017208681 1078.3150618937798 1.2700169570744027
leaf_count=254060 30951 1482 7653 117166 35307 34094 361 25898 115258 14165 14554 28171 27167 17824 22
internal_value=-2.52677e-06 -0.000427654 -0.00641135 0.000124953 -0.000957285 0.00271769 0.00141359 0.000473695 0.00254214 0.00734377 -0.00683949 0.00649418 0.00464273 -0.0118583 0.0557413
internal_weight=38740.4 29795.6 2519.05 27276.6 19243.9 8032.64 8944.82 7721.08 6018.75 1223.74 1702.33 1202.63 831.531 1687.51 21.1115
internal_count=724133 494753 54126 440627 289367 151260 229380 186661 146209 42719 40452 42336 28649 25477 383
is_linear=0
shrinkage=0.03


Tree=114
num_leaves=16
num_cat=0
split_feature=2 7 8 7 7 9 7 1 5 5 7 4 8 7 7
split_gain=24.6262 43.0903 20.682 39.7149 75.5695 33.7054 19.2274 21.3253 18.3389 17.5867 17.548 17.2413 10.1406 6.01754 5.82622
threshold=0.004832156441232552 -0.06846028159537397 3.5000000000000004 0.051745477757062626 0.1069330752711657 1.5000000000000002 -0.072542947547819023 -0.0032334212048348225 1.0000000180025095e-35 4.9340108836986909 -0.048835999354398078 0.10268063276127838 4.5000000000000009 -0.039637858455555113 -0.046996336770880436
decision_type=2 2 2 2 2 2 2 2 2 2 2 2 2 2 2
left_child=1 6 3 5 -5 -2 7 -1 13 10 -4 -10 -8 -3 -11
right_child=2 8 9 4 -6 -7 12 -9 11 14 -12 -13 -14 -15 -16
leaf_value=0.00023311595581787715 0.00074371253411495517 0.0225061058163036 0.0037953259409887366 0.011640660501435156 -0.0027276434718062556 -0.004713818867466895 0.027817459539453943 0.013890432841437924 -0.0017433343454252804 -0.018628613967118977 0.00084982015891265684 0.0018349584833538973 0.0095713662839722359 -0.015962131476577407 -0.0045186594255844639
leaf_weight=342.34823132166639 1731.1473227161914 36.957496850285679 2046.7197712566704 578.4403283316642 765.31313026044518 2473.9534743351396 52.123159252107143 147.11591275408864 12358.361873262562 28.776810923591256 16457.36645054305 1343.6420164022129 57.82722490048036 4.0620516040362409 310.73700811574236
leaf_count=7465 31635 386 36286 14799 26315 50340 459 2600 210124 478 310969 26365 569 86 5257
internal_value=-2.59074e-06 -0.000989063 0.000577442 -0.00103235 0.00345742 -0.00246707 0.0068846 0.00433803 -0.00133248 0.00105148 0.00117562 -0.00139244 0.0182211 0.0186967 -0.0057146
internal_weight=38734.9 14342.4 24392.5 5548.85 1343.75 4205.1 599.415 489.464 13743 18843.6 18504.1 13702 109.95 41.0195 339.514
internal_count=724133 248054 476079 123089 41114 81975 11093 10065 236961 352990 347255 236489 1028 472 5735
is_linear=0
shrinkage=0.03


Tree=115
num_leaves=16
num_cat=0
split_feature=0 6 7 7 9 4 4 0 3 7 7 7 4 4 3
split_gain=24.4354 22.0874 21.6553 60.3289 36.8967 18.2828 22.3032 15.5404 13.7618 12.3156 7.39126 9.45616 4.7766 2.43041 2.17656
threshold=0.013357532043479481 -0.022500946855310507 -0.035767208025836543 -0.0062517992278824366 1.0000000180025095e-35 0.0039174061843271222 -0.089731182473319501 1.0000000180025095e-35 -0.089211058761406545 0.017628455480776076 0.1432593772157961 0.057953645130690019 -0.12624725709992654 -0.35189225206100916 -0.016280970703043126
decision_type=2 2 2 2 2 2 2 2 2 2 2 2 2 2 2
left_child=7 5 4 -4 -3 6 -2 8 13 -7 11 -9 -10 -1 -12
right_child=1 2 3 -5 -6 9 -8 10 12 -11 14 -13 -14 -15 -16
leaf_value=-0.0020688635506325836 0.0027312574947109137 0.0063587893688728421 -0.0048687712883857684 -9.6785263907437925e-05 6.1610448405739895e-05 0.00023516871382357486 -0.00043981894046721108 -0.0022194682283564488 0.037535642513987694 0.0045039279127125518 -0.015005596624078844 -0.006374878751541458 0.013215894465928305 -0.046575828337290931 0.013693115818711351
leaf_weight=1.5687908860854802 2930.6898443729151 1075.7602879637852 2785.5675369866658 16553.932297221385 3779.528364435304 853.25556301069446 6259.9810725732241 1562.6639016824774 8.7810862227343005 2118.4856782571878 2.5976808890700367 719.93525320338085 42.195445352233946 3.7290955842472604 28.177832341752946
leaf_count=64 55932 11976 42095 346023 46429 13867 114217 23276 160 52813 163 14663 619 75 1761
internal_value=-2.53823e-06 0.000189847 -0.000334414 -0.000784119 0.00145684 0.00123276 0.000571363 -0.00295428 0.0126225 0.00327827 -0.00333319 -0.00353009 0.0174052 -0.0333966 0.0112707
internal_weight=38726.8 36357.2 24194.8 19339.5 4855.29 12162.4 9190.67 2369.65 56.2744 2971.74 2313.37 2282.6 50.9765 5.29789 30.7755
internal_count=724133 683352 446523 388118 58405 236829 170149 40781 918 66680 39863 37939 779 139 1924
is_linear=0
shrinkage=0.03


Tree=116
num_leaves=16
num_cat=0
split_feature=7 7 8 8 7 7 8 8 7 7 7 7 7 8 0
split_gain=23.6762 103.203 158.941 79.9716 102.874 64.4477 52.0996 121.843 83.8929 51.3153 49.1054 35.7268 34.9413 27.3399 2.67069
threshold=0.069045075766231881 0.057953645130690019 9.5000000000000018 7.5000000000000009 0.041437692208296968 0.027201130471935068 10.500000000000002 8.5000000000000018 0.09067716549382944 0.070863809042136752 0.1432593772157961 0.098381663877460959 0.058638724617699152 10.500000000000002 0.019869473180358539
decision_type=2 2 2 2 2 2 2 2 2 2 2 2 2 2 2
left_child=1 3 12 4 -1 -5 7 8 -2 14 -9 -11 -3 -4 -8
right_child=6 2 13 5 -6 -7 9 10 -10 11 -12 -13 -14 -15 -16
leaf_value=-0.00023444860482281737 0.0086932876328830854 0.031693369668256741 -0.0064622148814360595 0.0064877240622175083 -0.0079097728313942562 0.000764560522054561 0.066018815594248867 -0.0089433383697888405 0.00043486040427624 -0.00062693019937448279 0.0047424853429000055 0.010141478626221395 0.0030949112755119241 -0.01443196863874396 0.044425638263274045
leaf_weight=17498.696877456736 1461.8432361157611 40.410215185955167 607.03427310474217 2633.5771746486425 1726.7361683975905 5405.5688093719073 8.5401745885610598 1414.4543449459597 4561.5908575491048 432.67747113481164 283.19780492223799 772.11272606812418 792.67107777763158 1070.6401217528619 13.005468990653752
leaf_count=254060 30951 1482 7653 63552 35307 87708 159 25898 115258 14165 14554 28171 27167 17824 224
internal_value=-2.48914e-06 -0.000409133 -0.0062293 0.000126837 -0.000923809 0.00263944 0.00135075 0.000438409 0.00243912 0.00709487 -0.00666031 0.00627421 0.00448213 -0.0115483 0.0529847
internal_weight=38722.8 29775.3 2510.76 27264.6 19225.4 8039.15 8947.42 7721.09 6023.43 1226.34 1697.65 1204.79 833.081 1677.67 21.5456
internal_count=724133 494753 54126 440627 289367 151260 229380 186661 146209 42719 40452 42336 28649 25477 383
is_linear=0
shrinkage=0.03


Tree=117
num_leaves=16
num_cat=0
split_feature=8 7 8 8 8 7 8 7 7 8 8 7 7 8 7
split_gain=23.3417 40.3676 104.426 138.721 83.7802 111.004 109.131 30.7201 108.654 106.02 52.6118 45.8509 80.2812 35.1118 23.4919
threshold=3.5000000000000004 0.041437692208296968 11.500000000000002 9.5000000000000018 8.5000000000000018 0.042845442800433904 10.500000000000002 0.054407907505941495 0.099369190121537901 2.5000000000000004 2.5000000000000004 0.018478898210030351 -0.0053794305034632331 2.5000000000000004 0.04105139762135069
decision_type=2 2 2 2 2 2 2 2 2 2 2 2 2 2 2
left_child=7 2 3 -2 5 -3 -6 11 10 -10 -9 12 -1 -13 -4
right_child=1 4 14 -5 6 -7 -8 8 9 -11 -12 13 -14 -15 -16
leaf_value=-0.0034426168151675501 0.00094677951135184056 -0.013055406684818791 -0.010323722847501694 0.0098940680054530501 -0.0068169643292415299 0.0028167104483773535 0.00038052919912542969 0.0037975739652914031 0.0013719164487190072 -0.019438195485931956 0.020653251071169665 -0.0079312151144445911 0.0047588338667280865 0.017676033506724483 0.0091578580146263258
leaf_weight=3655.8341029798612 13519.080475744791 424.95351726189256 774.08339670253918 1762.9375812602229 3487.7031433251686 5935.66631274065 4154.244144083932 354.04104923410341 1011.5875334776938 281.68817134853452 314.8927193833515 1408.4620726129506 1521.1155644326936 49.898705802392215 60.027117878198624
leaf_count=53819 182255 5671 16623 37234 71678 136018 90026 11769 29873 10724 5287 37126 30918 4729 383
internal_value=-2.5431e-06 0.000391016 0.00141476 0.00197894 -0.000787257 0.00175629 -0.00290433 -0.00138125 0.00191639 -0.00316073 0.0117322 -0.00235644 -0.00103283 -0.00705505 -0.00892172
internal_weight=38716.2 30118.7 16116.1 15282 14002.6 6360.62 7641.95 8597.52 1962.21 1293.28 668.934 6635.31 5176.95 1458.36 834.111
internal_count=724133 539888 236495 219489 303393 141689 161704 184245 57653 40597 17056 126592 84737 41855 17006
is_linear=0
shrinkage=0.03


Tree=118
num_leaves=16
num_cat=0
split_feature=7 7 8 8 7 8 7 8 7 7 8 6 7 8 7
split_gain=23.4739 43.0058 46.971 52.62 30.6591 90.9317 75.0815 22.2444 25.2457 21.5308 17.7699 14.3636 13.7279 5.16891 3.37533
threshold=0.1432593772157961 0.13139707541054871 9.5000000000000018 6.5000000000000009 0.073329220327050262 8.5000000000000018 0.057953645130690019 10.500000000000002 0.22601588008844101 0.15600501031782202 2.5000000000000004 -0.024191467063571833 0.27310752716245418 7.5000000000000009 0.19993722203127642
decision_type=2 2 2 2 2 2 2 2 2 2 2 2 2 2 2
left_child=1 4 3 -3 6 -6 -1 9 14 13 -11 -4 -10 -2 -9
right_child=7 2 11 -5 5 -7 -8 8 12 10 -12 -13 -14 -15 -16
leaf_value=0.00012382108014551322 0.0040402415926074102 0.0024397972935314167 0.019022204109681074 -0.016375392667748064 0.0040503606233714667 -0.0037835940861284103 -0.004840138994716245 0.030528860536809078 -0.0016399838563329848 0.0061079895519988645 -0.0048826834111568218 0.00060794768958028042 0.027996936748266803 0.014356657349455517 0.019193736377546747
leaf_weight=27259.000103753293 65.919298512861133 191.48011200688779 59.591588431037962 443.90416667237878 4800.5932068754919 1846.402236728929 3049.0686331242323 46.812663561664522 84.858805164694786 214.42946372088045 346.08043886348605 105.82761072088033 16.861290991306305 129.73807192966342 47.769712168723345
leaf_count=440627 3830 8426 1786 7277 93543 42356 66188 3393 6080 15319 20682 3570 1146 6511 3399
internal_value=-2.60489e-06 -0.000119945 -0.00699801 -0.0107052 2.91007e-05 0.00187424 -0.000375566 0.00464874 0.0136469 0.0023128 -0.000678076 0.00724161 0.00327268 0.0108809 0.024804
internal_weight=38708.3 37755.9 800.803 635.384 36955.1 6647 30308.1 952.47 196.302 756.167 560.51 165.419 101.72 195.657 94.5824
internal_count=724133 663773 21059 15703 642714 135899 506815 60360 14018 46342 36001 5356 7226 10341 6792
is_linear=0
shrinkage=0.03


Tree=119
num_leaves=16
num_cat=0
split_feature=6 7 7 7 9 7 7 7 4 4 3 7 7 7 7
split_gain=22.7064 21.3433 61.7834 86.3395 37.7717 52.1531 37.5928 23.6635 20.3381 22.0372 19.6147 9.612 7.23045 31.0972 11.7005
threshold=-0.031749380528809872 -0.035767208025836543 -0.0062517992278824366 -0.0012915516541090464 1.0000000180025095e-35 -0.051906436182399311 -0.085133075210050965 -0.029555797388904067 0.0047497070976159081 -0.10600071583792207 0.0026441616408622308 -0.13207312593805756 0.017628455480776076 -0.0012915516541090464 0.1128588955901615
decision_type=2 2 2 2 2 2 2 2 2 2 2 2 2 2 2
left_child=8 4 7 -4 5 -2 -6 -3 9 11 -11 -1 13 -10 -14
right_child=1 2 3 -5 6 -7 -8 -9 12 10 -12 -13 14 -15 -16
leaf_value=-0.0094209171485199975 0.011156130655531822 -0.0019091048335164609 0.01427780690400627 -0.00048779133737554049 -0.0075167308185079195 -0.0015661612887132423 0.00099077420566039782 -0.0070876317827729546 0.0050680626191910022 -0.00094511386658201072 0.0050527422815891242 0.0035162434093116857 0.0064867440804933204 -0.0097606937120907362 0.00094431111970778435
leaf_weight=53.056050912942737 708.32067099492997 1467.7516856146976 363.10442401235923 19331.291374515044 534.95357510540634 491.03016358753666 3704.9606629782356 1730.475174911553 466.83502814429812 5522.9484535704833 538.57002402842045 2002.5282324748114 1119.5480700125918 174.98724301392213 494.09399863798171
leaf_count=5521 9506 12977 8825 397845 15443 3748 36444 35139 7320 100898 10857 35147 25021 3338 16104
internal_value=-2.58028e-06 -0.000442244 -0.000843606 -0.000215559 0.001247 0.00594746 -8.26249e-05 -0.00471107 0.00119833 0.000498082 -0.0004122 0.00318233 0.00371842 0.00102513 0.00478966
internal_weight=38704.5 28331.9 22892.6 19694.4 5439.27 1199.35 4239.91 3198.23 10372.6 8117.1 6061.52 2055.58 2255.46 641.822 1613.64
internal_count=724133 519927 454786 406670 65141 13254 51887 48116 204206 152423 111755 40668 51783 10658 41125
is_linear=0
shrinkage=0.03


Tree=120
num_leaves=16
num_cat=0
split_feature=8 7 7 8 8 7 8 8 7 7 7 7 4 7 7
split_gain=22.9729 38.1258 71.1117 67.1781 66.0061 77.3544 42.7111 40.2994 28.5933 52.5067 99.1609 46.5413 10.1259 9.91339 9.25775
threshold=3.5000000000000004 0.029895573115959143 0.017628455480776076 4.5000000000000009 6.5000000000000009 0.069045075766231881 4.5000000000000009 6.5000000000000009 -0.10492534064802615 -0.085133075210050965 -0.07768934587081365 -0.13207312593805756 -0.013444738811371313 -0.2598207951683007 -0.095400077815925952
decision_type=2 2 2 2 2 2 2 2 2 2 2 2 2 2 2
left_child=8 2 3 -2 6 -6 -3 -4 11 14 -11 13 -13 -1 -10
right_child=1 4 7 -5 5 -7 -8 -9 9 10 -12 12 -14 -15 -16
leaf_value=-0.0019215574850602942 0.0043763413502381871 -0.0034507464810562146 0.011468018041278179 -0.0010793960541401817 -0.0033819657630516937 0.0013502569136103553 0.0042779154504195907 0.0035403714408175132 -0.0031071978432042026 0.024909855097055081 -0.0016109812123755905 0.020366653492908244 -0.0010088451482732695 -0.030042079408964903 -0.016626563522991349
leaf_weight=20.85753970593214 2824.6739858593792 798.11407560249791 818.23051941022277 7231.4782071351074 8118.7473944160156 5037.9770710370503 3322.7745278174989 1958.2930102231912 56.297031770925969 128.9399676322937 7959.2014900920913 137.18999999854714 23.338632084429264 24.578498167917132 239.61049972474575
leaf_count=2238 31623 24423 10652 118624 133584 127914 65806 27262 756 1149 174447 974 165 2984 1532
internal_value=-2.54812e-06 0.000387853 0.00162653 0.000453067 -0.000532151 -0.0015699 0.00278107 0.00587662 -0.00137101 -0.00164229 -0.00118819 0.00967199 0.017259 -0.0171333 -0.0140545
internal_weight=38700.3 30110.3 12832.7 10056.2 17277.6 13156.7 4120.89 2776.52 8590.01 8384.05 8088.14 205.965 160.529 45.436 295.908
internal_count=724133 539888 188161 150247 351727 261498 90229 37914 184245 177884 175596 6361 1139 5222 2288
is_linear=0
shrinkage=0.03


Tree=121
num_leaves=16
num_cat=0
split_feature=2 7 7 1 5 6 7 7 7 4 5 7 9 7 7
split_gain=22.3028 41.9983 18.3553 22.3249 16.6954 16.4146 19.6778 55.9767 37.5581 16.3413 12.8454 12.0056 10.7785 6.43314 5.78394
threshold=0.0049322976022047544 -0.06846028159537397 -0.072542947547819023 -0.0032334212048348225 1.0000000180025095e-35 -0.022500946855310507 -0.0098539250404769945 0.003044662043372615 -0.019949163701951208 0.0047497070976159081 4.9340108836986909 -0.085133075210050965 2.5000000000000004 -0.046996336770880436 -0.039637858455555113
decision_type=2 2 2 2 2 2 2 2 2 2 2 2 2 2 2
left_child=1 2 3 -1 14 6 8 -8 -2 -6 11 -7 -4 -12 -3
right_child=5 4 12 -5 9 10 7 -9 -10 -11 13 -13 -14 -15 -16
leaf_value=7.8385683962934198e-05 0.00044292723320127998 0.021804923712049215 0.0094605907186767289 0.013831290540659688 -0.0023135712225279838 -0.0046252932213954592 0.014203198875343021 0.0018841944895643566 -0.014484795834121302 -0.00026018759297216241 -0.017550778791375708 0.00028784187004949539 0.028178242532896872 -0.0042437427708637149 -0.015946176688453457
leaf_weight=345.69879927067086 2182.9211102754343 36.29338659811765 62.67406302317977 153.35235083429143 7197.9199380679056 460.90677239466459 355.45960432570428 5023.5717858981807 163.01893612602726 6767.7588442373089 36.385861539747566 15528.567809613422 49.601731781847775 322.47540466091596 4.0613898849114767
leaf_count=7566 31665 386 653 2700 119884 13620 8177 112157 5203 121600 474 293748 396 5818 86
internal_value=-2.53098e-06 -0.00092687 0.00677016 0.00430449 -0.00126283 0.00055873 0.00169834 0.00269826 -0.000594397 -0.0013185 2.02369e-05 0.000146218 0.0177298 -0.00559298 0.0180056
internal_weight=38690.7 14617.4 611.327 499.051 14006 24073.3 7724.97 5379.03 2345.94 13965.7 16348.3 15989.5 112.276 358.861 40.3548
internal_count=724133 253271 11315 10266 241956 470862 157202 120334 36868 241484 313660 307368 1049 6292 472
is_linear=0
shrinkage=0.03


Tree=122
num_leaves=16
num_cat=0
split_feature=7 7 7 8 8 8 7 7 8 8 8 7 8 8 3
split_gain=21.8937 41.4268 43.3643 35.6405 25.2781 20.7405 23.6726 19.9758 19.0088 17.0604 16.9098 12.8756 9.07906 4.84934 4.67666
threshold=0.1432593772157961 0.12709999512976214 0.11978236800920718 6.5000000000000009 2.5000000000000004 10.500000000000002 0.22601588008844101 0.15600501031782202 9.5000000000000018 6.5000000000000009 2.5000000000000004 0.27310752716245418 4.5000000000000009 7.5000000000000009 0.081396385764646043
decision_type=2 2 2 2 2 2 2 2 2 2 2 2 2 2 2
left_child=1 2 4 12 -1 7 14 13 -5 -4 -9 -8 -3 -2 -7
right_child=5 3 9 8 -6 6 11 10 -10 -11 -12 -13 -14 -15 -16
leaf_value=-0.0020467678450794119 0.0038436673475449037 -0.00062297836429435005 0.016459438620917668 -0.011166177849453682 0.00024060661075125226 0.026186960255275771 -0.0016389437233735333 0.005958625677208733 -0.0011028698252402642 0.0050190477117850792 -0.0047611631727762487 0.027035196081364312 0.010414727649552641 0.013825028208242064 0.0040055914340482897
leaf_weight=5063.2297657004092 66.000916805118322 175.58963071089238 148.76558753848076 664.80144150182605 30791.586801943835 85.251968984492123 84.856614976190031 214.73723455518484 226.48575561121106 554.89807924907655 345.54964576661587 16.900985253974795 108.52123506553471 130.27617012150586 9.5087945535778982
leaf_count=106015 3830 4979 3830 11107 512570 6111 6080 15319 6888 12256 20682 1146 6128 6511 681
internal_value=-2.47321e-06 -0.000115895 6.23402e-05 -0.00565957 -8.24045e-05 0.00448807 0.0131714 0.00223256 -0.00860898 0.00743773 -0.000652665 0.00312356 0.00359307 0.0104687 0.0239612
internal_weight=38687 37733.9 36558.5 1175.4 35854.8 953.082 196.518 756.564 891.287 703.664 560.287 101.758 284.111 196.277 94.7608
internal_count=724133 663773 634671 29102 618585 60360 14018 46342 17995 16086 36001 7226 11107 10341 6792
is_linear=0
shrinkage=0.03


Tree=123
num_leaves=16
num_cat=0
split_feature=4 8 8 8 8 8 8 9 2 5 3 9 5 3 4
split_gain=21.4063 26.0024 27.0911 34.2961 24.4733 22.9824 45.2719 18.6569 11.6463 10.4295 9.96071 9.0313 7.97468 6.12782 2.66029
threshold=-0.10600071583792207 3.5000000000000004 6.5000000000000009 7.5000000000000009 5.5000000000000009 1.5000000000000002 2.5000000000000004 1.0000000180025095e-35 0.018518518518518507 1.0000000180025095e-35 -0.013131783329022982 1.5000000000000002 0.49697196906766811 -0.033167260943376124 0.026584607043843248
decision_type=2 2 2 2 2 2 2 2 2 2 2 2 2 2 2
left_child=5 9 4 -4 -3 8 11 -8 13 14 -11 -7 -10 -1 -2
right_child=1 2 3 -5 -6 6 7 -9 12 10 -12 -13 -14 -15 -16
leaf_value=0.010983340785569288 0.022072356339092488 0.00029804253367970052 -0.0028762328018676971 0.00021846910091589478 0.0032020417983278093 -0.002645948233062188 0.0082719355145922362 0.0017534561154843862 -0.014522007790687443 -0.0034210054119639308 -0.001066426763113969 -0.011650099981055791 0.031133897920507001 -5.3189039391344368e-05 -0.0011116104764866896
leaf_weight=184.96607433212921 20.570067677646879 7250.4943351722322 4270.1066985297948 13142.036653176416 4082.3866821154952 182.97093046666123 525.52398138586432 1593.229751617182 3.8442136691883197 2488.1121244993992 4618.4474679518025 221.76937819621526 33.007028156658635 59.953493913635612 5.6857179850339881
leaf_count=2261 227 109073 64227 274702 59872 3332 9762 35726 44 51298 107619 4562 472 897 59
internal_value=-2.42935e-06 -0.000199765 0.000202548 -0.000540467 0.00134414 0.00252139 0.00161403 0.00337026 0.0106475 -0.00182107 -0.0018908 -0.00757959 0.0263712 0.00828173 0.0170518
internal_weight=38683.1 35877.8 28745 17412.1 11332.9 2805.26 2523.49 2118.75 281.771 7132.82 7106.56 404.74 36.8512 244.92 26.2558
internal_count=724133 667077 507874 338929 168945 57056 53382 45488 3674 159203 158917 7894 516 3158 286
is_linear=0
shrinkage=0.03


Tree=124
num_leaves=16
num_cat=0
split_feature=0 8 7 7 7 7 8 7 5 5 4 7 7 3 3
split_gain=21.9551 20.9706 39.2964 228.449 99.9004 34.065 273.497 35.2774 17.8544 8.85539 11.5289 8.09163 6.29471 3.54636 1.07898
threshold=0.013357532043479481 3.5000000000000004 -0.0062517992278824366 0.0015603159835408944 -0.019949163701951208 -0.048835999354398078 4.5000000000000009 -0.042708928635649061 1.0000000180025095e-35 0.33738659555612965 -0.00076377386542547654 0.056761320506184106 -0.039637858455555113 0.0091056933347172259 -0.031910264912820001
decision_type=2 2 2 2 2 2 2 2 2 2 2 2 2 2 2
left_child=8 2 4 -4 -2 6 -3 -7 12 10 -10 -11 13 -1 -14
right_child=1 5 3 -5 -6 7 -8 -9 9 11 -12 -13 14 -15 -16
leaf_value=0.027017744207199629 -0.0015488779267078712 0.018967492226129475 0.022925136941958166 -0.0013142028506721636 -0.016321554933715628 -0.0068684638528276462 -0.0017133879109536348 0.00038670659917691968 -0.0040264460753821158 -0.0025254505806566806 0.0073032641113657051 -0.0065597358849726877 -0.051557336674651566 0.0059092424077833395 -0.011346273481282632
leaf_weight=25.724436183925718 3026.8985006667208 773.457555023022 380.4434006572701 4364.1496233998332 476.90692381327972 618.44561343500391 2248.8136401004158 24428.894464974292 167.03776437905617 1320.0170744287316 156.63185126753524 676.90321431588382 0.74125879816710982 9.9277328476309759 3.1643281527794889
leaf_count=288 40344 10822 9406 116082 10527 5469 39616 451086 3234 19099 3175 14804 8 98 75
internal_value=-2.3875e-06 0.000179819 -0.00115002 0.000629419 -0.0035596 0.000570599 0.00357925 0.000207569 -0.00280619 -0.00314687 0.00145629 -0.00389297 0.017179 0.0211399 -0.0189781
internal_weight=38678.2 36318 8248.4 4744.59 3503.81 28069.6 3022.27 25047.3 2360.15 2320.59 323.67 1996.92 39.5578 35.6522 3.90559
internal_count=724133 683352 176359 125488 50871 506993 50438 456555 40781 40312 6409 33903 469 386 83
is_linear=0
shrinkage=0.03


Tree=125
num_leaves=16
num_cat=0
split_feature=6 7 7 7 4 4 0 7 8 7 3 8 8 7 7
split_gain=21.0501 20.4564 51.6052 96.7343 37.1552 18.5343 20.6355 17.4886 61.9939 32.931 16.7465 16.5801 14.3893 12.6153 8.81061
threshold=-0.031749380528809872 0.081932593887314678 0.041437692208296968 0.038763989774755377 0.026584607043843248 0.0047497070976159081 0.034334006860774931 0.09067716549382944 8.5000000000000018 0.097272491286520615 -0.010154690166868206 5.5000000000000009 1.5000000000000002 0.12709999512976214 0.017628455480776076
decision_type=2 2 2 2 2 2 2 2 2 2 2 2 2 2 2
left_child=5 2 3 -2 -4 6 10 8 -3 -9 -1 14 -8 -13 -7
right_child=1 7 4 -5 -6 11 12 9 -10 -11 -12 13 -14 -15 -16
leaf_value=-0.0016267885357753387 -0.00041853211135236754 0.011377470360948766 -0.0053525586757094496 0.010617422707425989 -0.00084512191555026397 -0.0033105303340762293 0.0081257513173839477 -0.0064533458389905256 -0.0086089055537486078 0.0014861494917093267 0.0023775246726027619 0.00662148884905445 0.0017050156436230566 -0.00082441135634734241 0.0031263816810987665
leaf_weight=3908.2515607171226 15604.996538000414 492.5507712000981 3233.4762165416032 749.14774678228423 3352.2477152235806 375.60864272667095 357.18201611284167 530.36057328013703 194.96383326500654 4143.3609725618735 1237.6225048757624 1247.4400923950598 2606.3396190989297 245.0106311365962 390.18335097306408
leaf_count=67207 235280 8363 58718 13910 72659 4415 5494 10348 6026 114623 24053 26815 55669 8336 12217
internal_value=-2.37588e-06 -0.000426026 -0.000815942 8.7001e-05 -0.0030582 0.00115408 0.000484722 0.00124236 0.00570978 0.000585198 -0.00066372 0.00355777 0.00247888 0.00539912 -3.082e-05
internal_weight=38668.7 28301.1 22939.9 16354.1 6585.72 10367.6 8109.4 5361.24 687.515 4673.72 5145.87 2258.24 2963.52 1492.45 765.792
internal_count=724133 519927 380567 249190 131377 204206 152423 139360 14389 124971 91260 51783 61163 35151 16632
is_linear=0
shrinkage=0.03


Tree=126
num_leaves=16
num_cat=0
split_feature=2 7 7 1 7 7 4 6 7 7 7 5 7 9 7
split_gain=20.4938 35.5392 17.7101 18.1846 15.5578 38.7316 35.0376 15.3837 18.2093 46.9068 44.5237 12.0364 10.9531 9.62021 6.14642
threshold=0.004832156441232552 -0.06846028159537397 -0.072542947547819023 -0.0032334212048348225 0.031687572360453949 -0.0098539250404769945 0.011850907556822389 -0.022500946855310507 -0.01174798467584187 0.003044662043372615 -0.019949163701951208 4.9340108836986909 -0.085133075210050965 2.5000000000000004 -0.046996336770880436
decision_type=2 2 2 2 2 2 2 2 2 2 2 2 2 2 2
left_child=1 2 3 -1 5 -3 -6 8 10 -10 -2 12 -9 -4 -13
right_child=7 4 13 -5 6 -7 -8 11 9 -11 -12 14 -14 -15 -16
leaf_value=2.6443969480325897e-05 0.00042431786689657781 -0.0023613472267743135 0.0093317081107996361 0.012684313327668745 -0.004157058438587039 0.0023727422723306708 -4.6170055673660689e-05 -0.0044048618841233834 0.012575024948797161 0.0017986653773655575 -0.017421972359646137 -0.017146456182982543 0.00026313572324755891 0.027287290759677663 -0.0041099410969520529
leaf_weight=340.85951417172328 2206.5580548099242 3270.3092676184606 61.342787967063487 145.85617838613689 3802.415247709956 2966.0420091219712 3664.0494753709063 465.80598570313305 391.45394324418157 5095.2095785215497 133.42448241729289 36.197498328518122 15715.948606471065 47.767093588132411 322.95570456190035
leaf_count=7465 31954 36230 644 2600 73287 49862 77582 13715 9666 113548 3861 474 297026 384 5835
internal_value=-2.35954e-06 -0.000903984 0.00626856 0.00381968 -0.00121586 -0.000109789 -0.0021397 0.000526705 0.00162252 0.00256752 -0.000593268 8.19959e-06 0.000128763 0.0171925 -0.00542384
internal_weight=38666.2 14298.6 595.826 486.716 13702.8 6236.35 7466.46 24367.6 7826.65 5486.66 2339.98 16540.9 16181.8 109.11 359.153
internal_count=724133 248054 11093 10065 236961 86092 150869 476079 159029 123214 35815 317050 310741 1028 6309
is_linear=0
shrinkage=0.03


Tree=127
num_leaves=16
num_cat=0
split_feature=7 7 7 7 9 7 7 4 5 2 4 1 9 1 2
split_gain=20.3395 39.404 27.5906 89.8896 19.0667 17.5887 11.1092 9.23278 3.50164 2.57712 2.1634 2.07516 0.594168 0.344677 0.326789
threshold=0.1432593772157961 0.13139707541054871 0.069045075766231881 0.062249183489029976 1.0000000180025095e-35 0.29433303104773184 0.14851237330683334 0.17607700466939372 0.36505088364982702 0.023170737101274118 0.026584607043843248 -0.0002252389718820479 1.0000000180025095e-35 -0.025360433999957587 0.021559366858051512
decision_type=2 2 2 2 2 2 2 2 2 2 2 2 2 2 2
left_child=1 2 3 -1 -4 6 11 -8 10 -10 -3 -2 14 -14 -7
right_child=5 8 4 -5 -6 12 7 -9 9 -11 -12 -13 13 -15 -16
leaf_value=1.3086794853537979e-05 0.023686224626774537 -0.0083348350239052602 -0.0014435278234179413 -0.0074258579298339235 0.0024563996391743464 -0.012223042625454516 0.0053296229768063207 -0.0037948381725971337 -0.0068757863565239033 -0.013368346567870665 0.0017795539987360686 0.011201521950335558 -0.011856181583778916 -0.027797800028119136 -0.040123443227869419
leaf_weight=28173.510808710242 29.94966705981642 26.967215925455093 1400.9395468495786 1541.9511480224319 5796.3414172185585 4.6376265790313509 768.89304755348712 114.69497324433178 644.90357696823776 60.155519277788699 64.686498516239226 19.973076564259827 1.339440934360028 13.762972546741363 0.41133444663137186
leaf_count=461278 1573 895 28595 33475 119366 352 48658 7495 16939 1576 1649 1102 101 1048 31
internal_value=-2.31986e-06 -0.000111745 3.07272e-05 -0.000372924 0.00169728 0.00432452 0.00492312 0.00414521 -0.00671265 -0.00742973 -0.0011964 0.0186913 -0.0234054 -0.0263839 -0.0144961
internal_weight=38663.1 37709.5 36912.7 29715.5 7197.28 953.662 933.511 883.588 796.713 705.059 91.6537 49.9227 20.1514 15.1024 5.04896
internal_count=724133 663773 642714 494753 147961 60360 58828 56153 21059 18515 2544 2675 1532 1149 383
is_linear=0
shrinkage=0.03


Tree=128
num_leaves=16
num_cat=0
split_feature=0 7 7 9 9 7 7 7 5 5 4 7 7 3 3
split_gain=19.929 18.0869 55.5712 50.7344 38.4761 34.9645 75.3987 43.445 16.9858 8.37133 10.6711 7.4729 5.99179 3.44773 1.02818
threshold=0.013357532043479481 -0.06846028159537397 -0.072542947547819023 1.5000000000000002 2.5000000000000004 -0.057557787670057974 -0.060144056962332708 -0.051906436182399311 1.0000000180025095e-35 0.33738659555612965 -0.00076377386542547654 0.056761320506184106 -0.039637858455555113 -0.0047111675743102812 -0.031910264912820001
decision_type=2 2 2 2 2 2 2 2 2 2 2 2 2 2 2
left_child=8 2 3 -2 -4 6 -3 -7 12 10 -10 -11 13 -1 -14
right_child=1 5 4 -5 -6 7 -8 -9 9 11 -12 -13 14 -15 -16
leaf_value=0.030392400833274307 0.0057538952029800965 -0.0014881647407149073 0.0058584436453907457 -0.0049242669673019218 0.027400604496305856 0.0067459602318687461 -0.020022916804260757 2.9260464186736183e-05 -0.0038259104216458255 -0.0024218506058833449 0.007075966272042605 -0.006306055515652313 -0.050421829417495116 0.01163827675215238 -0.01099864071585813
leaf_weight=17.246480369009078 857.89859074447304 1170.0771580915898 182.54132301360369 751.01481012441218 126.21419807104394 890.75977204926312 237.64934036787599 32090.747361163376 166.43295293720439 1317.6463138635736 157.06736437231302 673.7200636016205 0.73395597189664874 18.061597555875778 3.15391448047012
leaf_count=196 16414 11895 1875 22695 1088 8918 2989 617478 3234 19099 3175 14804 8 190 75
internal_value=-2.28155e-06 0.000171156 0.00300668 0.000769501 0.0146645 1.30366e-05 -0.00461716 0.000210664 -0.00267722 -0.00300882 0.00146722 -0.00373596 0.0169066 0.0207989 -0.018441
internal_weight=38661 36306.9 1917.67 1608.91 308.756 34389.2 1407.73 32981.5 2354.06 2314.87 323.5 1991.37 39.1959 35.3081 3.88787
internal_count=724133 683352 42072 39109 2963 641280 14884 626396 40781 40312 6409 33903 469 386 83
is_linear=0
shrinkage=0.03


Tree=129
num_leaves=16
num_cat=0
split_feature=6 7 8 8 7 7 8 4 4 7 8 8 8 7 7
split_gain=19.4881 19.764 76.9656 69.4108 45.052 64.4122 27.3198 18.8228 22.4392 24.118 22.6714 18.7021 21.0955 11.3567 8.84298
threshold=-0.022500946855310507 -0.035767208025836543 6.5000000000000009 4.5000000000000009 -0.0062517992278824366 -0.0012915516541090464 8.5000000000000018 0.0047497070976159081 -0.089731182473319501 -0.0090543351508688402 1.5000000000000002 9.5000000000000018 8.5000000000000018 -0.038300839274713665 0.09563625492784357
decision_type=2 2 2 2 2 2 2 2 2 2 2 2 2 2 2
left_child=7 2 3 -2 6 -6 -3 8 10 -10 -1 12 -9 -4 -13
right_child=1 4 13 -5 5 -7 -8 11 9 -11 -12 14 -14 -15 -16
leaf_value=0.0095832746785633957 0.0035226108571651906 -0.0050180052649478101 0.018344282862131137 -0.0038473854091882246 0.012959806070140835 -0.00056559763619372903 0.0081105031006720001 0.0027752210369265088 -0.0036255472095727591 0.0004249333027130094 0.0015104375130108004 0.0050558571855344667 -0.0062114928051411108 0.0067647473937690033 0.012597684859561784
leaf_weight=355.17802508105524 2541.7208053693175 2768.2714567219373 242.55195421003737 2100.5922527918592 322.72439906420186 17532.241928089177 150.40631616767496 2215.6177449254319 1800.6617404669523 4987.8167964182794 2642.0856546880677 407.58035331498832 262.99277059314772 111.16271257633343 213.06957643385977
leaf_count=4692 25927 34571 6494 26866 7954 362085 9420 45340 21445 102296 52407 9716 6244 741 7935
internal_value=-2.23161e-06 -0.000478545 0.00121559 0.000187774 -0.000885982 -0.000321129 -0.00434146 0.000950383 0.000305095 -0.000649467 0.00246707 0.00298784 0.00182169 0.0147052 0.00764497
internal_weight=38654.7 25769.7 4996.03 4642.31 20773.6 17855 2918.68 12885 9785.74 6788.48 2997.26 3099.26 2478.61 353.715 620.65
internal_count=724133 474058 60028 52793 414030 370039 43991 250075 180840 123741 57099 69235 51584 7235 17651
is_linear=0
shrinkage=0.03


Tree=130
num_leaves=16
num_cat=0
split_feature=2 7 7 4 7 7 7 7 7 7 7 7 7 7 0
split_gain=19.2256 19.2074 46.7614 19.5192 17.7367 18.3167 21.1676 20.7728 17.334 39.2824 37.7968 17.2477 20.9467 15.6449 7.63557
threshold=0.0028318668507111792 0.069045075766231881 0.057953645130690019 -0.019067864322936886 0.042261124990351624 0.038763989774755377 0.036430246138869367 0.04105139762135069 0.09067716549382944 0.097272491286520615 0.089628087276729232 0.069045075766231881 0.061460946458259398 0.051745477757062626 0.068898272777269398
decision_type=2 2 2 2 2 2 2 2 2 2 2 2 2 2 2
left_child=4 2 13 -4 5 6 -1 -7 10 -10 -3 12 -6 -2 -13
right_child=1 8 3 -5 11 7 -8 -9 9 -11 -12 14 -14 -15 -16
leaf_value=-0.00019552842445069189 0.00012058998072189014 0.0031224307694952885 -0.0094621681534868517 -0.0026752263114289427 -0.0032195471213443891 0.01362291565005155 -0.010670826638467273 -0.00081344014917959751 -0.0065813306132789656 0.0017240593095966367 0.021513903327299345 -0.0011757354088295215 -0.011053098131393525 0.0035679949536274172 0.011245284307275741
leaf_weight=4216.7181691832375 20139.786555981729 1817.6740555679426 537.81200850987807 1311.1630635247566 1294.7534485501237 179.84937773132697 181.06775425327942 178.97664593253285 575.91843617195264 4656.7467054408044 106.4593120822683 1747.4629721110687 402.78542923741043 1258.8129145670682 45.707021367270499
leaf_count=62852 325425 39473 11079 31384 22511 3378 2469 2085 11257 132036 2148 43223 7762 25808 1243
internal_value=-2.21396e-06 0.000346256 -7.21121e-05 -0.00464935 -0.00128687 -9.50561e-05 -0.000626822 0.00642229 0.00170525 0.00080995 0.00414 -0.0029109 -0.00507826 0.00032339 -0.00085913
internal_weight=38651.7 30404.4 23247.6 1848.98 8247.32 4756.61 4397.79 358.826 7156.8 5232.67 1924.13 3490.71 1697.54 21398.6 1793.17
internal_count=724133 578610 393696 42463 145523 70784 65321 5463 184914 143293 41621 74739 30273 351233 44466
is_linear=0
shrinkage=0.03


Tree=131
num_leaves=16
num_cat=0
split_feature=8 7 8 8 8 7 9 8 7 7 8 8 7 9 7
split_gain=20.2127 33.839 70.4442 161.159 57.3983 66.689 52.4978 39.5385 26.5974 102.832 99.1305 47.2103 43.2076 46.2304 11.8907
threshold=3.5000000000000004 0.029895573115959143 11.500000000000002 8.5000000000000018 6.5000000000000009 0.069045075766231881 1.0000000180025095e-35 4.5000000000000009 0.054407907505941495 0.099369190121537901 2.5000000000000004 2.5000000000000004 0.044556996979830406 1.5000000000000002 0.047311704385581417
decision_type=2 2 2 2 2 2 2 2 2 2 2 2 2 2 2
left_child=8 2 3 -2 7 -6 -4 -3 12 11 -11 -10 13 -1 -14
right_child=1 4 6 -5 5 -7 -8 -9 9 10 -12 -13 14 -15 -16
leaf_value=0.0013578323525705333 0.00062411730793707947 -0.0034163221620260925 0.0059826400001263425 0.010728144182876351 -0.0031613402967402083 0.0012347234174266729 -0.016282788166139626 0.004019822686540931 0.0037883756904045635 0.0011972052284429937 -0.018984789865709728 0.019742230767668241 -0.020863210315968377 -0.0038529371999216269 -0.008725331431008192
leaf_weight=2653.0006165599916 10724.109987097792 797.7218301477842 133.50679776864126 1637.6709755661432 8089.4673938234337 5041.2274936982431 333.085791004356 3329.2656239704229 353.70737383328378 1013.4624349214137 279.4326382689178 316.14033064665273 111.45340441074222 3627.8239373522811 208.56906757969409
leaf_count=46346 136118 24423 3305 40354 133584 127914 8384 65806 11769 29873 10724 5287 2643 70120 7483
internal_value=-2.19245e-06 0.000363829 0.00153078 0.00196268 -0.000503617 -0.00147357 -0.00991195 0.00258246 -0.00128812 0.00177794 -0.00316472 0.0113179 -0.0021998 -0.00165192 -0.0129526
internal_weight=38649.6 30086.1 12828.4 12361.8 17257.7 13130.7 466.593 4126.99 8563.59 1962.74 1292.9 669.848 6600.85 6280.82 320.022
internal_count=724133 539888 188161 176472 351727 261498 11689 90229 184245 57653 40597 17056 126592 116466 10126
is_linear=0
shrinkage=0.03


Tree=132
num_leaves=16
num_cat=0
split_feature=8 7 8 8 8 7 9 8 7 7 7 7 7 7 6
split_gain=19.0379 31.8267 66.4271 151.074 54.0035 62.8391 49.7105 37.1699 25.6209 48.8744 91.4996 43.4475 9.44429 9.04217 5.90023
threshold=3.5000000000000004 0.029895573115959143 11.500000000000002 8.5000000000000018 6.5000000000000009 0.069045075766231881 1.0000000180025095e-35 4.5000000000000009 -0.10492534064802615 -0.085133075210050965 -0.07768934587081365 -0.13207312593805756 -0.2598207951683007 -0.095400077815925952 -0.020828856186309693
decision_type=2 2 2 2 2 2 2 2 2 2 2 2 2 2 2
left_child=8 2 3 -2 7 -6 -4 -3 11 13 -11 12 -1 -10 -13
right_child=1 4 6 -5 5 -7 -8 -9 9 10 -12 14 -14 -15 -16
leaf_value=-0.0019401023432466698 0.00060529425199111952 -0.003316510620392833 0.0057931838251264389 0.010375678730338402 -0.0030706600936345231 0.0011971595737765683 -0.015875746286236583 0.0038950330696493796 -0.0026910302221931823 0.023995670453549899 -0.0014785760152183178 0.023790979845661926 -0.029476592412060257 -0.016113373685167579 0.011967529929783869
leaf_weight=20.813317412510514 10725.847088615876 797.08746928162873 133.73320800671354 1642.4301383642014 8078.6747198076919 5043.3926185844466 331.40289008570835 3332.7965221079066 55.820292589720339 128.9634323567152 7928.0567846507765 62.197000672109425 24.294150596950203 236.76935417205095 97.584163072519004
leaf_count=2238 136118 24423 3305 40354 133584 127914 8384 65806 756 1149 174447 447 2984 1532 692
internal_value=-2.2303e-06 0.000352855 0.00148418 0.00190274 -0.000488717 -0.00143035 -0.00964562 0.00250317 -0.00125103 -0.00150822 -0.00107083 0.0092298 -0.0167708 -0.0135527 0.01657
internal_weight=38639.9 30085.4 12833.4 12368.3 17252 13122.1 465.136 4129.88 8554.5 8349.61 8057.02 204.889 45.1075 292.59 159.781
internal_count=724133 539888 188161 176472 351727 261498 11689 90229 184245 177884 175596 6361 5222 2288 1139
is_linear=0
shrinkage=0.03


Tree=133
num_leaves=16
num_cat=0
split_feature=7 7 7 0 9 7 4 7 9 7 7 1 9 3 1
split_gain=18.7061 38.9554 38.0597 21.5726 17.3307 16.6269 10.2875 9.63158 8.47781 18.9977 9.04261 1.37298 0.573039 0.343982 0.332747
threshold=0.1432593772157961 0.12709999512976214 0.11978236800920718 0.028104590839699423 1.5000000000000002 0.29433303104773184 0.17607700466939372 0.14851237330683334 1.5000000000000002 0.13610602155690646 0.13610602155690646 -0.0035499910718308153 1.0000000180025095e-35 0.026522593661434283 -0.025360433999957587
decision_type=2 2 2 2 2 2 2 2 2 2 2 2 2 2 2
left_child=1 2 3 -1 -4 6 7 -2 10 -10 -3 -8 13 -7 -14
right_child=5 8 4 -5 -6 12 11 -9 9 -11 -12 -13 14 -15 -16
leaf_value=-0.0007858816974067581 0.019202472009349523 -0.0099321173979482411 0.014249564339067348 0.00068762824061454719 0.0039318112311941319 -0.0067816515890172279 -0.0074967832018650871 0.0051230865402066023 0.001296316621122129 -0.009246581887452197 0.00069811817789102847 -0.00090184993975156501 -0.011574001493067847 -0.022509981399224041 -0.027271884446091587
leaf_weight=18419.489762980025 46.362853625789285 454.90010109916329 207.41407820954919 17379.087632019306 499.03130622487515 2.6666558077558902 47.370569856837392 769.84102463722229 366.34063679818064 265.1643927199766 85.566448986530304 70.984807468019426 1.3342470154166228 2.3580909995362163 13.628874619491395
leaf_count=298996 2474 9958 3830 319589 12256 203 3083 48658 8803 6511 3830 4613 101 180 1048
internal_value=-2.22827e-06 -0.000107304 6.55381e-05 -7.05388e-05 0.00696113 0.00414522 0.00472426 0.00592284 -0.00549105 -0.00313057 -0.00824914 -0.00354141 -0.0229285 -0.0141629 -0.0258721
internal_weight=38631.5 37677 36505 35798.6 706.445 954.547 934.559 816.204 1171.97 631.505 540.467 118.355 19.9879 5.02475 14.9631
internal_count=724133 663773 634671 618585 16086 60360 58828 51132 29102 15314 13788 7696 1532 383 1149
is_linear=0
shrinkage=0.03


Tree=134
num_leaves=16
num_cat=0
split_feature=4 4 7 3 7 7 7 7 7 7 9 7 1 7 3
split_gain=18.0212 21.96 34.6905 77.3858 60.6845 24.5779 64.6737 29.9451 16.9566 18.4827 29.4836 12.0379 6.64939 7.36086 1.21265
threshold=-0.10600071583792207 0.0039174061843271222 -0.046996336770880436 -0.0023411370551525419 -0.0098539250404769945 0.015271954688652391 -0.031619459460230585 0.029895573115959143 -0.13207312593805756 -0.10492534064802615 2.5000000000000004 -0.038300839274713665 -0.036493315495601149 -0.2598207951683007 -0.098815507276427669
decision_type=2 2 2 2 2 2 2 2 2 2 2 2 2 2 2
left_child=8 2 3 -2 -4 6 -3 -7 12 10 -10 -11 14 -14 -1
right_child=1 5 4 -5 -6 7 -8 -9 9 11 -12 -13 13 -15 -16
leaf_value=-0.030609363443451651 -0.0017487244320896873 0.0016436872537074487 -0.0056148379396858804 0.0098151884217225135 -0.00059126541739675626 0.004781102097335373 -0.0044397027816598378 0.00064597122152761609 0.021311401952682097 -0.00039374929136809186 -0.02943563607268514 0.0038325782350802809 0.011607900285717829 -0.010733205184369411 -0.016996274039783488
leaf_weight=11.833490781020375 1441.9111463292502 3540.8914329982363 2699.4477570580784 815.3301459075883 10914.570528965909 1819.9336052320432 2829.7658894811757 11764.924770796206 88.514445361681283 961.50670499471016 11.661394167691467 1643.0411503983196 17.284358625300229 57.187346486840397 11.724233258981256
leaf_count=1296 16689 37271 36839 11619 214068 29150 51592 269849 801 12416 468 33081 1831 5957 1206
internal_value=-2.1854e-06 -0.000183421 -0.00101626 0.00242824 -0.00158736 0.00047896 -0.00105848 0.00119995 0.00231449 0.00275873 0.015404 0.00227237 -0.00994245 -0.00554799 -0.0238344
internal_weight=38629.5 35826.8 15871.3 2257.24 13614 19955.5 6370.66 13584.9 2802.75 2704.72 100.176 2604.55 98.0294 74.4717 23.5577
internal_count=724133 667077 279215 28308 250907 387862 88863 298999 57056 46766 1269 45497 10290 7788 2502
is_linear=0
shrinkage=0.03


Tree=135
num_leaves=16
num_cat=0
split_feature=6 7 8 8 7 7 8 4 4 8 7 8 8 7 7
split_gain=18.7741 17.4683 71.9682 65.9916 40.1019 62.1002 25.458 16.7111 20.4054 26.7835 23.9813 18.1018 19.8526 10.4581 7.58393
threshold=-0.022500946855310507 -0.035767208025836543 6.5000000000000009 4.5000000000000009 -0.0062517992278824366 -0.0012915516541090464 8.5000000000000018 0.0047497070976159081 -0.064211114993050974 1.5000000000000002 -0.0090543351508688402 9.5000000000000018 8.5000000000000018 -0.038300839274713665 0.09563625492784357
decision_type=2 2 2 2 2 2 2 2 2 2 2 2 2 2 2
left_child=7 2 3 -2 6 -6 -3 8 9 -1 -10 12 -9 -4 -13
right_child=1 4 13 -5 5 -7 -8 11 10 -11 -12 14 -14 -15 -16
leaf_value=0.0080716950655891611 0.003379104671490774 -0.0047761387958627343 0.017633290134128028 -0.0038082876199801688 0.012707685034557135 -0.00056130882794100054 0.007888190021164216 0.0026275066212969496 -0.0045272665551589824 0.00094279694203738286 0.00020544115421217881 0.0050282480059443647 -0.0060979998916477988 0.0065343137218836708 0.012002476816334113
leaf_weight=536.39462319226004 2541.1607562848367 2757.4414161483292 243.29873449238949 2099.6810684492812 323.295714748092 17520.743690417614 150.66282475506887 2218.0936561806593 1284.5546844433993 4098.0872758117039 3856.5682354432065 407.57147369999439 262.44963098270819 111.38624766794965 214.01329002343118
leaf_count=7649 25927 34571 6494 26866 7954 362085 9420 45340 14576 77925 80690 9716 6244 741 7935
internal_value=-2.15591e-06 -0.000469908 0.00112273 0.000127274 -0.000853294 -0.000320903 -0.00412003 0.000933064 0.000324282 0.0017679 -0.000977067 0.00285149 0.00170432 0.0141477 0.00742949
internal_weight=38625.4 25747.7 4995.53 4640.84 20752.1 17844 2908.1 12877.7 9775.6 4634.48 5141.12 3102.13 2480.54 354.685 621.585
internal_count=724133 474058 60028 52793 414030 370039 43991 250075 180840 85574 95266 69235 51584 7235 17651
is_linear=0
shrinkage=0.03


Tree=136
num_leaves=16
num_cat=0
split_feature=8 9 0 5 4 8 4 8 8 0 3 8 4 8 0
split_gain=18.5821 20.1804 25.0503 18.5385 17.8389 22.0642 36.0817 28.4949 16.5418 15.4167 13.7878 29.298 11.3171 8.59292 4.32533
threshold=3.5000000000000004 2.5000000000000004 0.035920855170257407 1.0000000180025095e-35 -0.071088128182406216 6.5000000000000009 0.011850907556822389 5.5000000000000009 4.5000000000000009 0.049468205006430864 -0.02333070214349375 1.5000000000000002 -0.093880226627798311 6.5000000000000009 0.052536200606539012
decision_type=2 2 2 2 2 2 2 2 2 2 2 2 2 2 2
left_child=1 2 3 -1 8 7 -7 -6 9 -2 11 -3 -4 -10 -12
right_child=4 10 12 -5 5 6 -8 -9 13 -11 14 -13 -14 -15 -16
leaf_value=0.020009059831643559 0.011243605949303653 0.001640238447625144 0.0055379443393922751 -0.002088790907646423 -1.4639233218891004e-05 -0.00213652510284572 0.00071321270626033392 0.0031973598752028233 -0.0014683652856068053 -0.0016256431646377596 -0.0014168351533880524 -0.009929997675697657 0.00090083320321220311 0.0025087247444118971 -0.0054600352903445186
leaf_weight=34.554502367973328 322.04928044043481 289.20429469016381 686.95626501436345 3053.7330091751646 6878.5078186197206 7457.4866123311222 8621.6433129776269 3892.4009504173882 632.08689728146419 113.23425686173141 2069.4891954374034 617.59051413089037 1525.6799204831477 2158.9245890928432 269.09148320974782
leaf_count=393 5349 5858 11682 65744 102178 131063 185048 56827 15286 3396 47362 13452 33044 40741 6710
internal_value=-2.13817e-06 -0.00123658 -9.59263e-05 -0.00184154 0.000348633 9.53693e-05 -0.000608493 0.00114612 0.00245636 0.00789581 -0.0030997 -0.0062399 0.00234052 0.00160802 -0.00188207
internal_weight=38622.6 8546.3 5300.92 3088.29 30076.3 26850 16079.1 10770.9 3226.3 435.284 3245.38 906.795 2212.64 2791.01 2338.58
internal_count=724133 184245 110863 66137 539888 475116 316111 159005 64772 8745 73382 19310 44726 56027 54072
is_linear=0
shrinkage=0.03


Tree=137
num_leaves=16
num_cat=0
split_feature=2 8 7 7 7 7 8 7 7 7 8 7 7 7 8
split_gain=17.6608 16.6358 31.6162 77.5759 30.4476 26.5874 207.271 27.8864 16.1781 17.773 20.8308 19.6649 14.5436 19.9176 12.7435
threshold=0.0028318668507111792 3.5000000000000004 0.055717178694082888 0.1069330752711657 -0.063584202246962915 -0.048835999354398078 4.5000000000000009 -0.042708928635649061 0.042261124990351624 0.038763989774755377 10.500000000000002 0.036430246138869367 0.069045075766231881 0.061460946458259398 10.500000000000002
decision_type=2 2 2 2 2 2 2 2 2 2 2 2 2 2 2
left_child=8 2 4 -4 -2 6 -3 -7 9 11 -11 -1 13 -10 -14
right_child=1 5 3 -5 -6 7 -8 -9 12 10 -12 -13 14 -15 -16
leaf_value=-0.00020568926924385478 0.0027846180116505885 0.01826675396936403 0.010601025435648144 -0.0029014397960049703 -0.0032034439720212077 -0.006554463473794409 -0.0014524211221225085 0.00053155687578367375 -0.002972452057476347 0.0014312672086486825 0.016999593271307695 -0.010330132656289617 -0.0019276073804118806 -0.010639454120244869 0.0053573795566731813
leaf_weight=4212.0229691041168 933.03957794373855 646.15518556442112 657.50476255314425 917.09512724261731 4223.9395791199058 512.24882147694007 1862.6730260758195 20631.026229321491 1289.1038420903496 246.24652502313256 112.7760594021529 180.04045747825876 1542.102536695078 399.44115921249613 251.33072792179883
leaf_count=62852 11566 8896 15669 30888 89674 4514 33451 383952 22511 3990 1473 2469 36022 7762 8444
internal_value=-2.10256e-06 0.000331861 -0.000983969 0.00273678 -0.00212004 0.000706357 0.0036263 0.00035988 -0.00123458 -9.61081e-05 0.00632158 -0.000620713 -0.00278799 -0.00478615 -0.000906693
internal_weight=38616.7 30383.7 6731.58 1574.6 5156.98 23652.1 2508.83 21143.3 8233.06 4751.09 359.023 4392.06 3481.98 1688.55 1793.43
internal_count=724133 578610 147797 46557 101240 430813 42347 388466 145523 70784 5463 65321 74739 30273 44466
is_linear=0
shrinkage=0.03


Tree=138
num_leaves=16
num_cat=0
split_feature=6 3 0 4 7 7 7 3 7 5 4 7 0 7 4
split_gain=17.9154 18.521 20.3125 15.899 21.4286 38.9854 19.1875 17.4174 18.8198 15.3372 13.5745 9.87494 4.9656 5.52626 3.87086
threshold=-0.022500946855310507 0.0026441616408622308 0.037178693877486783 0.13550084092836792 0.097272491286520615 0.041437692208296968 0.1069330752711657 0.020968214234052155 0.015271954688652391 2.4517221920138694 0.056055368446170768 0.12709999512976214 0.030178506033761248 -0.022355031390640875 -0.0023184076144254768
decision_type=2 2 2 2 2 2 2 2 2 2 2 2 2 2 2
left_child=1 2 10 4 5 -2 -6 11 -9 -4 -1 -5 13 -3 -14
right_child=3 12 9 7 6 -7 -8 8 -10 -11 -12 -13 14 -15 -16
leaf_value=-0.00065389814104734197 -0.00018063311168069107 0.0096423109402765123 0.0031529908473877477 0.0069234699829985357 0.0059091459659065268 -0.0030457606498302146 0.00027298289039500735 -0.0039270049046072489 0.0020300782420007426 -0.0037358039940164236 0.0045717246977727919 -0.0039245844284017438 0.0040474807146920564 0.0040829270955253551 -0.00059523764317498049
leaf_weight=7487.7388213840313 13508.980678767199 201.12972725415602 2935.0038280477747 638.03200146765448 721.88276634272188 6252.4885887783021 2201.3802158888429 671.11926484061405 1652.6762242941186 322.87088853796013 475.82430496602319 85.661429658532143 337.86136031406932 805.02437450457364 309.84531948016956
leaf_count=133608 205450 2459 62725 11773 12236 123157 67170 9377 41143 5913 11289 3752 7740 18174 8167
internal_value=-2.0741e-06 0.000911532 0.000474714 -0.000459203 -0.000732524 -0.00108715 0.0016648 0.00157532 0.000309654 0.00247028 -0.000341666 0.00563942 0.00387534 0.00519425 0.00182653
internal_weight=38607.5 12875.3 11221.4 25732.2 22684.7 19761.5 2923.26 3047.49 2323.8 3257.87 7963.56 723.693 1653.86 1006.15 647.707
internal_count=724133 250075 213535 474058 408013 328607 79406 66045 50520 68638 144897 15525 36540 20633 15907
is_linear=0
shrinkage=0.03


Tree=139
num_leaves=16
num_cat=0
split_feature=7 7 7 7 9 7 4 7 9 7 7 7 9 3 1
split_gain=17.2945 37.3809 35.1578 21.1626 16.1409 15.634 9.6793 8.99201 7.98751 17.8991 8.55284 1.30717 0.552647 0.329392 0.32035
threshold=0.1432593772157961 0.12709999512976214 0.11978236800920718 0.11736023493521898 1.5000000000000002 0.29433303104773184 0.17607700466939372 0.14851237330683334 1.5000000000000002 0.13610602155690646 0.13610602155690646 0.18654593018862611 1.0000000180025095e-35 0.026522593661434283 -0.025360433999957587
decision_type=2 2 2 2 2 2 2 2 2 2 2 2 2 2 2
left_child=1 2 3 -1 -4 6 7 -2 10 -10 -3 -8 13 -7 -14
right_child=5 8 4 -5 -6 12 11 -9 9 -11 -12 -13 14 -15 -16
leaf_value=1.4910526571413131e-05 0.018508407663921218 -0.0097060811721942069 0.013699426152129209 -0.0067330941225279004 0.0037607014281394084 -0.006544305208973685 -0.0073228959333548407 0.0049296371819787521 0.0011987953076443435 -0.0090416842065925915 0.0006332296450096965 -0.00089125652733616659 -0.011250400704269917 -0.021983292802202559 -0.026692540359418194
leaf_weight=35348.427185245557 46.541338524781168 453.33193119429052 208.39130596444011 423.28197259921581 499.7356125805527 2.6582997860386994 47.596540732309222 770.83654745854437 366.71744032856077 264.34777482505888 85.603195872157812 70.662695604376495 1.3282361496239907 2.3371756924316287 13.476823864504691
leaf_count=610542 2474 9958 3830 8043 12256 203 2648 48658 8803 6511 3830 5048 101 180 1048
internal_value=-2.04008e-06 -0.000103191 6.60985e-05 -6.49377e-05 0.00668552 0.00398391 0.00454217 0.00570281 -0.00538154 -0.00309085 -0.00806381 -0.00347984 -0.0223958 -0.0137676 -0.0253071
internal_weight=38605.3 37649.8 36479.8 35771.7 708.127 955.438 935.637 817.378 1170 631.065 538.935 118.259 19.8005 4.99548 14.8051
internal_count=724133 663773 634671 618585 16086 60360 58828 51132 29102 15314 13788 7696 1532 383 1149
is_linear=0
shrinkage=0.03


Tree=140
num_leaves=16
num_cat=0
split_feature=6 2 1 7 7 4 4 3 7 7 7 7 7 7 7
split_gain=16.9226 16.5932 15.6122 14.5334 21.6497 14.0242 15.0296 16.8833 12.2275 11.2751 9.0546 5.87243 28.953 10.9499 3.53647
threshold=-0.031749380528809872 0.003364683583302211 0.065097746192236475 0.081932593887314678 0.041437692208296968 0.0047497070976159081 -0.10600071583792207 0.0026441616408622308 0.09067716549382944 0.042261124990351624 -0.057557787670057974 0.017628455480776076 0.011471901414397247 0.1128588955901615 -0.060144056962332708
decision_type=2 2 2 2 2 2 2 2 2 2 2 2 2 2 2
left_child=5 2 9 4 -3 6 10 -8 -5 -2 -1 12 -7 -13 -4
right_child=1 3 14 8 -6 11 7 -9 -10 -11 -12 13 -14 -15 -16
leaf_value=-0.00089658863849959166 -0.0006951028397027861 0.00030316648648009151 -0.02326404296283436 0.0058502645353057893 -0.0020841022596353718 0.0034820413119635652 -0.00079952300146627015 0.0047641933753388328 0.00099645119759104311 -0.003149307089338858 0.0037779908963344422 0.0057165693274801041 -0.013842295181709595 0.00036647327043635742 0.032669239570492288
leaf_weight=489.34223927534185 4018.8401141504291 12410.78168234718 1.096071808133275 535.87356639234349 4718.9079536548816 539.68966263043694 5501.8257756829262 538.96045880252495 3639.9035411649384 2900.885861672461 1567.6109901880845 1127.1910337151494 103.46510423906147 495.70128959324211 14.165526331868019
leaf_count=11246 57262 193068 53 11088 98188 9286 100898 10857 98927 61024 29422 25021 1372 16104 317
internal_value=-2.00143e-06 -0.000382507 -0.00165711 3.23783e-05 -0.000354481 0.00103484 0.000451059 -0.000303127 0.00161934 -0.00172395 0.00266592 0.00312101 0.000695054 0.00408242 0.0286522
internal_weight=38604.2 28240.5 6934.99 21305.5 17129.7 10363.8 8097.74 6040.79 4175.78 6919.73 2056.95 2266.05 643.155 1622.89 15.2616
internal_count=724133 519927 118656 401271 291256 204206 152423 111755 110015 118286 40668 51783 10658 41125 370
is_linear=0
shrinkage=0.03


Tree=141
num_leaves=16
num_cat=0
split_feature=8 7 8 8 8 7 9 8 7 7 7 9 9 7 7
split_gain=17.2654 29.0073 63.4147 140.202 48.0953 61.6765 46.873 34.7533 25.6919 235.332 86.4088 82.541 70.6896 62.25 15.4262
threshold=3.5000000000000004 0.029895573115959143 11.500000000000002 8.5000000000000018 6.5000000000000009 0.038763989774755377 1.0000000180025095e-35 4.5000000000000009 -0.0053794305034632331 0.0015603159835408944 -0.019949163701951208 2.5000000000000004 1.5000000000000002 0.0064878370299188423 -0.016459737210191557
decision_type=2 2 2 2 2 2 2 2 2 2 2 2 2 2 2
left_child=8 2 3 -2 7 -6 -4 -3 10 12 11 -1 -10 -11 -12
right_child=1 4 6 -5 5 -7 -8 -9 9 13 14 -13 -14 -15 -16
leaf_value=0.0025601779580174894 0.0005723226398015724 -0.0032765204516770606 0.0054860736608864299 0.0099723221824336294 -0.0070777042591236182 -0.00061735333455474487 -0.015548989123325085 0.0036969691426361798 0.037753800048548405 -0.012116904673177879 -0.019865707668834925 -0.0075827828841460547 0.010855260045307772 -0.00043721990172929158 -0.0095298039898664873
leaf_weight=1943.3197968429886 10719.036914564203 796.71570065803826 134.07948991470039 1647.5339517402463 1502.2258074651472 11600.489174794871 329.98355568619445 3337.7564661358483 170.10139301465824 456.26173484232277 246.22722906735726 1149.012065871153 182.02520375675522 4112.3417884705123 275.21746713016182
leaf_count=24327 136118 24423 3305 40354 23193 238305 8384 65806 2958 7080 4544 17142 5510 114878 7806
internal_value=-1.96675e-06 0.000336052 0.00141608 0.00182464 -0.000467871 -0.00135803 -0.00947143 0.00235317 -0.00119284 0.000217737 -0.00311356 -0.00120862 0.0238491 -0.00160366 -0.0144104
internal_weight=38602.3 30067.8 12830.6 12366.6 17237.2 13102.7 464.063 4134.47 8534.51 4920.73 3613.78 3092.33 352.127 4568.6 521.445
internal_count=724133 539888 188161 176472 351727 261498 11689 90229 184245 130426 53819 41469 8468 121958 12350
is_linear=0
shrinkage=0.03


Tree=142
num_leaves=16
num_cat=0
split_feature=0 8 7 7 7 7 8 7 5 8 7 7 7 7 8
split_gain=16.5788 16.972 33.7768 217.849 79.124 28.1803 109.706 42.1934 14.9387 9.23773 33.444 8.47472 8.27203 5.01083 4.67335
threshold=0.013357532043479481 3.5000000000000004 -0.0053794305034632331 0.0015603159835408944 -0.019949163701951208 -0.037040774722581486 4.5000000000000009 -0.0098539250404769945 0.32529860464757571 10.500000000000002 0.057953645130690019 -0.032237599897097229 -0.057557787670057974 -0.030250731215535617 2.5000000000000004
decision_type=2 2 2 2 2 2 2 2 2 2 2 2 2 2 2
left_child=8 2 4 -4 -2 6 -3 -7 11 14 -11 12 -1 -13 -10
right_child=1 5 3 -5 -6 7 -8 -9 9 10 -12 13 -14 -15 -16
leaf_value=-0.01679594488186124 -0.0014263098259676662 0.0091793779375066165 0.023469183301808378 -0.0012066082277933103 -0.014271404310237422 -0.0033934382217913205 -0.00050984665139585576 0.00054518256972960232 -0.008987086291388861 0.0074242957354309002 -0.0093012407530400579 -0.030938480911158226 0.017620059964295449 0.0016981539253172943 -0.0039038570345869498
leaf_weight=7.1209032712504259 3009.0136782298796 1546.7701538233086 347.74927382776514 4348.5958554944955 503.86616360326298 2781.1765707097948 3285.9092768011615 20429.429414869286 184.48356405412778 256.53100973018445 185.33070747274905 4.3021782892756155 53.570852627512068 266.81263971165754 1383.4033341584727
leaf_count=257 40344 14942 8030 116082 11903 36513 49476 406062 4866 3730 3765 36 561 5499 22067
internal_value=-2.04032e-06 0.000155983 -0.00104374 0.000620555 -0.00326873 0.000507184 0.00259133 7.32432e-05 -0.00244859 -0.00342223 0.000409079 0.00344871 0.0135821 0.00118026 -0.00450197
internal_weight=38594.1 36252.5 8209.22 4696.35 3512.88 28043.3 4832.68 23210.6 2341.56 2009.75 441.862 331.807 60.6918 271.115 1567.89
internal_count=724133 683352 176359 124112 52247 506993 64418 442575 40781 34428 7495 6353 818 5535 26933
is_linear=0
shrinkage=0.03


Tree=143
num_leaves=16
num_cat=0
split_feature=7 7 8 7 7 8 7 8 7 8 8 7 8 4 8
split_gain=16.2722 35.2163 33.4327 32.917 19.9119 18.0219 22.1576 17.0109 16.3347 16.8177 15.7598 11.9458 7.47561 5.12962 4.57591
threshold=0.1432593772157961 0.12709999512976214 6.5000000000000009 0.11978236800920718 0.11736023493521898 10.500000000000002 0.22601588008844101 9.5000000000000018 0.15600501031782202 2.5000000000000004 6.5000000000000009 0.27310752716245418 2.5000000000000004 0.066559863386239884 7.5000000000000009
decision_type=2 2 2 2 2 2 2 2 2 2 2 2 2 2 2
left_child=1 3 12 4 -1 8 13 -4 14 -10 -5 -8 -3 -7 -2
right_child=5 2 7 10 -6 6 11 -9 9 -11 -12 -13 -14 -15 -16
leaf_value=1.4376267008537199e-05 0.0027500068922060939 -0.0014843682080766347 -0.010542920688599508 0.015096858749683952 -0.0065395307992524611 0.028969359849146958 -0.002328801295130765 -0.0010056648934083398 0.0057369948711750102 -0.0049461580398368595 0.0041472686075930696 0.025245888647701411 0.0082861794507848776 0.015005153414380485 0.012410393297768735
leaf_weight=35330.966948477086 66.388125561177731 131.81192979961634 657.9427191792056 150.02959585003555 422.1948660435155 50.125730170868337 85.218540894798934 226.17535683792084 215.06086520384997 345.96594099514186 559.43836730159819 16.952277981676161 151.46144278813154 44.866583804599941 131.62180063314736
leaf_count=610542 3830 2298 11107 3830 8043 3591 6080 6888 15319 20682 12256 1146 8809 3201 6511
internal_value=-2.05052e-06 -0.000100256 -0.00522936 6.39583e-05 -6.30162e-05 0.00386269 0.0119437 -0.0081031 0.00176361 -0.000850938 0.00646275 0.00224642 0.00373978 0.0223738 0.00917149
internal_weight=38586.2 37630 1167.39 36462.6 35753.2 956.2 197.163 884.118 759.037 561.027 709.468 102.171 283.273 94.9923 198.01
internal_count=724133 663773 29102 634671 618585 60360 14018 17995 46342 36001 16086 7226 11107 6792 10341
is_linear=0
shrinkage=0.03


Tree=144
num_leaves=16
num_cat=0
split_feature=6 3 8 0 8 7 7 8 7 8 7 7 4 8 7
split_gain=16.151 16.9023 20.3653 18.7888 16.4587 46.5229 55.9523 45.5845 58.6035 28.3758 21.0707 14.1708 13.31 12.4736 8.41811
threshold=-0.022500946855310507 0.0026441616408622308 10.500000000000002 0.04280297728850186 11.500000000000002 0.04105139762135069 0.047945214177757219 10.500000000000002 0.057953645130690019 8.5000000000000018 0.036430246138869367 0.031687572360453949 0.056055368446170768 5.5000000000000009 -0.020748755122786285
decision_type=2 2 2 2 2 2 2 2 2 2 2 2 2 2 2
left_child=1 3 14 12 7 10 -7 9 -9 -2 -6 -4 -1 -5 -3
right_child=4 2 11 13 5 6 -8 8 -10 -11 -12 -13 -14 -15 -16
leaf_value=-0.00046762056292883747 -0.00011046004048811782 0.0060827346621680559 0.026894448262386461 0.00090597066346963608 -0.0069967150321018383 0.0088094883040566122 -0.0039252382688645228 0.009236392868858757 -0.0020422534628491648 -0.0030648240188617727 -0.020411321742365797 0.0082552021548855953 0.0043451209542623315 0.0053812834871070836 0.00087820400494019587
leaf_weight=8394.2449391654227 18457.657679575728 384.87154972599819 44.835798968095332 1268.5060211413074 386.43924318347126 431.2488828189671 1109.1131621380337 990.55992765165865 713.10998162580654 3477.1090697499458 144.8941316884011 202.54310730891302 551.1298168124631 1004.2793169086799 1023.5634518156294
leaf_count=150743 322077 6391 1135 26566 9241 4629 26929 19433 18260 71476 2013 5881 13105 23121 23133
internal_value=-2.01292e-06 0.000865372 0.00369476 0.000447751 -0.000436344 -0.00300031 -0.000359949 -0.000211635 0.00451546 -0.000578787 -0.0106549 0.0116334 -0.000171105 0.00288348 0.0023004
internal_weight=38584.1 12874 1655.81 11218.2 25710.1 2071.7 1540.36 23638.4 1703.67 21934.8 531.333 247.379 8945.37 2272.79 1408.44
internal_count=724133 250075 36540 213535 474058 42812 31558 431246 37693 393553 11254 7016 163848 49687 29524
is_linear=0
shrinkage=0.03


Tree=145
num_leaves=16
num_cat=0
split_feature=2 7 8 7 8 7 8 8 7 7 7 7 7 7 7
split_gain=15.7163 14.8935 31.3951 88.4455 79.3363 31.2845 58.8652 54.897 14.2148 16.4739 19.2933 17.9497 13.5897 10.8024 7.79981
threshold=0.0028318668507111792 0.073329220327050262 8.5000000000000018 0.09067716549382944 10.500000000000002 0.057953645130690019 9.5000000000000018 7.5000000000000009 0.042261124990351624 0.038763989774755377 0.04105139762135069 0.036430246138869367 0.082987670914434944 0.09067716549382944 0.061460946458259398
decision_type=2 2 2 2 2 2 2 2 2 2 2 2 2 2 2
left_child=8 5 3 -3 -4 7 -7 -2 9 11 -11 -1 14 -14 -10
right_child=1 2 4 -5 -6 6 -8 -9 12 10 -12 -13 13 -15 -16
leaf_value=-0.00020956184048546292 -0.00065675737766797112 0.010909969664544904 -0.0065789177193902723 0.00078398075075174504 0.0052161254036550793 0.0026993658250099024 -0.0072346841890786572 0.0026973301588129701 -0.0028024492451294699 0.012980642237074841 -0.00090819658147289349 -0.0099146679151253005 0.0071126706131446693 -0.0012993923231044606 -0.0066732277468214331
leaf_weight=4208.6319270546082 15180.547441713512 985.26485292147845 1190.5078205130994 3660.7948275050148 902.15958463028073 875.06256793532521 1388.9637276781723 6179.5697309148964 1285.3295590789057 180.9095829478465 179.16083526052535 178.80043177818879 153.68558122077957 1295.7770633022301 737.26665256777778
leaf_count=62852 231038 19254 30597 93505 32206 28828 22987 120195 22511 3378 2085 2469 3377 33352 15499
internal_value=-2.00099e-06 0.000313031 0.00155708 0.00293134 -0.00149401 -4.18299e-05 -0.0033951 0.000313594 -0.00116572 -9.88112e-05 0.00606995 -0.000605073 -0.00262456 -0.000407467 -0.00421341
internal_weight=38582.4 30362.9 6738.73 4646.06 2092.67 23624.1 2264.03 21360.1 8219.56 4747.5 360.07 4387.43 3472.06 1449.46 2022.6
internal_count=724133 578610 175562 112759 62803 403048 51815 351233 145523 70784 5463 65321 74739 36729 38010
is_linear=0
shrinkage=0.03


Tree=146
num_leaves=16
num_cat=0
split_feature=8 9 0 5 4 8 4 8 8 1 3 8 4 3 1
split_gain=15.4059 17.2694 22.3368 16.7228 14.9034 17.4405 34.0221 27.4066 13.5783 26.9684 13.2763 27.3018 10.045 8.43087 8.12232
threshold=3.5000000000000004 2.5000000000000004 0.035920855170257407 1.0000000180025095e-35 -0.071088128182406216 6.5000000000000009 0.011850907556822389 5.5000000000000009 4.5000000000000009 -0.015529992052895481 -0.02333070214349375 1.5000000000000002 -0.093880226627798311 0.015003095203244944 -0.009005812860599734
decision_type=2 2 2 2 2 2 2 2 2 2 2 2 2 2 2
left_child=1 2 3 -1 8 7 -7 -6 9 -2 11 -3 -4 -10 -12
right_child=4 10 12 -5 5 6 -8 -9 13 -11 14 -13 -14 -15 -16
leaf_value=0.019245942384739669 -0.0064642779813887039 0.0016542924208238733 0.0052351838663859031 -0.0019588256448163873 -0.00011964731319912282 -0.0020268640288380181 0.00074248800614306308 0.0030290905846010567 0.0018758239502548808 0.011271110074837982 0.0012225126032328892 -0.0095377910772587692 0.00086814279720292468 -0.0053121843147944893 -0.0027501459271198729
leaf_weight=33.844293907284737 100.32864380022511 288.70300146378577 688.00678670080379 3044.3325360296294 6879.7314888420515 7442.1057921508327 8613.4475739290938 3897.1306756697595 2637.7690308950841 334.21340320724994 638.24082392640412 611.96113025327213 1524.2897258580197 155.51655031135306 1688.8194008893333
leaf_count=393 2749 5858 11682 65744 102178 131063 185048 56827 51977 5996 14878 13452 33044 4050 39194
internal_value=-1.99805e-06 -0.0011282 -7.31141e-05 -0.00172568 0.000317134 8.54513e-05 -0.000541168 0.001019 0.00224308 0.0071763 -0.00285756 -0.00595023 0.00222626 0.00147563 -0.00166057
internal_weight=38578.4 8518.2 5290.47 3078.18 30060.2 26832.4 16055.6 10776.9 3227.83 434.542 3227.72 900.664 2212.3 2793.29 2327.06
internal_count=724133 184245 110863 66137 539888 475116 316111 159005 64772 8745 73382 19310 44726 56027 54072
is_linear=0
shrinkage=0.03


Tree=147
num_leaves=16
num_cat=0
split_feature=7 7 7 7 9 7 4 7 9 9 7 1 9 2 1
split_gain=15.5962 33.673 20.0243 71.0474 16.7598 14.8284 9.09609 8.13423 3.44459 4.77421 3.76412 1.26495 0.533055 0.316072 0.308321
threshold=0.1432593772157961 0.13139707541054871 0.069045075766231881 0.062249183489029976 1.0000000180025095e-35 0.29433303104773184 0.17607700466939372 0.14851237330683334 1.0000000180025095e-35 3.5000000000000004 0.13521682258123327 -0.0035499910718308153 1.0000000180025095e-35 0.021559366858051512 -0.025360433999957587
decision_type=2 2 2 2 2 2 2 2 2 2 2 2 2 2 2
left_child=1 2 3 -1 -4 6 7 -2 10 -10 -3 -8 13 -7 -14
right_child=5 8 4 -5 -6 12 11 -9 9 -11 -12 -13 14 -15 -16
leaf_value=2.9979865328194938e-05 0.017598221853104806 0.0028225691841880958 -0.0014943158744787357 -0.0066296291156823011 0.002161932535176843 -0.011279499924496823 -0.0072628945025028889 0.0047109788893964213 -0.0091140386367709152 -0.0031938144634047539 -0.0058302372341834715 -0.00092514067194113269 -0.011076039779488933 -0.03905154978962052 -0.026248560998975299
leaf_weight=28099.22034174134 46.751500476151705 69.454844067804515 1400.4594117696397 1519.7376974280924 5806.9407821372151 4.5754451015964177 47.210388943552971 771.32549658697098 417.43977446481586 173.56655959691852 129.82014279440045 70.920763777568936 1.3249668050557382 0.40115513280034054 13.357211881317195
leaf_count=461278 2474 1915 28595 33475 119366 352 3083 48658 11101 4213 3830 4613 101 31 1048
internal_value=-1.96398e-06 -9.81253e-05 3.33619e-05 -0.000311722 0.00145149 0.00378231 0.00432377 0.00544746 -0.00622531 -0.00737539 -0.00281441 -0.00345799 -0.0220033 -0.0135182 -0.0248793
internal_weight=38572.5 37616.6 36826.4 29619 7207.4 955.867 936.208 818.077 790.281 591.006 199.275 118.131 19.6588 4.9766 14.6822
internal_count=724133 663773 642714 494753 147961 60360 58828 51132 21059 15314 5745 7696 1532 383 1149
is_linear=0
shrinkage=0.03


Tree=148
num_leaves=16
num_cat=0
split_feature=6 7 7 7 7 4 4 0 3 5 7 1 3 1 7
split_gain=15.4209 14.9517 29.7626 88.4065 28.6387 24.0804 12.5035 14.3955 16.8564 12.9434 9.32065 9.18406 5.64784 5.97414 5.24012
threshold=-0.031749380528809872 0.097272491286520615 0.041437692208296968 0.038763989774755377 0.1069330752711657 0.13550084092836792 0.0047497070976159081 0.030508781859180777 -0.010154690166868206 2.4517221920138694 0.1432593772157961 -0.010254021564716923 0.02862510807278729 -0.033320791317312727 0.012173943245807785
decision_type=2 2 2 2 2 2 2 2 2 2 2 2 2 2 2
left_child=6 2 3 -2 11 -4 7 8 -1 -9 -6 -3 13 -8 -14
right_child=1 4 5 -5 10 -7 12 9 -10 -11 -12 -13 14 -15 -16
leaf_value=-0.0018075519563074355 -0.00041044592785074893 0.0008323947474263119 -0.0027469518571369223 0.010116791975492864 -0.00091019176811357402 0.0027678850828031366 -0.002640642509452268 0.0023687588711544935 0.0024644713638463677 -0.003880688702994301 0.003067073383721012 0.0075574715227753617 -0.015511993920258503 0.0036166128180840354 0.0024470852384616978
leaf_weight=3279.7115241379943 15559.912072263658 245.50015806779265 6959.7562676644884 752.68627402186394 2512.7155707553029 793.87381004355848 147.11960932682268 3369.7744464487769 1113.485271725338 327.23200801108032 672.15263176057488 715.1428068773821 28.322080313228071 2062.7428513905033 30.229229771532118
leaf_count=56299 235280 4320 137264 13910 55906 18850 3412 68499 21569 6056 42460 11937 709 46693 969
internal_value=-1.93124e-06 -0.000365415 -0.000652055 7.52957e-05 0.00129864 -0.0021823 0.000988017 0.000436108 -0.000724779 0.0018156 -7.08072e-05 0.00583882 0.00295638 0.00320004 -0.00623997
internal_weight=38570.4 28211.7 24066.2 16312.6 4145.51 7753.63 10358.6 8090.2 4393.2 3697.01 3184.87 960.643 2268.41 2209.86 58.5513
internal_count=724133 519927 405304 249190 114623 156114 204206 152423 77868 74555 98366 16257 51783 50105 1678
is_linear=0
shrinkage=0.03


Tree=149
num_leaves=16
num_cat=0
split_feature=0 8 7 7 7 7 8 7 5 8 7 7 7 7 6
split_gain=14.9974 15.4421 31.1662 203.857 75.3309 26.2946 229.929 34.072 13.8867 8.87286 30.5683 7.55415 7.713 4.80397 4.54105
threshold=0.013357532043479481 3.5000000000000004 -0.0053794305034632331 0.0015603159835408944 -0.019949163701951208 -0.048835999354398078 4.5000000000000009 -0.042708928635649061 0.32529860464757571 10.500000000000002 0.057953645130690019 -0.032237599897097229 -0.05298435897220171 -0.030250731215535617 0.12194913648774409
decision_type=2 2 2 2 2 2 2 2 2 2 2 2 2 2 2
left_child=8 2 4 -4 -2 6 -3 -7 11 14 -11 12 -1 -13 -10
right_child=1 5 3 -5 -6 7 -8 -9 9 10 -12 13 -14 -15 -16
leaf_value=-0.011606993184353197 -0.0013447726554596273 0.017292994471149226 0.022615695168215592 -0.0011743774970167944 -0.013928293477470072 -0.0067948426521165202 -0.0017174379648008747 0.00034040106642500823 -0.004438723350162912 0.007153401335971362 -0.0088693146581569973 -0.03044553307475167 0.017672811663124548 0.0017289182712609005 0.020371474150508922
leaf_weight=9.643226102460174 3004.3605944032315 768.59787080157548 350.31608080491424 4343.8317376230843 499.32638020371087 617.55603131791577 2245.4360339432023 24403.774033853319 1556.3013402058277 257.50013734516688 183.54834743542597 4.2430618181824675 50.501763182226568 266.56504162191413 6.6679931823164216
leaf_count=284 40344 10822 8030 116082 11903 5469 39616 451086 26803 3730 3765 36 534 5499 130
internal_value=-1.90833e-06 0.000148268 -0.000997044 0.000601034 -0.00313811 0.00048317 0.00313034 0.000164295 -0.00233229 -0.00327248 0.000485329 0.0033608 0.0129783 0.0012248 -0.00433288
internal_weight=38568.2 36233.2 8197.83 4694.15 3503.69 28035.4 3014.03 25021.3 2334.97 2004.02 441.048 330.953 60.145 270.808 1562.97
internal_count=724133 683352 176359 124112 52247 506993 50438 456555 40781 34428 7495 6353 818 5535 26933
is_linear=0
shrinkage=0.03


end of trees

feature_importances:
Market_Regime_200=996
Month=522
Dist_SMA_50=161
DayOfWeek=156
Intraday_Range=132
Dist_SMA_10=106
Volume_Ratio=72
Close_Open_Momentum=39
Relative_Strength_10d=39
Top_Wick_Rejection=27

parameters:
[boosting: gbdt]
[objective: binary]
[metric: binary_logloss]
[tree_learner: serial]
[device_type: cpu]
[data_sample_strategy: bagging]
[data: ]
[valid: ]
[num_iterations: 150]
[learning_rate: 0.03]
[num_leaves: 31]
[num_threads: 8]
[seed: 42]
[deterministic: 0]
[force_col_wise: 0]
[force_row_wise: 0]
[histogram_pool_size: -1]
[max_depth: 4]
[min_data_in_leaf: 20]
[min_sum_hessian_in_leaf: 0.001]
[bagging_fraction: 0.8]
[pos_bagging_fraction: 1]
[neg_bagging_fraction: 1]
[bagging_freq: 0]
[bagging_seed: 400]
[bagging_by_query: 0]
[feature_fraction: 0.8]
[feature_fraction_bynode: 1]
[feature_fraction_seed: 30056]
[extra_trees: 0]
[extra_seed: 12879]
[early_stopping_round: 0]
[early_stopping_min_delta: 0]
[first_metric_only: 0]
[max_delta_step: 0]
[lambda_l1: 0]
[lambda_l2: 0]
[linear_lambda: 0]
[min_gain_to_split: 0]
[drop_rate: 0.1]
[max_drop: 50]
[skip_drop: 0.5]
[xgboost_dart_mode: 0]
[uniform_drop: 0]
[drop_seed: 17869]
[top_rate: 0.2]
[other_rate: 0.1]
[min_data_per_group: 100]
[max_cat_threshold: 32]
[cat_l2: 10]
[cat_smooth: 10]
[max_cat_to_onehot: 4]
[top_k: 20]
[monotone_constraints: ]
[monotone_constraints_method: basic]
[monotone_penalty: 0]
[feature_contri: ]
[forcedsplits_filename: ]
[refit_decay_rate: 0.9]
[cegb_tradeoff: 1]
[cegb_penalty_split: 0]
[cegb_penalty_feature_lazy: ]
[cegb_penalty_feature_coupled: ]
[path_smooth: 0]
[interaction_constraints: ]
[verbosity: -1]
[saved_feature_importance_type: 0]
[use_quantized_grad: 0]
[num_grad_quant_bins: 4]
[quant_train_renew_leaf: 0]
[stochastic_rounding: 1]
[linear_tree: 0]
[max_bin: 255]
[max_bin_by_feature: ]
[min_data_in_bin: 3]
[bin_construct_sample_cnt: 200000]
[data_random_seed: 175]
[is_enable_sparse: 1]
[enable_bundle: 1]
[use_missing: 1]
[zero_as_missing: 0]
[feature_pre_filter: 1]
[pre_partition: 0]
[two_round: 0]
[header: 0]
[label_column: ]
[weight_column: ]
[group_column: ]
[ignore_column: ]
[categorical_feature: ]
[forcedbins_filename: ]
[precise_float_parser: 0]
[parser_config_file: ]
[objective_seed: 16083]
[num_class: 1]
[is_unbalance: 0]
[scale_pos_weight: 1]
[sigmoid: 1]
[boost_from_average: 1]
[reg_sqrt: 0]
[alpha: 0.9]
[fair_c: 1]
[poisson_max_delta_step: 0.7]
[tweedie_variance_power: 1.5]
[lambdarank_truncation_level: 30]
[lambdarank_norm: 1]
[label_gain: ]
[lambdarank_position_bias_regularization: 0]
[eval_at: ]
[multi_error_top_k: 1]
[auc_mu_weights: ]
[num_machines: 1]
[local_listen_port: 12400]
[time_out: 120]
[machine_list_filename: ]
[machines: ]
[gpu_platform_id: -1]
[gpu_device_id: -1]
[gpu_device_id_list: ]
[gpu_use_dp: 0]
[num_gpu: 1]

end of parameters

pandas_categorical:[]
