tree
version=v4
num_class=1
num_tree_per_iteration=1
label_index=0
max_feature_idx=7
objective=binary sigmoid:1
feature_names=Intraday_Range Close_Open_Momentum Top_Wick_Rejection Dist_SMA_10 Dist_SMA_50 Volume_Ratio Relative_Strength_10d Market_Regime_200
feature_infos=[0:0.44986065064445935] [-0.2726442172553184:0.37790417413126204] [-1.1342904695060453e-16:0.23537596831484703] [-0.64704496736904993:0.54481285464410711] [-0.72099580291472276:1.0821471707143373] [0:18.665725204075979] [-0.74534507065754962:1.1212199738427462] [-0.34142277973741597:0.30054769648402835]
tree_sizes=1865 1904 1911 1783 1890 1912 1916 1899 1801 1915 1913 1916 1791 1892 1907 1905 1906 1911 1904 1922 1920 1803 1907 1909 1908 1910 1923 1896 1922 1909 1912 1921 1912 1927 1929 1918 1911 1924 1912 1920 1907 1917 1906 1668 1935 1673 1932 1912 1793 1925 1938 1904 1914 1912 1938 1910 1919 1934 1769 1944 1776 1911 1908 1926 1786 1924 1924 1912 1905 1915 1910 1927 1923 1905 1900 1772 1917 1826 1671 1937 1668 1897 1882 1908 1683 1924 1910 1775 1911 1774 1930 1668 1946 1892 1893 1897 1934 1685 1926 1776 1921 1931 1922 1776 1935 1691 1925 1585 1946 1910 1563 1887 1564 1578 1918 1923 1562 1887 1922 1884 1923 1933 1914 1557 1920 1930 1893 1932 1895 1931 1557 1927 1888 1939 1937 1937 1937 1886 1908 1565 1948 1880 1944 1928 1925 1936 1778 1916 1936 1934

Tree=0
num_leaves=16
num_cat=0
split_feature=7 7 7 3 7 7 7 7 7 7 3 7 1 1 1
split_gain=462.2 467.117 829.112 548.959 369.035 418.766 322.169 252.611 177.924 336.281 166.816 143.877 6.03577 5.86528 3.13621
threshold=0.082927294757344297 -0.06642749355352294 -0.085355310879802623 -0.072759204172058042 -0.0577327146855433 0.062430587085533513 -0.060272034423333669 0.29433303104773184 0.18381394494568773 0.15755317155934781 0.023590578489094297 0.198019398156318 -0.024924816131942036 0.0034949528298369738 -0.026981807498435473
decision_type=2 2 2 2 2 2 2 2 2 2 2 2 2 2 2
left_child=1 2 3 -1 6 -6 -3 8 9 -2 -4 -10 14 -14 -9
right_child=7 4 10 -5 5 -7 -8 12 11 -11 -12 -13 13 -15 -16
leaf_value=-0.32249633385914905 -0.30046681262089681 -0.30959770702810624 -0.28298519622507878 -0.300458974107708 -0.30377321825291609 -0.30899346006660905 -0.33262251024892131 -0.31787803063312464 -0.28145774661572998 -0.31010556735364686 -0.29778397806943724 -0.29746558376895371 -0.32961101659451425 -0.32111061557757808 -0.29405488401014568
leaf_weight=1224.6211140751839 35228.870081499219 2209.0581588894129 2750.7550882399082 6010.2215012013912 96143.019643008709 16154.150106936693 726.9049908965826 32.741266816854477 545.36199653148651 3589.5667970627546 913.09040369093418 6882.7518280893564 220.6370442956686 109.21900199353695 5.8641074895858756
leaf_count=5012 144181 9041 11258 24598 393484 66114 2975 134 2232 14691 3737 28169 903 447 24
internal_value=-0.303294 -0.304237 -0.298301 -0.304189 -0.304799 -0.304524 -0.315298 -0.300741 -0.300544 -0.301358 -0.286673 -0.29629 -0.325483 -0.326796 -0.314259
internal_weight=172747 126132 10898.7 7234.84 115233 112297 2935.96 46615 46246.6 38818.4 3663.85 7428.11 368.461 329.856 38.6054
internal_count=707000 516219 44605 29610 471614 459598 12016 190781 189273 158872 14995 30401 1508 1350 158
is_linear=0
shrinkage=1


Tree=1
num_leaves=16
num_cat=0
split_feature=1 7 7 7 3 7 7 3 3 7 7 7 7 7 7
split_gain=436.724 516.906 589.272 524.566 313.404 278.433 243.877 145.823 140.518 96.7536 81.5791 78.2599 66.3438 17.615 9.63491
threshold=-0.026981807498435473 -0.06642749355352294 -0.085355310879802623 0.095151796181214401 -0.069524186467033219 -0.0577327146855433 0.29433303104773184 0.023146793257019963 -0.14309785217944695 0.071206567817206259 0.042350000330426692 -0.16960564226560779 0.071882177697707786 -0.2598207951683007 -0.10713815006275694
decision_type=2 2 2 2 2 2 2 2 2 2 2 2 2 2 2
left_child=8 2 4 5 -2 -3 -5 -4 11 10 -10 13 -11 -1 -13
right_child=1 3 7 6 -6 -7 -8 -9 9 12 -12 14 -14 -15 -16
leaf_value=-0.025986425208753286 -0.01828895957849749 -0.010585524440599488 0.021559559684128368 0.0034090343204253065 0.004176648995479898 -0.00073146364227203906 -0.022324008270145409 0.0070554817555889956 -0.0045242496819738196 0.027142127778808759 -0.010971931551630549 0.028952524926151569 -0.0010974260174070271 -0.042118663412025109 -0.0069084558339077388
leaf_weight=156.15452235937119 630.10713171958923 2643.1877709776163 2376.8467371761799 36259.900707170367 4943.3424495756626 109105.07933008671 334.5180156826973 845.88593199849129 8482.4826313853264 76.167430400848389 2230.4946524500847 7.0647131800651541 4406.75566200912 99.880427718162537 148.0190195441246
leaf_count=641 2586 10838 9699 148340 20223 446603 1374 3459 34718 312 9131 29 18031 410 606
internal_value=-5.31178e-08 0.000475325 0.00754128 5.63394e-05 0.0016368 -0.000964542 0.0031738 0.0177526 -0.00478639 -0.00431817 -0.00586669 -0.0220928 -0.00061762 -0.0322797 -0.00527484
internal_weight=172746 157139 8796.18 148343 5573.45 111748 36594.4 3222.73 15607 15195.9 10713 411.119 4482.92 256.035 155.084
internal_count=707000 643122 35967 607155 22809 457441 149714 13158 63878 62192 43849 1686 18343 1051 635
is_linear=0
shrinkage=0.03


Tree=2
num_leaves=16
num_cat=0
split_feature=1 7 7 7 5 3 7 3 3 7 7 7 7 7 7
split_gain=411.202 485.78 552.366 493.394 415.264 295.511 230.095 136.348 132.933 91.1879 77.0174 74.3968 62.1831 16.8709 9.04138
threshold=-0.026981807498435473 -0.06642749355352294 -0.085355310879802623 0.095151796181214401 1.0000000180025095e-35 -0.069524186467033219 0.29433303104773184 0.023146793257019963 -0.14309785217944695 0.071206567817206259 0.042350000330426692 -0.16960564226560779 0.071882177697707786 -0.2598207951683007 -0.10713815006275694
decision_type=2 2 2 2 2 2 2 2 2 2 2 2 2 2 2
left_child=8 2 5 4 -3 -2 -5 -4 11 10 -10 13 -11 -1 -13
right_child=1 3 7 6 -6 -7 -8 -9 9 12 -12 14 -14 -15 -16
leaf_value=-0.025317594863684761 -0.017794286193098821 0.058683859724592391 0.020850919507994978 0.0033050661051137174 -0.00099185730502476463 0.0040488054199386281 -0.021736458233719405 0.0068366636378926525 -0.0043915820650018153 0.02622164370378146 -0.010661043867530114 0.027958037680093369 -0.001064680870735488 -0.041153320123618012 -0.0067084079791996324
leaf_weight=155.48160901665688 628.22386640310287 105.04607513546944 2383.788482889533 36278.238280013204 111626.71218566597 4946.4008119851351 333.27244529128075 846.757582873106 8476.6617062538862 76.471197366714478 2226.7296957671642 7.0960363894700995 4406.0306773781776 99.167390763759613 147.86243130266666
leaf_count=641 2586 430 9699 148340 457011 20223 1374 3459 34718 312 9131 29 18031 410 606
internal_value=-9.32164e-08 0.000461003 0.00730723 5.46338e-05 -0.000935752 0.00158723 0.00307711 0.0171776 -0.00464634 -0.00419146 -0.00569588 -0.0215109 -0.000599178 -0.0314845 -0.00512092
internal_weight=172744 157148 8805.17 148343 111732 5574.62 36611.5 3230.55 15595.5 15185.9 10703.4 409.607 4482.5 254.649 154.958
internal_count=707000 643122 35967 607155 457441 22809 149714 13158 63878 62192 43849 1686 18343 1051 635
is_linear=0
shrinkage=0.03


Tree=3
num_leaves=15
num_cat=0
split_feature=1 5 0 6 0 4 4 0 4 5 4 1 5 4
split_gain=387.172 311.847 240.655 162.993 108.223 104.41 33.9156 29.4024 19.2829 18.5965 16.5496 8.73052 7.48729 7.43342
threshold=-0.026981807498435473 1.0000000180025095e-35 0.13064186977771644 0.027716866638828112 0.086642738452293477 -0.23632687163999175 0.21828402312737685 0.16058760188210922 0.27349755777752655 0.6896577063753716 0.10188981214380056 -0.061352429336742884 3.22471033355674 -0.13018963380217788
decision_type=2 2 2 2 2 2 2 2 2 2 2 2 2 2
left_child=4 10 3 -3 6 12 9 -4 -7 -1 13 -8 -6 -2
right_child=1 2 7 -5 5 8 11 -9 -10 -11 -12 -13 -14 -15
leaf_value=-0.0050222838854789261 0.068360110258234533 0.0011475617458492639 -0.0089996509152071736 -0.00095864966173746485 -0.027610338627686914 -0.0067703532867135858 -0.030303584995383055 -0.019227620120918699 -0.021465400361494295 -0.0026236536074342454 -0.0042408681478900674 -0.010435936933215402 -0.01242646548609375 0.048330737606416083
leaf_weight=4247.1438592225313 20.439660578966141 108456.42389722168 500.23213088512421 47572.518487691879 323.83254630863667 1148.5188208669424 20.745454505085945 511.72724905610085 86.412483781576157 9233.0747175067663 4.9141768366098395 492.10015805065632 32.127987265586853 90.56935416162014
leaf_count=17406 83 443831 2048 194675 1337 4708 85 2097 354 37840 20 2016 132 368
internal_value=-1.30292e-07 0.000447117 0.000410809 0.000505387 -0.00451041 -0.0119248 -0.00366746 -0.0141717 -0.00779862 -0.00337938 0.0496337 -0.0112396 -0.0262399 0.0520187
internal_weight=172741 157157 157041 156029 15584 1590.89 13993.1 1011.96 1234.93 13480.2 115.923 512.846 355.961 111.009
internal_count=707000 643122 642651 638506 63878 6531 57347 4145 5062 55246 471 2101 1469 451
is_linear=0
shrinkage=0.03


Tree=4
num_leaves=16
num_cat=0
split_feature=1 5 0 6 3 3 1 3 6 6 5 6 3 6 3
split_gain=369.122 289.508 226.67 164.765 152.769 78.3251 45.115 34.3038 24.2564 23.0609 13.5988 8.78499 8.74376 5.53154 3.01272
threshold=-0.019163310374800343 1.0000000180025095e-35 0.13064186977771644 0.033693922061836031 -0.14309785217944695 0.082777475722331642 -0.030842255704877971 -0.069524186467033219 -0.11636633874979622 0.25316158727047217 1.1526290489072453 0.022328654804099849 0.012142630427467773 -0.095282393864318013 0.01494508764254965
decision_type=2 2 2 2 2 2 2 2 2 2 2 2 2 2 2
left_child=4 12 3 -3 8 6 -6 -4 10 -7 -1 -10 13 -2 -14
right_child=1 2 7 -5 5 9 -8 -9 11 -11 -12 -13 14 -15 -16
leaf_value=-0.023727146393416731 0.028802868062023174 0.0013064522552610289 -0.026574409527187759 -0.00096783217788890083 -0.0041168317951335524 -0.0096046416063757592 -0.0016263891695094794 -0.011295362698640279 -0.030684633841386061 -0.022255595686787789 -0.0095145913918098981 -0.0036634545484862413 0.012494146305601542 0.05510816694587424 0.038128383697172474
leaf_weight=95.614565476775169 7.918131247162818 103518.62467306852 157.1611811965704 39650.665840044618 10811.410899311304 425.57204867899418 16595.282489493489 834.3023806810379 171.08618785440922 186.51384080946445 165.40270380675793 11.560370564460753 4.943013176321986 78.727434411644936 24.973830536007881
leaf_count=396 32 423559 650 162281 44335 1744 67937 3420 712 765 682 48 20 318 101
internal_value=-1.43352e-07 0.000615809 0.000577596 0.00067659 -0.00312243 -0.00284586 -0.00260882 -0.0137173 -0.0205887 -0.0134596 -0.0147209 -0.0289744 0.0478762 0.0527042 0.033893
internal_weight=172740 144277 144161 143169 28462.4 28018.8 27406.7 991.464 443.664 612.086 261.017 182.647 116.562 86.6456 29.9168
internal_count=707000 590381 589910 585840 116619 114781 112272 4070 1838 2509 1078 760 471 350 121
is_linear=0
shrinkage=0.03


Tree=5
num_leaves=16
num_cat=0
split_feature=7 7 1 7 7 7 7 7 7 7 4 1 1 1 4
split_gain=388.416 439.145 355.112 499.697 213.466 207.046 173.148 505.003 260.986 111.678 91.1333 69.9373 5.19252 6.04531 2.71712
threshold=0.082927294757344297 0.062430587085533513 -0.029404505816587097 -0.06642749355352294 0.29433303104773184 0.063369010529924177 0.1432593772157961 0.15755317155934781 0.12695122874122669 0.07694626914134807 -0.23632687163999175 -0.0089486081639379763 -0.023131937707975964 0.0034949528298369738 0.022696617599958228
decision_type=2 2 2 2 2 2 2 2 2 2 2 2 2 2 2
left_child=1 2 10 -4 6 11 8 -8 -2 -7 -1 -3 14 -14 -6
right_child=4 5 3 -5 12 9 7 -9 -10 -11 -12 -13 13 -15 -16
leaf_value=-0.016391805637544499 0.0027401674233242224 -0.024764283524157497 0.0070427734312063124 -0.00034453212014737159 0.010078983560943782 -0.005900736587061705 0.015907376261276043 0.002261831692010378 -0.0037760206490750577 0.00025022553040915006 -0.0050647490680482991 -0.01096934890658267 -0.024852338952462381 -0.016123275200996292 -0.013621927878979498
leaf_weight=693.71889589726925 25032.178235158324 563.7031494230032 9051.2795936614275 92049.179579928517 4.8662191033363333 11298.709742024541 3134.5785490274429 11030.403457731009 7101.1671071797609 3473.2345690578222 8144.9909297227859 800.40733961760998 210.35830619931221 108.09744256734848 41.302978962659836
leaf_count=2870 102346 2312 36948 376849 20 46293 12812 45092 29023 14230 33438 3279 871 447 170
internal_value=-1.564e-07 -0.000865616 -0.000187298 0.000316835 0.00233816 -0.00548717 0.00251823 0.00528146 0.00130015 -0.0044545 -0.00595377 -0.0166699 -0.0205262 -0.0218893 -0.0111239
internal_weight=172738 126075 109939 101100 46663 16136.1 46298.3 14165 32133.3 14771.9 8838.71 1364.11 364.625 318.456 46.1692
internal_count=707000 516219 450105 413797 190781 66114 189273 57904 131369 60523 36308 5591 1508 1318 190
is_linear=0
shrinkage=0.03


Tree=6
num_leaves=16
num_cat=0
split_feature=7 7 0 7 7 7 7 7 7 7 7 1 1 1 6
split_gain=365.379 413.631 353.407 509.088 201.468 195.67 166.234 317.029 137.992 105.246 70.9175 66.3905 4.93888 5.76001 3.24625
threshold=0.082927294757344297 0.062430587085533513 0.099196125664441845 -0.06642749355352294 0.29433303104773184 0.063369010529924177 0.18381394494568773 0.15755317155934781 0.22332332821004744 0.07694626914134807 -0.14112623220486983 -0.0089486081639379763 -0.023131937707975964 0.0034949528298369738 0.089213434410538986
decision_type=2 2 2 2 2 2 2 2 2 2 2 2 2 2 2
left_child=1 2 3 -1 6 11 7 -2 -8 -7 -4 -3 14 -14 -6
right_child=4 5 10 -5 12 9 8 -9 -10 -11 -12 -13 13 -15 -16
leaf_value=0.0065228248594336666 0.0025194642213915326 -0.024120107054665035 -0.019213719302918535 -0.00059153475529791157 -0.014393802062785378 -0.0057290478660901971 0.012506069183503318 -0.0068381466272602913 0.0037482674164675128 0.0002427093272141403 -0.0080724729529245733 -0.010658805622937939 -0.024222758324651407 -0.015686929800716697 0.0068860722509217105
leaf_weight=9977.4567845314741 35281.136801049113 561.42984008789062 769.07771161198616 97636.423562973738 38.323093593120575 11288.352380767465 2380.4121828973293 3590.0180530846119 5063.6178209632635 3473.3683045357466 1551.5284433364868 799.0363913923502 209.36613211035728 107.77606025338173 7.7579809576272956
leaf_count=40722 144181 2312 3181 399835 158 46293 9718 14691 20683 14230 6367 3279 871 447 32
internal_value=-1.91459e-07 -0.000839802 -0.000181705 6.80755e-05 0.00226721 -0.00532726 0.00244175 0.00165522 0.00654879 -0.00432392 -0.0117648 -0.0162139 -0.0199885 -0.021322 -0.0108112
internal_weight=172735 126057 109934 107614 46678.4 16122.2 46315.2 38871.2 7444.03 14761.7 2320.61 1360.47 363.223 317.142 46.0811
internal_count=707000 516219 450105 440557 190781 66114 189273 158872 30401 60523 9548 5591 1508 1318 190
is_linear=0
shrinkage=0.03


Tree=7
num_leaves=16
num_cat=0
split_feature=7 7 7 7 7 3 7 7 5 7 7 7 6 1 3
split_gain=347.757 526.777 379.698 299.97 667.465 426.333 368.145 305.965 297.441 273.952 149.514 61.953 42.2787 34.4355 18.351
threshold=0.1432593772157961 0.15755317155934781 0.18381394494568773 -0.06642749355352294 -0.085355310879802623 -0.072759204172058042 -0.0577327146855433 -0.060272034423333669 1.0000000180025095e-35 0.28666687806024133 -0.082040370655703396 0.15453490301518705 0.0087013140980022347 -0.03661796746792087 0.041137302164880436
decision_type=2 2 2 2 2 2 2 2 2 2 2 2 2 2 2
left_child=3 11 13 4 5 -1 7 -5 -8 -4 -6 12 -2 -3 -13
right_child=1 2 9 6 10 -7 8 -9 -10 -11 -12 14 -14 -15 -16
leaf_value=-0.017172936208119997 0.022785387190743304 -0.018601798100324179 0.0071982034314727709 -0.0057464273981300022 0.026863244391430296 0.0023521595928279872 0.047560775811847492 -0.02825090708159668 -0.00058919848307468169 -0.010264412297856693 0.011753803855313574 0.011854823390991672 0.01362158606294213 -0.0059175459471861877 0.0021735561103963714
leaf_weight=1208.3833611160517 1052.2665632814169 204.26181235909462 6896.76401899755 2202.4801190346479 736.23338815569878 6023.7455067932606 115.55778829753399 721.94806669652462 144225.37462031841 915.91076873242855 2955.8486841917038 1084.2915695160627 795.80333977937698 3382.0336286127567 210.40741337835789
leaf_count=5012 4289 839 28139 9041 2992 24598 465 2975 590502 3770 12003 4420 3245 13852 858
internal_value=-2.2092e-07 0.00443949 0.00144136 -0.000408346 0.00438818 -0.000910199 -0.000764154 -0.0113021 -0.00055065 0.00515099 0.0147668 0.0153138 0.0188393 -0.00663999 0.0102815
internal_weight=172731 14541.7 11399 158190 10924.2 7232.13 147265 2924.43 144341 7812.67 3692.08 3142.77 1848.07 3586.3 1294.7
internal_count=707000 59412 46600 647588 44605 29610 602983 12016 590967 31909 14995 12812 7534 14691 5278
is_linear=0
shrinkage=0.03


Tree=8
num_leaves=15
num_cat=0
split_feature=7 7 0 7 7 7 4 7 7 0 4 3 0 5
split_gain=334.503 388.43 331.173 519.274 184.966 184.588 173.622 202.463 99.1921 89.7867 67.5718 35.5854 3.78687 7.72763
threshold=0.082927294757344297 0.062430587085533513 0.083495031413477833 -0.06642749355352294 0.063369010529924177 0.29433303104773184 0.18189742461102412 0.18381394494568773 0.07694626914134807 0.13064186977771644 -0.053124870309049214 0.13827696399526015 0.094316338395344493 2.7668498863126065
decision_type=2 2 2 2 2 2 2 2 2 2 2 2 2 2
left_child=1 2 3 -1 10 6 7 -2 -6 -4 -3 -8 13 -7
right_child=5 4 9 -5 8 12 11 -9 -10 -11 -12 -13 -14 -15
leaf_value=0.0068647415121677775 0.0020320953967485956 -0.0306988643691882 -0.0060361939316307548 -0.00050097226995286727 -0.0055451388690243558 -0.01958461268391053 -0.0026795620902913125 0.0078663461730301247 0.00025311897843536066 -0.01642573991742978 -0.012755632652800141 -0.011898433409553499 -0.039122577019190558 0.004231715002761623
leaf_weight=9459.6593545228243 36071.27182033658 226.80955910682678 3104.9439622312784 96369.437974110246 11277.061088934541 339.92884220182896 3558.278757661581 6286.1793348938227 3473.1831088215113 986.4611465036869 1129.7796666324139 421.47838386893272 8.3867995589971525 12.720191553235052
leaf_count=38536 147386 936 12755 394731 46293 1420 14538 25625 14230 4083 4655 1724 35 53
internal_value=-2.60427e-07 -0.000803899 -0.000166354 0.000157421 -0.00515481 0.00216857 0.00233506 0.00289794 -0.00417985 -0.00854117 -0.0157556 -0.00365589 -0.0191994 -0.0187255
internal_weight=172726 126027 109921 105829 16106.8 46698.2 46337.2 42357.5 14750.2 4091.41 1356.59 3979.76 361.036 352.649
internal_count=707000 516219 450105 433267 66114 190781 189273 173011 60523 16838 5591 16262 1508 1473
is_linear=0
shrinkage=0.03


Tree=9
num_leaves=16
num_cat=0
split_feature=1 7 7 7 5 3 7 3 3 7 7 7 7 7 7
split_gain=336.077 372.089 418.756 382.344 323.99 248.333 203.212 128.608 126.191 75.7701 110.07 66.8533 54.7195 20.4987 6.6373
threshold=-0.019163310374800343 -0.06642749355352294 -0.085355310879802623 0.095151796181214401 1.0000000180025095e-35 -0.063900850139670826 0.10748458408798779 -0.14309785217944695 0.023146793257019963 0.071206567817206259 0.061221613087129596 -0.17596274350969568 0.090434702528793834 -0.2598207951683007 -0.10713815006275694
decision_type=2 2 2 2 2 2 2 2 2 2 2 2 2 2 2
left_child=7 2 5 4 -3 -2 -5 11 -4 10 -9 13 -11 -1 -13
right_child=1 3 8 6 -6 -7 -8 9 -10 12 -12 14 -14 -15 -16
leaf_value=-0.021793050107959695 -0.016503905907912196 0.051434218298958383 0.019668078983255868 0.0082339560468613834 -0.00074265852683158746 0.0040763456292579143 0.0019586030339557615 -0.0031881875593528252 0.0057645483578734709 0.0044897618250112461 -0.012592713357729804 0.02105361325140704 -0.0015593255881040946 -0.038798075775565023 -0.0058076514072515151
leaf_weight=162.70353981852531 600.0639371573925 107.2187377512455 2142.9191131442785 5567.1239131242037 102666.07103197277 4374.8853650540113 28016.113901615143 18223.188339710236 809.4389257133007 1671.3979945331812 1193.4023041576147 8.7250171303749067 6910.4418452680111 104.95320643484592 161.97929941117764
leaf_count=688 2485 430 8662 22729 420582 17829 114375 74750 3289 6851 4923 36 28257 445 669
internal_value=-2.85455e-07 0.000587204 0.00690566 0.000219871 -0.000688225 0.00159402 0.00299887 -0.00298112 0.0158562 -0.00272867 -0.00376622 -0.0191048 -0.000381206 -0.028461 -0.00443472
internal_weight=172721 144284 7927.31 136357 102773 4974.95 33583.2 28436.8 2952.36 27998.4 19416.6 438.361 8581.84 267.657 170.704
internal_count=707000 590381 32265 558116 421012 20314 137104 116619 11951 114781 79673 1838 35108 1133 705
is_linear=0
shrinkage=0.03


Tree=10
num_leaves=16
num_cat=0
split_feature=1 7 7 7 3 7 7 3 3 3 7 7 6 7 7
split_gain=316.353 349.816 393.022 359.614 234.161 202.243 190.84 121.756 118.276 74.2341 71.4082 63.7308 21.5071 19.734 6.23335
threshold=-0.019163310374800343 -0.06642749355352294 -0.085355310879802623 0.095151796181214401 -0.063900850139670826 -0.0577327146855433 0.10748458408798779 -0.14309785217944695 0.023146793257019963 0.082777475722331642 0.071206567817206259 -0.17596274350969568 0.25316158727047217 -0.2598207951683007 -0.10713815006275694
decision_type=2 2 2 2 2 2 2 2 2 2 2 2 2 2 2
left_child=7 2 4 5 -2 -3 -5 11 -4 10 -9 13 -11 -1 -13
right_child=1 3 8 6 -6 -7 -8 9 -10 12 -12 14 -14 -15 -16
leaf_value=-0.021250420924154599 -0.016058965508269425 -0.0092798324139521833 0.019041041850663278 0.00797757111867093 0.0039518498325104125 -0.00046198566842321331 0.0018993125880934656 -0.0034314244749368708 0.0055875782606110225 -0.0092726427087480856 -0.00010239613979319435 0.020348673839576795 -0.021513741145529224 -0.038000714419834061 -0.005639341906375276
leaf_weight=161.86523953080177 598.21728985011578 2396.8459636718035 2147.0180431753397 5573.5594254434109 4377.2882845550776 100364.93625251949 28023.860793307424 19036.291525393724 810.01423637568951 424.73769602179527 8339.5070896148682 8.7559749633073789 185.63378463685513 103.95586587488651 161.81182101368904
leaf_count=688 2485 9868 8662 22729 17829 411144 114375 78157 3289 1744 34115 36 765 445 669
internal_value=-3.06452e-07 0.000569535 0.00669384 0.000213261 0.0015459 -0.000667656 0.00290765 -0.0028932 0.0153558 -0.00264801 -0.0024173 -0.0186174 -0.0129956 -0.027801 -0.00430527
internal_weight=172714 144292 7932.54 136359 4975.51 102762 33597.4 28422.6 2957.03 27986.2 27375.8 436.389 610.371 265.821 170.568
internal_count=707000 590381 32265 558116 20314 421012 137104 116619 11951 114781 112272 1838 2509 1133 705
is_linear=0
shrinkage=0.03


Tree=11
num_leaves=16
num_cat=0
split_feature=7 7 7 1 7 7 7 7 3 7 7 7 6 1 3
split_gain=299.568 498.587 350.63 256.617 383.979 422.796 254.105 248.543 87.6261 60.3314 57.9322 57.6469 39.2064 31.7365 17.0169
threshold=0.1432593772157961 0.15755317155934781 0.18381394494568773 -0.026981807498435473 -0.06642749355352294 -0.085355310879802623 -0.0577327146855433 0.28666687806024133 -0.14309785217944695 0.071206567817206259 0.15453490301518705 -0.16960564226560779 0.0087013140980022347 -0.03661796746792087 0.041137302164880436
decision_type=2 2 2 2 2 2 2 2 2 2 2 2 2 2 2
left_child=3 10 13 8 5 -5 -6 -4 11 -10 12 -1 -2 -3 -12
right_child=1 2 7 4 6 -7 -8 -9 9 -11 14 -13 -14 -15 -16
leaf_value=-0.027161865198067139 0.021875822882145238 -0.018073142641599312 0.006703515475272869 0.0010443551903838281 -0.0096341638609582936 0.014640934834291915 -0.00021430609542392301 -0.0099444989414279161 -0.004906161047325489 -0.00012607933457980548 0.011330918992926743 -0.0035033894194679755 0.013063926318797213 -0.0058771591075325582 0.0020126419769598597
leaf_weight=244.51695550978184 1056.0416244268417 203.59171928465366 6911.6583059728146 5586.1008029878139 2628.4158899635077 3259.2816541045904 132564.26632447541 913.78744253516197 10655.918276786804 3058.4376405030489 1086.6793543100357 149.28375339508057 797.66397657990456 3381.2916116863489 210.55737702548504
leaf_count=1051 4289 839 28139 22809 10838 13158 542738 3770 43849 12527 4420 618 3245 13852 858
internal_value=-3.26183e-07 0.00411726 0.00120008 -0.000379452 -1.24353e-06 0.00605432 -0.000397447 0.00475951 -0.00424079 -0.00384016 0.0146811 -0.0181933 0.018084 -0.00656979 0.00981845
internal_weight=172707 14561.3 11410.3 158146 144038 8845.38 135193 7825.45 14108.2 13714.4 3150.94 393.801 1853.71 3584.88 1297.24
internal_count=707000 59412 46600 647588 589543 35967 553576 31909 58045 56376 12812 1669 7534 14691 5278
is_linear=0
shrinkage=0.03


Tree=12
num_leaves=15
num_cat=0
split_feature=1 5 0 6 3 3 1 0 6 6 4 4 4 4
split_gain=286.451 238.584 193.512 156.173 109.465 70.0315 35.2715 27.7391 20.4013 19.4106 20.5645 14.9033 9.95913 6.7273
threshold=-0.019163310374800343 1.0000000180025095e-35 0.13064186977771644 0.012629550729075902 -0.14309785217944695 0.082777475722331642 -0.030842255704877971 0.16058760188210922 0.25316158727047217 -0.11636633874979622 -0.34705946855711384 0.10188981214380056 -0.14588790772709634 -0.13018963380217788
decision_type=2 2 2 2 2 2 2 2 2 2 2 2 2 2
left_child=4 11 3 -3 9 6 -6 -4 -7 10 -1 13 -11 -2
right_child=1 2 7 -5 5 8 -8 -9 -10 12 -12 -13 -14 -15
leaf_value=-0.022291157251373317 0.060928469629231451 0.0014250410034765814 -0.0076428126747112813 -0.00058880598422634124 -0.003634605422268507 -0.0089598878991591774 -0.0014301750830946268 -0.017712615609813874 -0.020902732813893231 -0.026937987223084579 -0.0051149476759675657 -0.0075876447238185894 0.0076037510796007225 0.042014119374794233
leaf_weight=109.62635654211044 20.744658708572388 84388.817817136645 485.92599739134312 58809.772902950644 10781.197537258267 423.9602238535881 16575.890799462795 499.06174629926682 184.86389541625977 168.34561671316624 146.66345326602459 4.9696421772241584 7.8632350862026206 91.887520104646683
leaf_count=469 83 345178 2003 240662 44335 1744 67937 2067 765 727 609 20 33 368
internal_value=-3.49411e-07 0.000541667 0.000506829 0.000597981 -0.00275451 -0.00252288 -0.00229892 -0.0127449 -0.0125862 -0.0177318 -0.012462 0.0432545 -0.0253966 0.0454978
internal_weight=172700 144301 144184 143199 28398.4 27965.9 27357.1 984.988 608.824 432.499 256.29 117.602 176.209 112.632
internal_count=707000 590381 589910 585840 116619 114781 112272 4070 2509 1838 1078 471 760 451
is_linear=0
shrinkage=0.03


Tree=13
num_leaves=16
num_cat=0
split_feature=7 7 7 5 7 7 7 7 7 7 6 6 3 4 4
split_gain=282.161 467.421 330.097 245.002 236.471 235.356 522.484 311.699 77.945 54.2641 36.1937 31.7981 15.8161 15.7822 4.37512
threshold=0.1432593772157961 0.15755317155934781 0.18381394494568773 1.0000000180025095e-35 0.27684666288085874 -0.06642749355352294 -0.085355310879802623 -0.0577327146855433 -0.049620700233285402 0.15453490301518705 0.0087013140980022347 -0.1077383663563745 0.041137302164880436 -0.057845143715188278 0.039809146270809566
decision_type=2 2 2 2 2 2 2 2 2 2 2 2 2 2 2
left_child=3 9 11 8 -4 6 -5 -7 14 10 -2 -3 -11 -10 -1
right_child=1 2 4 5 -6 7 -8 -9 13 12 -12 -13 -14 -15 -16
leaf_value=0.057204262359430373 0.021138313536661832 0.0093060208190522339 0.0076974517972392001 -0.00085578827004966201 -0.00421118236625508 -0.010438704641567868 0.012991404367114361 -0.00051996761609363876 -0.045166516369695306 0.010964239951433565 0.012680257530684887 -0.006885990730763963 0.0019822819383736156 0.0095750444273549565 0.033301911222944271
leaf_weight=85.99151124060154 1058.849394261837 112.70158186554909 5805.8255675733089 7223.3106263130903 2023.8333103060722 2908.9783111810684 3713.0200456082821 144167.63004413247 6.7421098947525051 1088.2697062194347 798.88191963732243 3468.3517845124006 210.58332024514675 15.961509197950361 7.4926087260246268
leaf_count=344 4289 463 23615 29610 8294 12016 14995 590502 27 4420 3245 14228 858 64 30
internal_value=-3.52811e-07 0.0039949 0.00116847 -0.000368407 0.00461927 -0.000400428 0.00384551 -0.000716147 0.0431794 0.0142121 0.0175011 -0.0063764 0.00950799 -0.00668111 0.0552885
internal_weight=172696 14567.3 11410.7 158129 7829.66 158013 10936.3 147077 116.188 3156.58 1857.73 3581.05 1298.85 22.7036 93.4841
internal_count=707000 59412 46600 647588 31909 647123 44605 602518 465 12812 7534 14691 5278 91 374
is_linear=0
shrinkage=0.03


Tree=14
num_leaves=16
num_cat=0
split_feature=0 7 7 7 7 7 0 4 7 7 1 0 6 7 7
split_gain=272.349 301.034 482.052 345.296 311.348 162.678 146.154 132 65.6383 81.6801 30.713 17.7044 14.3593 18.6561 17.7245
threshold=0.11538994876202603 -0.068873503122694288 -0.085355310879802623 0.082927294757344297 0.062430587085533513 0.29433303104773184 0.047263086017785956 0.077147204088814716 -0.14112623220486983 -0.18556505103897189 -0.015053932137927174 0.16058760188210922 -0.056147428492871791 1.0000000180025095e-35 -0.10713815006275694
decision_type=2 2 2 2 2 2 2 2 2 2 2 2 2 2 2
left_child=1 2 6 4 -3 -5 -1 -4 9 10 -2 -11 14 -14 -10
right_child=8 3 7 5 -6 -7 -8 -9 12 11 -12 -13 13 -15 -16
leaf_value=0.0048883087173073178 -0.022250326546438708 -0.00043119480131095794 0.018393147076511976 0.0021666129570734362 -0.0049427774193981202 -0.018249800129449871 -0.0040595317436018198 0.001817194637671476 0.051592229722939316 -0.02554572358663432 -0.0054145702770433887 -0.047141036562006328 -0.015655478426598146 -0.0069567630761410192 -0.0025285054711405479
leaf_weight=3610.0797638893127 174.28553752601147 98866.928539097309 2409.4933053553104 45904.121155455709 15993.7920909971 353.95561867952347 3015.0584088265896 526.93100713193417 5.5617251098155966 54.514041692018509 221.41225762665272 91.539379954338074 293.97466866672039 905.03132225573063 262.03332570195198
leaf_count=14712 749 405218 9712 187295 65733 1488 12383 2131 23 229 922 386 1212 3725 1082
internal_value=-3.66517e-07 0.000128869 0.00530072 -0.000178054 -0.00105941 0.00201039 0.000816203 0.0154187 -0.0109835 -0.019907 -0.0128299 -0.0390806 -0.00768717 -0.00908953 -0.00140365
internal_weight=172689 170680 9561.56 161119 114861 46258.1 6625.14 2936.42 2008.35 541.751 395.698 146.053 1466.6 1199.01 267.595
internal_count=707000 698672 38938 659734 470951 188783 27095 11843 8328 2286 1671 615 6042 4937 1105
is_linear=0
shrinkage=0.03


Tree=15
num_leaves=16
num_cat=0
split_feature=1 5 6 3 0 0 3 3 3 3 6 2 3 6 3
split_gain=270.862 209.989 180.189 176.958 107.842 78.5705 48.5164 42.5866 29.5512 15.3682 14.6154 8.52486 7.62869 5.20231 2.73339
threshold=-0.016037441796601794 1.0000000180025095e-35 0.027716866638828112 -0.0031821572404774896 0.086642738452293477 0.13064186977771644 0.076179139059655135 -0.14309785217944695 -0.063900850139670826 0.13827696399526015 0.25316158727047217 0.0080627226602951341 0.012142630427467773 -0.058136073362953115 0.01494508764254965
decision_type=2 2 2 2 2 2 2 2 2 2 2 2 2 2 2
left_child=4 12 3 -3 6 -4 8 11 -1 -9 -8 -6 13 -2 -14
right_child=1 2 5 -5 7 -7 10 9 -10 -11 -12 -13 14 -15 -16
leaf_value=0.00083320492496607394 0.032242214317642265 5.5811182521094367e-05 -0.00086466314952862635 0.002670314284891743 -0.013263301596411866 -0.011274742230847777 -0.0075164447392381383 -0.0068603111368032519 -0.002093525328898635 -0.023133761675325409 -0.018097997643326726 -0.023758090050630551 0.0073989976120465957 0.049314248958568743 0.031696919877176891
leaf_weight=3463.8955132514238 21.214277490973473 48338.546477675438 42749.55055898428 44977.747544705868 109.74507710337639 662.63466849923134 547.4700829833746 1357.473615437746 29961.77159114182 54.318052679300308 149.57277043163776 190.71436865627766 4.9913811236619976 66.177552625536919 25.223641589283943
leaf_count=14250 85 197753 174991 183939 471 2741 2250 5603 122861 226 619 825 20 265 101
internal_value=-3.81982e-07 0.000607628 0.000573162 0.00131598 -0.00232224 -0.00102356 -0.00195358 -0.00966906 -0.00179023 -0.00748642 -0.00978705 -0.0199248 0.0406773 0.04517 0.027683
internal_weight=172681 136846 136728 93316.3 35835 43412.2 34122.7 1712.25 33425.7 1411.79 697.043 300.459 117.607 87.3918 30.215
internal_count=707000 559895 559424 381692 147105 177732 139980 7125 137111 5829 2869 1296 471 350 121
is_linear=0
shrinkage=0.03


Tree=16
num_leaves=16
num_cat=0
split_feature=7 7 7 0 7 7 7 7 7 7 7 0 6 0 2
split_gain=259.113 436.768 312.455 227.136 346.542 436.081 218.749 190.82 66.8543 82.1124 50.8467 44.8851 33.5127 16.0144 15.4064
threshold=0.1432593772157961 0.15755317155934781 0.18381394494568773 0.10589272449154895 -0.068873503122694288 -0.085355310879802623 0.28666687806024133 -0.0577327146855433 -0.14112623220486983 -0.18556505103897189 0.15453490301518705 0.039466691080729172 0.0087013140980022347 0.16058760188210922 0.0090579709518959581
decision_type=2 2 2 2 2 2 2 2 2 2 2 2 2 2 2
left_child=3 10 11 4 5 -1 -4 -6 9 -5 12 -3 -2 -10 -12
right_child=1 2 6 8 7 -7 -8 -9 13 -11 14 -13 -14 -15 -16
leaf_value=0.0010345779013932739 0.020366888244742531 -0.0038220280052576206 0.0062657571415945792 -0.011459638097078628 -0.0073936534010636094 0.014988368034540572 -0.0093779991130818075 -0.00040009831537727214 -0.0049909496504033403 -0.035803615470990507 0.012045976243581401 -0.010898290551360696 0.01223642944970264 -0.012111711718181926 0.0054711427838547199
leaf_weight=6495.4511470496655 1061.5314652919769 2350.0928643494844 6924.0435679852962 479.29419104754925 3599.8808630406857 2922.6764328181744 910.21834878623486 142720.47099196911 1356.8279532641172 168.55408543348312 726.10900294780731 1228.451926484704 800.22325256466866 359.5812990218401 574.57064978778362
leaf_count=26556 4289 9639 28139 2031 14821 11773 3770 584607 5592 715 2946 5052 3245 1493 2332
internal_value=-3.8372e-07 0.00382707 0.00109335 -0.00035323 -0.000213128 0.00536478 0.0044482 -0.000572159 -0.00958203 -0.0177933 0.0136927 -0.00625119 0.0168722 -0.00648272 0.00914157
internal_weight=172678 14575.2 11412.8 158103 155738 9418.13 7834.26 146320 2364.26 647.848 3162.43 3578.54 1861.75 1716.41 1300.68
internal_count=707000 59412 46600 647588 637757 38329 31909 599428 9831 2746 12812 14691 7534 7085 5278
is_linear=0
shrinkage=0.03


Tree=17
num_leaves=16
num_cat=0
split_feature=1 7 7 7 7 3 7 7 3 3 7 7 7 7 7
split_gain=254.95 278.891 303.938 262.64 239.658 210.967 170.77 129.671 93.8498 62.8781 59.2174 53.5439 20.1072 19.6431 5.89351
threshold=-0.019163310374800343 -0.063636436613844868 -0.0577327146855433 0.1432593772157961 -0.085355310879802623 -0.061433695379255131 -0.060272034423333669 -0.068873503122694288 -0.14309785217944695 0.082777475722331642 0.071206567817206259 -0.17596274350969568 -0.2598207951683007 0.019738000221323663 -0.10713815006275694
decision_type=2 2 2 2 2 2 2 2 2 2 2 2 2 2 2
left_child=8 4 6 -4 5 -2 -3 -6 11 10 -10 12 -1 -11 -13
right_child=1 2 3 -5 7 -7 -8 -9 9 13 -12 14 -14 -15 -16
leaf_value=-0.018476535625911828 -0.014711665165259638 -0.0055779503285321753 -7.0680100812170373e-05 0.0045901575024733668 0.015694154266190773 0.0038753920758659854 -0.025214708001520592 0.0034416646454887268 -0.0030999980825476567 -0.019292367170402395 -6.7126210863214091e-05 0.020512515260736962 -0.035667059720505205 -0.0079750800078912509 -0.0047757178274378687
leaf_weight=156.98115389049053 629.17647087574005 1208.5695576518774 122026.24360282719 11946.459438964725 2401.2972195744514 4344.574287161231 594.71023395657539 1149.5312398970127 18998.95225392282 212.56672811508179 8336.4156206548214 8.7452092915773374 100.40399515628815 393.62265227735043 160.86236707866192
leaf_count=688 2628 4997 499601 48647 9649 17686 2481 4692 78157 879 34115 36 445 1630 669
internal_value=-3.99508e-07 0.000510725 0.000180257 0.000344931 0.00577428 0.00152414 -0.012054 0.0117276 -0.0026003 -0.002387 -0.00217507 -0.0165587 -0.0251824 -0.0119436 -0.00347182
internal_weight=172669 144301 135776 133973 8524.58 4973.75 1803.28 3550.83 28368.5 27941.6 27335.4 426.993 257.385 606.189 169.608
internal_count=707000 590381 555726 548248 34655 20314 7478 14341 116619 114781 112272 1838 1133 2509 705
is_linear=0
shrinkage=0.03


Tree=18
num_leaves=16
num_cat=0
split_feature=1 5 6 3 0 0 3 3 3 3 6 2 3 6 6
split_gain=241.813 198.067 169.653 207.984 95.8964 86.6698 43.789 37.1279 28.6175 14.145 13.7658 8.11963 7.22079 4.93345 2.73811
threshold=-0.016037441796601794 1.0000000180025095e-35 0.013778865350682958 -0.0031821572404774896 0.086642738452293477 0.13064186977771644 0.076179139059655135 -0.14309785217944695 -0.063900850139670826 0.13827696399526015 0.25316158727047217 0.0080627226602951341 0.012142630427467773 -0.058136073362953115 0.10194890228639066
decision_type=2 2 2 2 2 2 2 2 2 2 2 2 2 2 2
left_child=4 12 3 -3 6 -4 8 11 -1 -9 -8 -6 13 -2 -14
right_child=1 2 5 -5 7 -7 10 9 -10 -11 -12 -13 14 -15 -16
leaf_value=0.00088901376826843988 0.031293446872100367 8.9627963456161871e-05 -0.00059608649215775261 0.0031624803639950325 -0.012257883432906031 -0.011246982096391954 -0.0070977567578945 -0.0065083597187646763 -0.0019917435383844952 -0.022180180564096576 -0.017390635166206928 -0.022564232876894873 0.030886689086778565 0.047926437563808981 0.00656524417889343
leaf_weight=3462.435436591506 21.198366105556488 45774.729486018419 55298.841874927282 34967.270942360163 108.55042101442814 696.26073852181435 546.08530847728252 1354.3745906203985 29943.701001271605 53.895597219467163 148.80935077369213 187.85582672059536 25.221713364124302 66.071962222456932 4.9902111440896979
leaf_count=14250 85 187274 226341 142918 471 2891 2250 5603 122861 226 619 825 101 265 20
internal_value=-4.13891e-07 0.00057385 0.000540397 0.0014204 -0.00219533 -0.000728523 -0.00184821 -0.00913933 -0.00169316 -0.00710813 -0.00930194 -0.0187898 0.0395101 0.0438862 0.0268694
internal_weight=172660 136855 136737 80742 35805.7 55995.1 34101 1704.68 33406.1 1408.27 694.895 296.406 117.482 87.2703 30.2119
internal_count=707000 559895 559424 330192 147105 229232 139980 7125 137111 5829 2869 1296 471 350 121
is_linear=0
shrinkage=0.03


Tree=19
num_leaves=16
num_cat=0
split_feature=7 7 0 7 7 4 7 7 0 7 4 4 7 1 6
split_gain=232.149 365.585 257.522 415.372 164.638 157.51 135.816 159.638 96.2219 81.3083 63.5537 24.2654 19.4393 14.205 6.5342
threshold=0.081932593887314678 0.062430587085533513 0.065595056572833807 -0.068873503122694288 0.063369010529924177 0.17689097856520811 0.29433303104773184 0.18381394494568773 0.13064186977771644 0.063984644504548563 -0.053124870309049214 0.33500118378110216 0.25123358390801948 -0.010186272080611021 -0.058136073362953115
decision_type=2 2 2 2 2 2 2 2 2 2 2 2 2 2 2
left_child=1 2 3 -1 10 6 7 -2 -4 -6 -3 12 -7 -13 -8
right_child=5 4 8 -5 9 11 14 -9 -10 -11 -12 13 -14 -15 -16
leaf_value=0.0070280864810872293 0.0017175115955656995 -0.029571648984701646 -0.0039405175342276666 -0.00020135261761913551 0.0064553274595906575 -0.0018068550530729783 -0.0066853151124881922 0.0069112814459376384 -0.013994704456299004 -0.0045370453192874905 -0.012099944823117452 -0.015900182244698524 -0.0078809335094737164 -0.0061289602481617994 -0.020190891713085472
leaf_weight=7744.7715957909822 36531.900315001607 224.82272976636887 7542.441333681345 93565.312165409327 634.17909972369671 3162.4251193106174 37.129341244697571 6235.1883482187986 966.46029677987099 13444.36276756227 1124.955670684576 190.7773775011301 557.84943298995495 449.1407403498888 244.88714179396629
leaf_count=31431 149088 936 31048 383543 2609 12921 157 25313 4083 55275 4655 786 2283 1837 1035
internal_value=-4.13887e-07 -0.000677214 -6.97069e-05 0.000351311 -0.00500146 0.00178758 0.0023379 0.00247473 -0.00508249 -0.00404189 -0.0150101 -0.00364584 -0.00271765 -0.00904203 -0.0184128
internal_weight=172657 125247 109819 101310 15428.3 47409.3 43049.1 42767.1 8508.9 14078.5 1349.78 4360.19 3720.27 639.918 282.016
internal_count=707000 513580 450105 414974 63475 193420 175593 174401 35131 57884 5591 17827 15204 2623 1192
is_linear=0
shrinkage=0.03


Tree=20
num_leaves=16
num_cat=0
split_feature=1 7 7 7 7 7 0 7 7 7 7 0 7 7 4
split_gain=230.091 254.132 348.854 259.278 239.535 179.52 135.883 133.496 71.1624 61.4381 56.288 58.0177 55.8916 53.4137 27.0715
threshold=-0.026981807498435473 -0.063636436613844868 -0.0577327146855433 -0.085355310879802623 -0.049620700233285402 -0.060272034423333669 0.16058760188210922 -0.068873503122694288 0.071206567817206259 0.091259260166913783 0.061221613087129596 0.083495031413477833 0.088517405510012651 0.063369010529924177 0.21828402312737685
decision_type=2 2 2 2 2 2 2 2 2 2 2 2 2 2 2
left_child=8 3 5 6 -4 -3 -2 -5 10 12 11 -1 -10 -12 -11
right_child=1 2 4 7 -6 -7 -8 -9 9 14 13 -13 -14 -15 -16
leaf_value=-0.0034598198642148952 0.0017994821314169596 -0.0061879324893240311 0.0092824528115397868 0.01486808927406838 4.3125177119313551e-05 -0.025528885685056551 -0.024601365816855764 0.0030917984560994462 0.0018467341775072613 -0.0013734488556728654 -0.026879101772133516 -0.010251306142563114 0.017830334573345891 -0.0072405359286302172 -0.011061060993462886
leaf_weight=9150.1228400319815 5403.8640209287405 1314.7555105388165 2570.7630166262388 2638.4127366095781 143123.28543080389 643.22573605179787 181.34596288204193 1289.9113378226757 694.22596706449986 3244.6012932956219 192.87505270540714 1291.9086231440306 274.85082103312016 352.35176904499531 282.18846990168095
leaf_count=37727 22034 5442 10527 10592 585790 2697 775 5265 2852 13288 809 5445 1126 1466 1165
internal_value=-4.29005e-07 0.000343319 3.71058e-05 0.0050958 0.000206153 -0.0125417 0.000942274 0.0110012 -0.00348973 -0.000310255 -0.00479074 -0.00430008 0.00638002 -0.0141877 -0.00214858
internal_weight=172649 157166 147652 9513.53 145694 1957.98 5585.21 3928.32 15483.1 4495.87 10987.3 10442 969.077 545.227 3526.79
internal_count=707000 643122 604456 38666 596317 8139 22809 15857 63878 18431 45447 43172 3978 2275 14453
is_linear=0
shrinkage=0.03


Tree=21
num_leaves=15
num_cat=0
split_feature=1 5 6 4 3 3 3 1 6 6 4 4 4 4
split_gain=219.657 185.7 168.354 154.438 98.3589 63.0269 61.4257 44.32 24.5789 17.5246 16.4231 13.3862 11.298 6.01576
threshold=-0.013179558929247787 1.0000000180025095e-35 0.027716866638828112 -0.0039478812394906906 -0.14309785217944695 0.068591343938008822 0.091052311839341052 -0.029404505816587097 0.25316158727047217 -0.14724613225067509 -0.34705946855711384 0.10188981214380056 -0.19264033925495785 -0.13018963380217788
decision_type=2 2 2 2 2 2 2 2 2 2 2 2 2 2
left_child=4 11 3 -3 9 7 -4 -6 -7 10 -1 13 -11 -2
right_child=1 2 6 -5 5 8 -8 -9 -10 12 -12 -13 -14 -15
leaf_value=-0.019551831461995014 0.0552024983913144 0.00011495127383106014 -0.00060837485377941648 0.0026442336505467126 -0.0030421427865365835 -0.0062847258916200917 -0.0045583786007595325 -0.00088493036733701597 -0.016932896954709127 -0.024164540555555777 -0.0030446250576209137 -0.0096801686381794826 -0.0034099602496995966 0.037251984214634506
leaf_weight=92.282594829797745 20.588509291410446 44810.315902337432 37612.682587116957 42177.755313366652 11934.88824595511 966.57916308939457 3911.7086497694254 30415.719945445657 244.43764139711857 198.65455402433872 131.59738105535507 4.9870935976505271 26.789048910140991 91.3786581158638
leaf_count=404 83 183292 154028 172399 49198 3983 16042 124613 1022 884 550 20 115 367
internal_value=-4.42387e-07 0.000625498 0.000591111 0.00134132 -0.00182986 -0.00168582 -0.000980476 -0.00149286 -0.00843401 -0.0157942 -0.00984884 0.0384107 -0.0216983 0.0405527
internal_weight=172640 128629 128512 86988.1 44010.9 43561.6 41524.4 42350.6 1211.02 449.324 223.88 116.954 225.444 111.967
internal_count=707000 526231 525761 355691 180769 178816 170070 173811 5005 1953 954 470 999 450
is_linear=0
shrinkage=0.03


Tree=22
num_leaves=16
num_cat=0
split_feature=7 7 7 7 0 7 7 7 7 7 7 0 4 3 3
split_gain=219.388 412.303 289.406 205.952 183.195 285.576 281.861 240.033 56.48 79.4022 47.7368 40.7254 31.9767 27.9181 15.1727
threshold=0.1432593772157961 0.15755317155934781 0.18381394494568773 0.27684666288085874 0.10589272449154895 -0.06642749355352294 -0.085355310879802623 -0.0577327146855433 -0.14112623220486983 -0.18556505103897189 0.15453490301518705 0.048933724796543718 0.00081033703953914415 0.13827696399526015 -0.023147059992776827
decision_type=2 2 2 2 2 2 2 2 2 2 2 2 2 2 2
left_child=4 10 11 -4 5 6 -1 -7 9 -6 12 -3 -2 -10 -12
right_child=1 2 3 -5 8 7 -8 -9 13 -11 14 -13 -14 -15 -16
leaf_value=0.00090898908735197225 0.022081682439984911 -0.0045240898219334339 0.0069524976760275362 -0.0041617145918980162 -0.010008169379883471 -0.0091594332321395591 0.011313050878833346 -0.00036731527406263674 -0.0039561528445049591 -0.034179543308462651 0.0019065189979392179 -0.012292018917145119 0.01356148073653715 -0.013765342975420721 0.010233312091221662
leaf_weight=6496.5597083717585 571.4846628010273 2801.8235287219286 5822.4330432415009 2021.5392872393131 472.30103126168251 2850.4718523174524 3665.9767669141293 142687.50015062094 1386.7317214161158 165.05844174325466 241.83985015749931 775.57644040882587 1294.2882910817862 321.71483375132084 1060.966756567359
leaf_count=26556 2305 11493 23615 8294 2031 11852 14742 584607 5746 715 980 3198 5229 1339 4298
internal_value=-4.40718e-07 0.00351943 0.000863143 0.00408816 -0.000325376 -0.000200008 0.00466209 -0.000539516 -0.00864655 -0.0162679 0.0130942 -0.00620817 0.0161712 -0.00580331 0.00868761
internal_weight=172636 14590 11421.4 7843.97 158046 155701 10162.5 145538 2345.81 637.359 3168.58 3577.4 1865.77 1708.45 1302.81
internal_count=707000 59412 46600 31909 647588 637757 41298 596459 9831 2746 12812 14691 7534 7085 5278
is_linear=0
shrinkage=0.03


Tree=23
num_leaves=16
num_cat=0
split_feature=7 7 0 7 7 7 7 7 0 7 7 6 1 1 6
split_gain=212.038 450.387 232.434 401.325 141.773 121.598 121.358 120.084 114.327 95.3731 59.0383 44.663 5.39865 5.53821 3.23093
threshold=0.07694626914134807 0.062430587085533513 0.047263086017785956 -0.06642749355352294 0.29433303104773184 0.077909723860541749 0.1432593772157961 0.063369010529924177 0.13064186977771644 0.063984644504548563 0.062680467203887882 -0.070891529776114723 -0.023131937707975964 0.0034949528298369738 0.089213434410538986
decision_type=2 2 2 2 2 2 2 2 2 2 2 2 2 2 2
left_child=1 2 3 -1 5 11 -7 10 -4 -9 -3 -2 14 -14 -6
right_child=4 7 8 -5 12 6 -8 9 -10 -11 -12 -13 13 -15 -16
leaf_value=0.0078708646316879832 0.039041099164923002 -0.0078105074678161942 -0.0024241488817396714 5.0554436820941185e-05 -0.011161978435408722 0.00064190473017573357 0.0039280777016452084 0.0062595780826868739 -0.013036377896664246 -0.0057112825748528839 -0.020408324299468861 0.011713445485791289 -0.021541646021408255 -0.013080611799643385 0.010302243003520154
leaf_weight=6360.6020175516605 58.478981047868729 628.56347082555294 19846.378502547741 82626.271090656519 37.42768058180809 34917.044842660427 14238.599152177572 634.82903757691383 957.73464715480804 10609.229514032602 716.37054589390755 676.37286898493767 204.42306967079639 105.58712066709995 7.59185467660427
leaf_count=25723 240 2612 81595 338704 158 142583 57904 2609 4083 43684 2979 2776 871 447 32
internal_value=-4.52423e-07 -0.000674157 -5.78864e-05 0.000609534 0.00164045 0.00177488 0.00159379 -0.00604877 -0.00291269 -0.00503542 -0.0145207 0.0138882 -0.0172501 -0.0186599 -0.00754237
internal_weight=172626 122380 109791 88986.9 50245.5 49890.5 49155.6 12589 20804.1 11244.1 1344.93 734.852 355.03 310.01 45.0195
internal_count=707000 501989 450105 364427 205011 203503 200487 51884 85678 46293 5591 3016 1508 1318 190
is_linear=0
shrinkage=0.03


Tree=24
num_leaves=16
num_cat=0
split_feature=1 5 6 3 3 0 3 1 6 6 2 6 3 6 3
split_gain=205.974 175.333 157.093 175.083 89.4612 68.8215 59.447 40.1779 23.1737 16.5278 8.32024 7.53754 6.04943 4.82048 2.80819
threshold=-0.013179558929247787 1.0000000180025095e-35 0.012629550729075902 -0.0031821572404774896 -0.14309785217944695 0.13064186977771644 0.068591343938008822 -0.029404505816587097 0.25316158727047217 -0.14724613225067509 0.045835296952291382 0.022328654804099849 0.012142630427467773 -0.058136073362953115 0.01494508764254965
decision_type=2 2 2 2 2 2 2 2 2 2 2 2 2 2 2
left_child=4 12 3 -3 9 -4 7 -6 -8 10 -1 -11 13 -2 -14
right_child=1 2 5 -5 6 -7 8 -9 -10 11 -12 -13 14 -15 -16
leaf_value=-0.0075952251345081006 0.028909388972759062 0.00017216357041568875 -0.00052860811274013566 0.0031106545769251921 -0.0029241359160856514 -0.01005875068743709 -0.0061091729772323258 -0.00086956930286638588 -0.016465614230404053 -0.022177601243554803 -0.028355458883958136 0.0032734954107995558 0.0051947941781142672 0.045394445935895089 0.029851221525486651
leaf_weight=203.75560602545738 21.09580984711647 41226.736730724573 53850.112796187401 32742.162018954754 11925.501169830561 690.72110725939274 965.46479180455208 30410.117931813002 243.49668604135513 211.91670759022236 18.994236707687378 11.017174020409582 4.9902106821537044 65.631277099251747 24.906462624669075
leaf_count=869 85 168670 220461 133736 49198 2894 3983 124613 1022 950 85 49 20 265 100
internal_value=-4.65949e-07 0.000605572 0.000572205 0.00147288 -0.0017725 -0.000649301 -0.00163563 -0.00144832 -0.00819506 -0.015145 -0.00936548 -0.0209198 0.0373729 0.0413846 0.0257357
internal_weight=172617 128626 128510 73968.9 43990.3 54540.8 43544.6 42335.6 1208.96 445.684 222.75 222.934 116.624 86.7271 29.8967
internal_count=707000 526231 525761 302406 180769 223355 178816 173811 5005 1953 954 999 470 350 120
is_linear=0
shrinkage=0.03


Tree=25
num_leaves=16
num_cat=0
split_feature=7 7 5 0 7 7 7 7 7 7 1 7 1 1 6
split_gain=200.071 327.852 215.386 206.363 144.118 134.905 92.2554 236.758 122.711 72.2442 56.3062 33.9067 5.20298 5.28174 3.06268
threshold=0.081932593887314678 0.062430587085533513 1.0000000180025095e-35 0.047263086017785956 0.063369010529924177 0.29433303104773184 0.18381394494568773 0.15755317155934781 0.198019398156318 0.063984644504548563 -0.0089486081639379763 -0.049620700233285402 -0.023131937707975964 0.0034949528298369738 0.089213434410538986
decision_type=2 2 2 2 2 2 2 2 2 2 2 2 2 2 2
left_child=1 2 11 -4 10 6 7 -2 -8 -6 -3 -1 14 -14 -7
right_child=5 4 3 -5 9 12 8 -9 -10 -11 -12 -13 13 -15 -16
leaf_value=0.049226759283648225 0.0019507840435522813 -0.021495607521155206 0.00053385790515231085 -0.0027864402259323759 0.0060518875930857842 -0.01080083793450106 0.01845767256656488 -0.006142796021184495 0.003766568204611923 -0.0042996383147236973 -0.0089980179342404286 -0.00096426816846242609 -0.021017045975761532 -0.012738381235919721 0.010089862385995036
leaf_weight=92.301862344145775 36004.189792752266 550.11915056407452 88887.731200844049 20786.545838579535 635.51020261645317 37.313852205872536 552.4153259396553 3575.9366055727005 6943.1629844307899 13425.591705873609 790.91105034947395 13.943636745214461 203.32588356733322 105.26711519062519 7.6028295755386344
leaf_count=374 146820 2312 363998 85677 2609 158 2232 14691 28169 55275 3279 56 871 447 32
internal_value=-4.62924e-07 -0.000629142 -5.40786e-05 -9.54376e-05 -0.00472798 0.00165885 0.0017975 0.00121956 0.00484929 -0.00383179 -0.0141248 0.0426397 -0.0168045 -0.018193 -0.00726477
internal_weight=172612 125183 109781 109674 15402.1 47429.2 47075.7 39580.1 7495.58 14061.1 1341.03 106.245 353.51 308.593 44.9167
internal_count=707000 513580 450105 449675 63475 193420 191912 161511 30401 57884 5591 430 1508 1318 190
is_linear=0
shrinkage=0.03


Tree=26
num_leaves=16
num_cat=0
split_feature=1 7 7 7 5 2 7 3 3 7 7 7 2 7 7
split_gain=191.619 200.077 231.004 213.018 209.641 168.075 103.649 83.9081 55.9698 52.9131 50.2265 33.3877 26.0323 23.0247 9.60085
threshold=-0.013179558929247787 -0.063636436613844868 0.097197455049241835 0.10748458408798779 1.0000000180025095e-35 0.01200565886974988 -0.085355310879802623 -0.14309785217944695 0.068591343938008822 -0.16960564226560779 0.082927294757344297 0.015271954688652391 0.0013671994209289106 -0.2598207951683007 -0.10713815006275694
decision_type=2 2 2 2 2 2 2 2 2 2 2 2 2 2 2
left_child=7 5 4 -4 -3 12 -7 9 10 13 -9 -10 -2 -1 -11
right_child=1 2 3 -5 -6 6 -8 8 11 14 -12 -13 -14 -15 -16
leaf_value=-0.015987782164798126 0.017441486774122127 0.041824110454982001 0.0086866190646651183 0.001530963022827625 -0.00050094941228628355 -0.0027686981543905685 0.0080184336729417546 -0.002031631070247111 -0.015378030391673183 0.031630358621879594 0.00028471209845888325 -0.0045971156381411811 0.0088808060848094283 -0.034085652901410725 -0.0035946936727727593
leaf_weight=157.07962261140347 351.35162553191185 105.44442467391491 4407.2818981856108 24886.716315239668 91662.895058318973 2487.5258205085993 1182.8915850520134 30711.474694177508 375.13654068112373 7.2558759450912467 11609.906363099813 831.76273603737354 3548.4263710826635 105.93614539504051 173.02142350375652
leaf_count=712 1425 429 17937 101344 375769 10204 4768 126379 1556 30 47432 3449 14355 485 726
internal_value=-4.68172e-07 0.000583953 0.000288088 0.00260753 -0.000452317 0.00531541 0.000707748 -0.00171011 -0.00157786 -0.0146962 -0.0013962 -0.00794811 0.00965208 -0.0232771 -0.00217694
internal_weight=172604 128633 121062 29294 91768.3 7570.2 3670.42 43971.6 43528.3 443.293 42321.4 1206.9 3899.78 263.016 180.277
internal_count=707000 526231 495479 119281 376198 30752 14972 180769 178816 1953 173811 5005 15780 1197 756
is_linear=0
shrinkage=0.03


Tree=27
num_leaves=16
num_cat=0
split_feature=7 7 7 7 5 7 7 7 7 7 0 3 2 7 3
split_gain=186.554 382.879 257.763 184.315 161.655 157.548 342.376 241.954 68.9967 44.7954 38.1508 25.9517 14.5637 3.4399 1.85817
threshold=0.1432593772157961 0.15755317155934781 0.18381394494568773 0.27684666288085874 1.0000000180025095e-35 -0.06642749355352294 -0.085355310879802623 -0.0577327146855433 -0.049620700233285402 0.15453490301518705 0.039466691080729172 0.028636448193933742 0.0085470085470085253 0.11969351541752406 0.012484417942181249
decision_type=2 2 2 2 2 2 2 2 2 2 2 2 2 2 2
left_child=4 9 10 -4 8 6 -6 -7 14 11 -3 -2 -11 -10 -1
right_child=1 2 3 -5 5 7 -8 -9 13 12 -12 -13 -14 -15 -16
leaf_value=0.049375953634953618 0.017493877228624711 -0.0037595008727005375 0.0064268738420867177 -0.0040892721965016142 -0.00067354216645742907 -0.0091886069666511309 0.01052336026142193 -0.00041231221623793844 -0.0021704532311970621 0.011170753226017172 -0.010291994304341899 0.0093617858392358293 0.0048197626502538794 -0.02619258241812801 0.039109449408178405
leaf_weight=70.744462937116623 1396.9215793311596 2349.2323626726866 5833.3391476124525 2019.2278163731098 7200.3573125898838 2883.7705883085728 3731.5815844386816 144065.70443229377 13.908865198493006 693.57414677739143 1223.7494455575943 472.70071321725845 611.43792259693146 8.7337523102760297 20.45404227077961
leaf_count=291 5625 9639 23615 8294 29610 12016 14995 590502 56 2804 5052 1909 2474 35 83
internal_value=-4.69015e-07 0.00324406 0.000683223 0.00372273 -0.000300292 -0.00032606 0.00314848 -0.00058454 0.035436 0.0124605 -0.00599689 0.0154378 0.00819512 -0.0114363 0.0470734
internal_weight=172595 14600.2 11425.5 7852.57 157995 157881 10931.9 146949 113.841 3174.63 3572.98 1869.62 1305.01 22.6426 91.1985
internal_count=707000 59412 46600 31909 647588 647123 44605 602518 465 12812 14691 7534 5278 91 374
is_linear=0
shrinkage=0.03


Tree=28
num_leaves=16
num_cat=0
split_feature=1 7 7 7 7 7 2 7 0 7 7 7 7 7 7
split_gain=180.995 195.048 220.369 256.312 165.521 142.598 121.704 103.345 70.1288 86.7242 41.5555 126.548 47.8526 31.4995 13.9383
threshold=-0.016037441796601794 -0.063636436613844868 -0.0577327146855433 -0.049620700233285402 -0.085355310879802623 -0.060272034423333669 0.01099666495120803 -0.082040370655703396 0.086642738452293477 -0.16960564226560779 0.082927294757344297 0.090434702528793834 0.061221613087129596 0.15755317155934781 -0.18556505103897189
decision_type=2 2 2 2 2 2 2 2 2 2 2 2 2 2 2
left_child=8 4 5 -4 6 -3 -2 -6 10 14 12 -12 -1 -11 -10
right_child=1 2 3 -5 7 -7 -8 -9 9 13 11 -13 -14 -15 -16
leaf_value=-0.0017736278015351367 0.0072157820422505715 -0.0044017816969381786 0.010394726551059124 0.00017542607979001347 0.022170770897335219 -0.022857387245020851 -0.0026287688665848213 0.007808258818788512 -0.017824592658542499 -0.0024368672618793174 0.011564847612646121 -0.00096500444999721852 -0.0059085329811255031 -0.017432691337893515 -0.033912660730672915
leaf_weight=21876.08773098886 1904.9103024601936 1137.8456585109234 2248.6497438848019 124846.94157806039 536.07614573836327 563.33590692281723 2779.0200361162424 2837.4960008859634 342.06207658350468 1144.9388524740934 792.8924563229084 8528.8316749334335 2846.7228880673647 141.66707997024059 56.46753454208374
leaf_count=90059 7730 4732 9205 510853 2147 2387 11397 11444 1514 4774 3242 34875 11804 584 253
internal_value=-4.67849e-07 0.000495941 0.000212665 0.000356232 0.00502403 -0.0105132 0.00137492 0.0100905 -0.00190185 -0.0078758 -0.00160615 0.000100767 -0.00224974 -0.00408804 -0.0201041
internal_weight=172584 136854 128797 127096 8057.5 1701.18 4683.93 3373.57 35729.7 1685.14 34044.5 9321.72 24722.8 1286.61 398.53
internal_count=707000 559895 527177 520058 32718 7119 19127 13591 147105 7125 139980 38117 101863 5358 1767
is_linear=0
shrinkage=0.03


Tree=29
num_leaves=16
num_cat=0
split_feature=7 7 7 7 0 7 7 7 7 7 0 4 7 4 2
split_gain=176.312 359.297 242.677 173.473 152.367 225.468 308.775 182.248 43.5394 42.0547 36.1337 29.5213 26.6578 13.9766 13.8898
threshold=0.1432593772157961 0.15755317155934781 0.18381394494568773 0.27684666288085874 0.11538994876202603 -0.068873503122694288 -0.085355310879802623 0.013054558192188483 -0.039714611885107103 0.15453490301518705 0.048933724796543718 0.14826180447722784 -0.2598207951683007 -0.054218006763980024 0.0060441630402648097
decision_type=2 2 2 2 2 2 2 2 2 2 2 2 2 2 2
left_child=4 9 10 -4 5 6 -1 -7 12 11 -3 -2 -6 -10 -11
right_child=1 2 3 -5 8 7 -8 -9 13 14 -12 -13 -14 -15 -16
leaf_value=0.0006705186213475389 0.016381806700014306 -0.0042294496257394227 0.0062401547076256433 -0.003963670385609094 -0.005932153712092901 -0.0021761154829562615 0.012336918720025885 0.00017703969043588756 0.0020925889819721107 0.011817030535297852 -0.011561372018136735 0.0049859157139850781 -0.018540142209079298 -0.0068077997491057304 0.0054728521186558285
leaf_weight=6622.0043614655733 1638.0935338884592 2797.2424261569977 5837.0489822477102 2017.8900758475065 215.93986661732197 41194.682077020407 2951.9899622052908 105434.54236018658 194.84700563549995 508.80144938826561 771.88113379478455 233.78759957849979 501.33438387513161 858.10519203543663 797.27893573045731
leaf_count=27095 6590 11493 23615 8294 960 169111 11843 432036 816 2055 3198 944 2149 3578 3223
internal_value=-4.75135e-07 0.0031535 0.000671481 0.00361885 -0.000292008 -0.000192823 0.00426767 -0.000484066 -0.00904397 0.0120758 -0.0058151 0.0149585 -0.0147444 -0.0051608 0.00794431
internal_weight=172575 14602 11424.1 7854.94 157973 156203 9573.99 146629 1770.23 3177.96 3569.12 1871.88 717.274 1052.95 1306.08
internal_count=707000 59412 46600 31909 647588 640085 38938 601147 7503 12812 14691 7534 3109 4394 5278
is_linear=0
shrinkage=0.03


Tree=30
num_leaves=16
num_cat=0
split_feature=7 7 0 7 7 7 7 7 7 0 7 6 0 0 6
split_gain=166.828 402.166 192.956 295.466 123.209 119.881 106.075 101.615 90.0935 72.3971 55.9037 41.884 12.0135 11.3456 4.92499
threshold=0.07694626914134807 0.062430587085533513 0.065595056572833807 -0.068873503122694288 0.077909723860541749 0.29433303104773184 0.063369010529924177 0.1432593772157961 0.065839886119390414 0.16058760188210922 0.062680467203887882 -0.070891529776114723 0.029100529100529175 0.019017337553137562 -0.058136073362953115
decision_type=2 2 2 2 2 2 2 2 2 2 2 2 2 2 2
left_child=1 2 3 -1 11 7 10 -6 -8 -4 -3 13 -13 -2 -7
right_child=4 6 9 -5 5 14 8 -9 -10 -11 -12 12 -14 -15 -16
leaf_value=0.0059719872031811705 -0.0015889478180736198 -0.0071328357486656717 -0.0036892067961093863 -0.00011971164743291507 0.00052710550123607569 -0.0061315309981443281 4.6358584034761632e-05 0.0035328438611186628 -0.0062441434095349855 -0.015700478246321543 -0.019430246650805685 0.0082010877184062417 0.016326772736133512 0.042335514727659798 -0.01744284641769589
leaf_weight=7760.6567854136229 5.8811752498149863 625.49405282735825 7982.1153930872679 93508.69574727118 34934.419869363308 38.964815855026245 2697.3661167174578 14252.612992808223 8526.2741892635822 478.719227835536 710.75390049815178 399.43787203729153 277.53051771223545 52.870487540960312 312.37431485950947
leaf_count=31431 24 2612 33055 383543 142583 167 11115 57904 35178 2076 2979 1637 1139 216 1341
internal_value=-4.78127e-07 -0.000598554 -1.65071e-05 0.000347118 0.00145432 0.00127333 -0.00568364 0.00139806 -0.00473235 -0.00436881 -0.0136739 0.013641 0.0115323 0.0379386 -0.0161884
internal_weight=172564 122290 109730 101269 50274.1 49538.4 12559.9 49187 11223.6 8460.83 1336.25 735.72 676.968 58.7517 351.339
internal_count=707000 501989 450105 414974 205011 201995 51884 200487 46293 35131 5591 3016 2776 240 1508
is_linear=0
shrinkage=0.03


Tree=31
num_leaves=16
num_cat=0
split_feature=7 7 0 7 4 7 7 7 0 7 4 6 7 7 4
split_gain=156.956 378.857 186.814 308.757 135.532 103.406 105.257 100.357 91.6911 84.9349 59.8873 39.0615 21.4983 38.496 17.6118
threshold=0.07694626914134807 0.062430587085533513 0.047263086017785956 -0.068873503122694288 0.18189742461102412 0.077909723860541749 0.1432593772157961 0.063369010529924177 0.13064186977771644 0.065839886119390414 -0.0031988330575605235 -0.070891529776114723 0.25123358390801948 0.27185133386963328 0.33500118378110216
decision_type=2 2 2 2 2 2 2 2 2 2 2 2 2 2 2
left_child=1 2 3 -1 5 11 -7 10 -4 -9 -3 -2 14 -14 -6
right_child=4 7 8 -5 12 6 -8 9 -10 -11 -12 -13 13 -15 -16
leaf_value=0.0072841377107026716 0.03661026801113218 -0.020682030142530738 -0.0021435705794680504 0.00011582237982784964 -0.0019534707847211957 0.0007977065646385369 0.0040094091864306515 4.4967559545642125e-05 -0.011709127517232111 -0.0060635761930930548 -0.0078207768090317962 0.011126460033104482 -0.018955215157834625 -0.003354668955838633 -0.0077673856423024924
leaf_weight=5783.8383738994598 59.05145888030529 567.94543600082397 19807.871342375875 83188.846155881882 3018.9864124804735 32591.11324441433 12787.128172531724 2697.387458845973 944.90374693274498 8516.9161690473557 764.40199030935764 649.93866699934006 220.93185104429722 400.27031370997429 555.16158019006252
leaf_count=23357 240 2391 81595 341070 12337 132973 51972 11115 4083 35178 3200 2660 897 1651 2281
internal_value=-4.87852e-07 -0.000580707 -1.60233e-05 0.000581812 0.00141043 0.00188036 0.00170273 -0.00551909 -0.0025791 -0.00459428 -0.0133032 0.013249 -0.00375183 -0.00890304 -0.00285653
internal_weight=172555 122272 109725 88972.7 50282.6 46087.2 45378.2 12546.7 20752.8 11214.3 1332.35 708.99 4195.35 621.202 3574.15
internal_count=707000 501989 450105 364427 205011 187845 184945 51884 85678 46293 5591 2900 17166 2548 14618
is_linear=0
shrinkage=0.03


Tree=32
num_leaves=16
num_cat=0
split_feature=1 7 7 7 2 7 7 3 4 7 7 2 7 7 2
split_gain=170.518 151.197 196.379 245.564 141.099 132.628 79.4202 72.5795 55.2155 48.525 45.8529 24.6251 22.7723 9.11983 8.17679
threshold=-0.013179558929247787 -0.063636436613844868 -0.0577327146855433 -0.049620700233285402 0.01200565886974988 -0.060272034423333669 -0.085355310879802623 -0.14309785217944695 0.33500118378110216 -0.16960564226560779 0.082927294757344297 0.0013671994209289106 -0.2598207951683007 -0.10713815006275694 0.015592209256119243
decision_type=2 2 2 2 2 2 2 2 2 2 2 2 2 2 2
left_child=7 4 5 -4 11 -3 -6 9 10 12 -9 -2 -1 -11 -10
right_child=1 2 3 -5 6 -7 -8 8 14 13 -12 -13 -14 -15 -16
leaf_value=-0.014815062978137946 0.016192762346562948 -0.0040314039520835052 0.010506450518457717 0.00024996614878666242 -0.0026118627171927014 -0.022301453337741577 0.0068293398248519734 -0.0020010877793225266 -0.010384269239245285 0.031102256339174985 0.00018822221723468859 0.0078791520066089447 -0.033005919077864945 -0.0031933466864158076 -0.020412272628683652
leaf_weight=154.37214979529381 352.44652327895164 1074.2553072869778 2139.2416137009859 117286.91323117912 2483.7121530324221 536.04011677205563 1184.2467974722385 31289.22502104938 217.66212096810341 7.2726607471704474 11878.39894784987 3555.1214766949415 103.43581630289555 172.43752022087574 110.2471481859684
leaf_count=712 1425 4474 8749 479970 10204 2286 4768 128929 906 30 48519 14355 485 726 462
internal_value=-4.95817e-07 0.000550705 0.000293369 0.000433687 0.00466224 -0.0101132 0.000436349 -0.00161411 -0.00149182 -0.013772 -0.00139866 0.00862901 -0.0221135 -0.00180544 -0.0137558
internal_weight=172545 128612 121036 119426 7575.53 1610.3 3667.96 43933.1 43495.5 437.518 43167.6 3907.57 257.808 179.71 327.909
internal_count=707000 526231 495479 488719 30752 6760 14972 180769 178816 1953 177448 15780 1197 756 1368
is_linear=0
shrinkage=0.03


Tree=33
num_leaves=16
num_cat=0
split_feature=1 7 7 7 7 4 3 7 7 7 3 7 3 7 4
split_gain=160.921 163.024 269.411 195.64 180.763 174.976 170.238 112.045 55.0672 101.691 145.376 49.8307 79.905 36.0548 28.209
threshold=-0.026981807498435473 -0.063636436613844868 -0.0577327146855433 -0.049620700233285402 -0.085355310879802623 -0.008775341300193638 -0.069524186467033219 -0.082040370655703396 -0.038367579922955579 -0.035740654437621248 -0.061433695379255131 -0.06642749355352294 -0.11220708748304485 0.071206567817206259 -0.020239544868714873
decision_type=2 2 2 2 2 2 2 2 2 2 2 2 2 2 2
left_child=8 4 5 -4 6 -3 -2 -6 11 10 -10 12 -1 -11 -13
right_child=1 2 3 -5 7 -7 -8 -9 9 13 -12 14 -14 -15 -16
leaf_value=-0.016239702919702607 -0.014341899900276187 -0.017834326058536847 0.0083835676142844963 4.1265628046264882e-05 0.020584099388624211 0.00096447161290600465 0.0024539696399453869 0.0068003230906257773 0.044355126958026743 -0.0036450847352254975 -0.0051244405345460525 -0.015088994563126188 -0.00088493604053295287 -0.00024816802729119881 -0.0052429588091168003
leaf_weight=372.26723781228065 609.65557105839252 1239.8762736171484 2575.5886324644089 143085.73152974248 632.31010249257088 695.62857156991959 4976.4283508956432 3304.8214724212885 102.18778173625469 7519.6681246757507 112.03250893950462 717.89425538480282 1688.5666117370129 4492.0162065476179 412.2801539003849
leaf_count=1679 2586 5213 10527 585790 2532 2926 20223 13325 424 31221 464 2986 6959 18431 1714
internal_value=-5.00382e-07 0.000286491 4.10287e-05 0.000188775 0.00409082 -0.011078 0.000620897 0.00901402 -0.00292535 -0.00200935 0.0184784 -0.00643485 -0.00365861 -0.00237474 -0.0114972
internal_weight=172537 157120 147597 145661 9523.22 1935.5 5586.08 3937.13 15416.9 12225.9 214.22 3191.01 2060.83 12011.7 1130.17
internal_count=707000 643122 604456 596317 38666 8139 22809 15857 63878 50540 888 13338 8638 49652 4700
is_linear=0
shrinkage=0.03


Tree=34
num_leaves=16
num_cat=0
split_feature=1 7 7 7 7 2 7 1 7 7 7 7 7 0 0
split_gain=155.934 149.464 199.367 150.274 275.806 188.729 102.287 63.4193 60.4458 114.862 46.0016 110.227 98.1835 37.1978 34.5216
threshold=-0.011341456855354233 0.1432593772157961 0.15453490301518705 -0.045792696147842642 -0.043012402893504491 1.0000000180025095e-35 0.28666687806024133 -0.03661796746792087 -0.038367579922955579 -0.035740654437621248 -0.06642749355352294 -0.0577327146855433 -0.085355310879802623 0.036256581196603861 0.086642738452293477
decision_type=2 2 2 2 2 2 2 2 2 2 2 2 2 2 2
left_child=7 3 13 5 -5 -2 -4 8 14 -10 12 -12 -9 -3 -1
right_child=1 2 6 4 -6 -7 -8 10 9 -11 11 -13 -14 -15 -16
leaf_value=-0.0061994879862161791 0.023111996245358271 0.018284323090170022 0.0033395895433864387 -0.020814606433821679 7.5593029520081047e-06 0.0027391270899053527 -0.0094051605269669363 -0.0012314537611267313 0.026906574104325499 -0.0030638944181383696 -0.012822922713744802 -0.0010194457549078193 0.010455281816953472 0.0071254743596402973 -0.01548519100727452
leaf_weight=1319.1990356147289 424.61422351002693 922.87077702581882 8127.3328793793917 575.81509624421597 100182.13820593059 11302.034686878324 609.24859714508057 1935.9926593154669 117.58012275397778 5430.2946558743715 725.29192766547203 39007.857300668955 971.72433418035507 379.38002790510654 495.74348670244217
leaf_count=5471 1734 3705 32990 2360 410269 46187 2539 7939 486 22495 3037 160159 3907 1526 2196
internal_value=-5.09274e-07 0.000575666 0.00408307 0.000262643 -0.000111436 0.00347682 0.00245083 -0.0014123 -0.00398342 -0.00242871 -0.000968348 -0.00123491 0.00267411 0.0150335 -0.00873584
internal_weight=172527 122523 10038.8 112485 100758 11726.6 8736.58 50003.7 7362.82 5547.87 42640.9 39733.1 2907.72 1302.25 1814.94
internal_count=707000 501310 40760 460550 412629 47921 35529 205690 30648 22981 175042 163196 11846 5231 7667
is_linear=0
shrinkage=0.03


Tree=35
num_leaves=16
num_cat=0
split_feature=1 7 7 7 7 2 7 0 7 7 7 7 7 0 7
split_gain=146.749 140.574 187.36 142.753 156.254 129.84 96.3236 60.0596 80.0335 43.1841 131.374 72.8427 35.514 34.9292 19.9735
threshold=-0.011341456855354233 0.1432593772157961 0.15453490301518705 -0.063636436613844868 -0.0577327146855433 0.01200565886974988 0.28666687806024133 0.083495031413477833 -0.17596274350969568 -0.06642749355352294 -0.055062669769475929 -0.085355310879802623 0.15755317155934781 0.036256581196603861 -0.18556505103897189
decision_type=2 2 2 2 2 2 2 2 2 2 2 2 2 2 2
left_child=7 3 13 5 -5 -2 -4 9 14 11 -11 -1 -10 -3 -9
right_child=1 2 6 4 -6 -7 -8 8 12 10 -12 -13 -14 -15 -16
leaf_value=-0.00092096552579758011 0.0082606002889381528 0.017717933025627266 0.0032381362927401849 -0.009530178838213197 0.00011488099335235617 0.00022821465207656583 -0.0091397220259279207 -0.015363462070975518 -0.0017227313452534774 -0.012215895878210536 -0.0011685953031254708 0.0082470358849397549 -0.01642518973085047 0.006908189457280881 -0.034309548573435107
leaf_weight=2442.8810450285673 3698.5419094860554 923.78654932975769 8130.4611887633801 1534.0513173341751 103705.10951115191 3549.2649763077497 608.15121196210384 375.22382839024067 1379.4046135693789 990.91521175205708 43431.632157161832 1145.8109159320593 165.61683456599712 379.57039423286915 57.792508125305176
leaf_count=10027 14919 3705 32990 6467 424675 14489 2539 1687 5767 4146 178499 4614 684 1526 266
internal_value=-5.11907e-07 0.000558359 0.00395928 0.000254751 -2.57132e-05 0.00432713 0.00237672 -0.00137036 -0.00649341 -0.00115929 -0.00141502 0.00200623 -0.00329874 0.0145699 -0.0178921
internal_weight=172518 122529 10042 112487 105239 7247.81 8738.61 49989.3 1978.04 48011.2 44422.5 3588.69 1545.02 1303.36 433.016
internal_count=707000 501310 40760 460550 431142 29408 35529 205690 8404 197286 182645 14641 6451 5231 1953
is_linear=0
shrinkage=0.03


Tree=36
num_leaves=16
num_cat=0
split_feature=0 7 7 7 7 7 4 7 7 7 1 0 5 7 7
split_gain=142.306 141.196 253.557 230.002 509.57 203.28 119.104 88.9769 36.7459 75.9669 19.278 18.0981 11.261 18.1711 13.9402
threshold=0.11538994876202603 -0.068873503122694288 -0.085355310879802623 0.013054558192188483 0.0047084982816636431 0.02862031653068731 0.077147204088814716 -0.10713815006275694 -0.14112623220486983 -0.18556505103897189 -0.015053932137927174 0.16058760188210922 4.0201019696740525 0.010761037872013548 0.21679182834091451
decision_type=2 2 2 2 2 2 2 2 2 2 2 2 2 2 2
left_child=1 2 7 4 -3 -5 -4 -1 9 10 -2 -11 14 -14 -10
right_child=8 3 6 5 -6 -7 -8 -9 12 11 -12 -13 13 -15 -16
leaf_value=0.0027957253319448264 -0.015912306892164836 -0.00062018949066282531 0.013758065335618701 0.0038853092601867359 -0.0098270713415765151 8.8572114255905469e-05 -0.0019333338572386724 -0.0046139734019501116 -0.0017627091154839387 -0.020038985474314531 -0.0021587815931233931 -0.042676162907122776 -0.01615573940877987 -0.0053236905956787397 -0.015736105149403153
leaf_weight=4457.015967682004 159.56500625610352 34749.654168426991 2423.544041082263 14429.329815015197 6407.9822324216366 105385.89732113481 530.68716517090797 2168.0170734077692 685.02742014825344 50.815685912966728 215.73138658702374 84.876586869359016 194.08327652513981 494.51941779255867 70.905901968479156
leaf_count=18285 749 142820 9712 59187 26291 431436 2131 8810 2867 229 922 386 819 2065 291
internal_value=-5.12948e-07 9.17508e-05 0.00363021 -0.000118818 -0.00205364 0.000545813 0.0109393 0.000370929 -0.00804734 -0.0149617 -0.00800638 -0.0341987 -0.00560146 -0.00837671 -0.0030734
internal_weight=172508 170552 9579.26 160973 41157.6 119815 2954.23 6625.03 1955.52 510.989 375.296 135.692 1444.54 688.603 755.933
internal_count=707000 698672 38938 659734 169111 490623 11843 27095 8328 2286 1671 615 6042 2884 3158
is_linear=0
shrinkage=0.03


Tree=37
num_leaves=16
num_cat=0
split_feature=7 7 0 7 4 7 7 7 3 0 4 3 7 2 6
split_gain=141.118 274.416 163.315 241.451 132.784 119.988 100.343 110.398 80.1347 77.4438 58.1504 25.9275 18.7509 15.6766 6.08833
threshold=0.081932593887314678 0.062430587085533513 0.047263086017785956 -0.068873503122694288 0.17689097856520811 0.063369010529924177 0.29433303104773184 0.18381394494568773 -0.05093552998540584 0.13064186977771644 -0.053124870309049214 0.13827696399526015 0.25123358390801948 0.00012577119794991565 -0.058136073362953115
decision_type=2 2 2 2 2 2 2 2 2 2 2 2 2 2 2
left_child=1 2 3 -1 6 10 7 -2 -7 -4 -3 12 -6 -13 -8
right_child=4 5 9 -5 11 8 14 -9 -10 -11 -12 13 -14 -15 -16
leaf_value=0.0064790942667941887 0.0013824737130669214 -0.027017963349166417 -0.002003370321803739 0.00014301203623357141 -0.0019609944959012001 0.0087102788091760874 -0.0047295903147949684 0.005693650529564772 -0.003891285881945903 -0.01083916842345062 -0.010111808231391919 0.0065853087713926188 -0.0077446045564446434 -0.01253533898661935 -0.017883363452290798
leaf_weight=5789.7203816920519 36574.039259165525 219.3355674892664 19782.839835301042 83168.836072802544 3333.9749073982239 469.90423499047756 36.500828638672829 6260.8973114937544 13559.91328522563 934.95940668880939 1108.5773600041866 42.896281689405441 594.46220281720161 384.53933680057526 239.25786900520325
leaf_count=23357 149088 936 81595 341070 13623 1943 157 25313 55941 4083 4655 177 2440 1587 1035
internal_value=-5.18602e-07 -0.000529203 -3.28465e-06 0.000555385 0.00139212 -0.00428502 0.00189648 0.00201261 -0.00346922 -0.00240212 -0.0129043 -0.00359965 -0.00283619 -0.0106164 -0.0161423
internal_weight=172501 125034 109676 88958.6 47466.6 15357.7 43110.7 42834.9 14029.8 20717.8 1327.91 4355.87 3928.44 427.436 275.759
internal_count=707000 513580 450105 364427 193420 63475 175593 174401 57884 85678 5591 17827 16063 1764 1192
is_linear=0
shrinkage=0.03


Tree=38
num_leaves=16
num_cat=0
split_feature=7 7 5 7 4 7 7 7 7 4 6 7 3 7 2
split_gain=133.647 337.974 171.969 150.519 119.32 100.75 91.8475 88.8521 80.4621 55.4583 36.2017 29.6203 22.7101 21.2037 16.8821
threshold=0.07694626914134807 0.062430587085533513 1.0000000180025095e-35 0.013054558192188483 0.18189742461102412 0.077909723860541749 0.079074549010346176 0.063369010529924177 0.063984644504548563 -0.053124870309049214 -0.062406838899762944 -0.049620700233285402 0.13827696399526015 0.25123358390801948 0.00012577119794991565
decision_type=2 2 2 2 2 2 2 2 2 2 2 2 2 2 2
left_child=1 2 11 -4 5 10 -7 9 -9 -3 -2 -1 13 -6 -14
right_child=4 7 3 -5 12 6 -8 8 -10 -11 -12 -13 14 -15 -16
leaf_value=0.044961898572323605 0.03267382667130405 -0.026391217927438437 -0.0012186213074688197 0.0010090332080774629 -0.0018520703816358255 -0.010072278787150172 0.0017226146462003742 0.0060300155521035691 -0.0049607265445275684 -0.0098304944315369194 0.010628335708969551 -0.0020890362834512306 0.0075865117397307148 -0.0082073114594404251 -0.01197893172918524
leaf_weight=89.632141843438148 74.953573390841484 217.83101274073124 51582.813041642308 57984.81760469079 3197.6201502680779 602.17235936224461 44795.84260109067 635.56475700438023 10560.871443524957 1106.1294923573732 634.93575431406498 13.910824656486509 44.135993167757988 554.40623009204865 394.08424408733845
leaf_count=374 304 936 211831 237844 13075 2474 182471 2609 43684 4655 2596 56 182 2279 1630
internal_value=-5.23556e-07 -0.00053629 -3.19444e-06 -3.97134e-05 0.00130104 0.00174152 0.00156616 -0.00520589 -0.00433684 -0.0125552 0.012956 0.0386407 -0.00354592 -0.00279113 -0.0100084
internal_weight=172490 122192 109671 109568 50298.2 46107.9 45398 12520.4 11196.4 1323.96 709.889 103.543 4190.25 3752.03 438.22
internal_count=707000 501989 450105 449675 205011 187845 184945 51884 46293 5591 2900 430 17166 15354 1812
is_linear=0
shrinkage=0.03


Tree=39
num_leaves=16
num_cat=0
split_feature=1 6 7 7 7 3 4 3 7 7 7 7 7 7 1
split_gain=138.048 144.787 157.627 149.796 122.165 58.5705 50.3474 49.4657 70.7231 42.5601 37.2981 32.9957 23.0055 8.94744 6.54658
threshold=-0.013179558929247787 0.027716866638828112 0.11792093515813597 -0.068873503122694288 0.12695122874122669 -0.14309785217944695 0.33500118378110216 0.091052311839341052 -0.18556505103897189 -0.16960564226560779 0.082927294757344297 0.29433303104773184 -0.2598207951683007 -0.10713815006275694 -0.037808463109796998
decision_type=2 2 2 2 2 2 2 2 2 2 2 2 2 2 2
left_child=5 2 3 -2 -4 9 10 11 -9 12 -7 -3 -1 -11 -8
right_child=1 7 4 -5 -6 6 14 8 -10 13 -12 -13 -14 -15 -16
leaf_value=-0.01305078934608497 0.0061616294492983555 -0.0005861527908266644 0.009880234204732356 0.00031606118897842429 0.0027423821831388103 -0.0017998393031453549 -0.018790324319605624 0.015276353806637647 -0.0050172756685220796 0.031303986479752306 0.00017510718070019667 -0.019005052338972098 -0.031625074474957784 -0.0026924160642233029 -0.0099197017754549099
leaf_weight=150.13952793180943 4182.5909411013126 37536.708018496633 2707.9969839304686 69565.657717302442 10625.732564374804 31243.211844608188 116.45347122848034 161.21946926414967 3739.0336268395185 7.2622079700231543 11878.412720948458 87.737839892506599 99.976093828678131 171.6787434220314 209.72670102119446
leaf_count=712 16958 153764 11021 284930 43130 128929 494 660 15386 30 48519 382 485 726 874
internal_value=-5.22116e-07 0.000495211 0.0011903 0.000647589 0.00419204 -0.00145356 -0.00134463 -0.000962478 -0.00417843 -0.0124834 -0.00125581 -0.000629105 -0.0204753 -0.00131269 -0.0130867
internal_weight=172484 128607 87082 73748.2 13333.7 43876.9 43447.8 41524.7 3900.25 429.057 43121.6 37624.4 250.116 178.941 326.18
internal_count=707000 526231 356039 301888 54151 180769 178816 170192 16046 1953 177448 154146 1197 756 1368
is_linear=0
shrinkage=0.03


Tree=40
num_leaves=16
num_cat=0
split_feature=0 7 7 7 7 7 3 3 7 7 3 3 3 2 2
split_gain=125.481 132.61 227.51 200.759 479.461 191.168 180.349 125.416 38.9656 74.9763 41.2 30.501 24.4884 23.8634 12.0866
threshold=0.10589272449154895 -0.068873503122694288 -0.085355310879802623 0.013054558192188483 0.0047084982816636431 0.02862031653068731 0.0044439728320239133 -0.098105810499440102 -0.14112623220486983 -0.18556505103897189 0.07081579779487325 -0.011170948829448966 0.13827696399526015 0.0013671994209289106 0.063479366934012127
decision_type=2 2 2 2 2 2 2 2 2 2 2 2 2 2 2
left_child=1 2 7 4 -3 -5 -4 -1 9 10 -2 -11 14 -14 -10
right_child=8 3 6 5 -6 -7 -8 -9 12 11 -12 -13 13 -15 -16
leaf_value=-0.014616333862512687 -0.010687042781138419 -0.0005226810585181686 0.017073146926965248 0.0037591829146190652 -0.0094722674998333582 7.3245382034346575e-05 0.0020949958765265316 0.0015789119901791111 -0.0039188059621977304 -0.039593769046838048 0.015196675127543748 -0.01046117728223483 0.01405430469433982 -0.013458491982946019 0.0036085178013977705
leaf_weight=463.3774571120739 391.45146580040455 34618.293903335929 1645.0267511457205 14399.314799129963 6380.5082710087299 105063.89659358561 1291.535767108202 6037.3165263086557 1353.7378874570131 110.84316881000996 64.459821030497551 45.671318486332893 30.825865551829338 356.57655109465122 223.70937661826611
leaf_count=1987 1760 142341 6595 59024 26227 430121 5178 24569 5645 519 271 196 130 1503 934
internal_value=-5.21395e-07 9.91408e-05 0.00355517 -0.000104119 -0.00191548 0.000517524 0.0104856 0.000424495 -0.00657046 -0.0131777 -0.00702743 -0.0310928 -0.00451104 -0.0112693 -0.0028513
internal_weight=172477 169899 9437.26 160462 40998.8 119463 2936.56 6500.69 2577.28 612.426 455.911 156.514 1964.85 387.402 1577.45
internal_count=707000 696042 38329 657713 168568 489145 11773 26556 10958 2746 2031 715 8212 1633 6579
is_linear=0
shrinkage=0.03


Tree=41
num_leaves=16
num_cat=0
split_feature=1 7 7 7 7 7 2 7 7 2 7 0 0 7 7
split_gain=130.881 126.405 216.362 176.807 139.012 176.913 127.957 50.7577 103.482 75.2915 60.9066 100.724 36.8134 33.5866 32.3112
threshold=-0.019163310374800343 0.1432593772157961 0.15755317155934781 0.18381394494568773 -0.063636436613844868 -0.0577327146855433 0.01200565886974988 -0.038367579922955579 -0.035740654437621248 0.010186954405135 -0.06642749355352294 0.08077272157201297 0.034829622446521179 -0.0577327146855433 -0.012433950021172256
decision_type=2 2 2 2 2 2 2 2 2 2 2 2 2 2 2
left_child=7 4 12 -4 6 -6 -2 10 9 -9 11 -1 -3 -12 -10
right_child=1 2 3 -5 5 -7 -8 8 14 -11 13 -13 -14 -15 -16
leaf_value=0.00078600364033253349 0.0072360909723689238 0.013216035492112735 -0.0050437270590622191 0.0039112716216575093 -0.0095783501352302361 -2.1335018586595555e-05 -0.00012412620028755123 0.0055951534424533234 -0.0052257139427435394 0.035924426437301524 -0.015391887468296993 -0.013207020366081779 0.0056455194034522333 -0.0064213005250825109 -0.001187332740838278
leaf_weight=2383.1584852039814 4552.6970987319946 1833.7274914681911 2867.4863494187593 6442.6903132051229 1768.5182815641165 121959.88942423463 3987.8800720274448 235.7036110162735 1948.4331130236387 107.15534222126007 508.65703335404396 574.59228950738907 844.24667619168758 1436.3886404633522 21016.522148698568
leaf_count=9762 18366 7364 11761 26123 7478 499601 16289 972 8064 442 2148 2578 3399 5955 86698
internal_value=-5.28125e-07 0.000364934 0.0033147 0.00115318 9.75832e-05 -0.000157939 0.00379936 -0.00186935 -0.00128572 0.0150741 -0.00464391 -0.00193237 0.0108294 -0.00876724 -0.00152996
internal_weight=172468 144257 11988.2 9310.18 132269 123728 8540.58 28210.6 23307.8 342.859 4902.8 2957.75 2677.97 1945.05 22965
internal_count=707000 590381 48647 37884 541734 507079 34655 116619 96176 1414 20443 12340 10763 8103 94762
is_linear=0
shrinkage=0.03


Tree=42
num_leaves=16
num_cat=0
split_feature=1 5 7 7 7 7 3 3 7 4 7 4 7 5 4
split_gain=125.552 122.637 119.843 168.237 111.727 69.7982 56.1155 52.0447 43.0994 37.8097 33.5328 19.1149 19.0217 15.1714 4.14853
threshold=-0.011341456855354233 1.0000000180025095e-35 0.1432593772157961 0.15453490301518705 -0.063636436613844868 -0.049620700233285402 0.068591343938008822 -0.14309785217944695 -0.047451560073011538 -0.0024134938318978723 0.015271954688652391 -0.057845143715188278 -0.18556505103897189 0.29357661499449278 0.039809146270809566
decision_type=2 2 2 2 2 2 2 2 2 2 2 2 2 2 2
left_child=6 5 4 -4 -3 14 7 8 -1 -9 12 -7 -8 -12 -2
right_child=1 2 3 -5 -6 11 10 9 -10 -11 13 -13 -14 -15 -16
leaf_value=-0.018058354930806549 0.045982047678888069 0.0038091466746911279 0.013674372364224311 0.0021267430422890294 -4.1671676606591672e-05 -0.050709017033887215 -0.00010712840179028593 -0.0018184082173536508 0.002200850575957564 -0.00013654223171343793 -0.030923952817467997 0.0057471346031688596 -0.017481638120599649 -0.0036304903051766193 0.022319260028897919
leaf_weight=291.09155803918839 81.529053181409836 7248.6447889059782 1304.9677870869637 8742.4233521670103 105106.16879591346 8.237436383962633 68.186777979135513 25023.909146219492 139.94295360147953 23167.319743424654 18.712563768029213 15.6558780670166 336.96355810761452 895.46433608233929 7.2621011137962332
leaf_count=1391 344 29408 5231 35523 430678 33 286 103017 591 95198 78 63 1404 3725 30
internal_value=-5.29614e-07 0.00051628 0.000487481 0.00362656 0.000206766 0.0317987 -0.00126835 -0.0011027 -0.0114808 -0.00100987 -0.00737317 -0.0137166 -0.0145575 -0.00418917 0.0440467
internal_weight=172456 122515 122402 10047.4 112355 112.684 49941.6 48622.3 431.035 48191.2 1319.33 23.8933 405.15 914.177 88.7912
internal_count=707000 501310 500840 40754 460086 470 205690 200197 1982 198215 5493 96 1690 3803 374
is_linear=0
shrinkage=0.03


Tree=43
num_leaves=14
num_cat=0
split_feature=5 7 7 0 4 7 7 7 3 4 4 3 3
split_gain=118.895 119.818 313.721 141.207 108.446 95.2651 83.8792 68.3226 20.1251 17.381 4.0257 3.87691 0.780556
threshold=1.0000000180025095e-35 0.07694626914134807 0.062430587085533513 0.049828604084239371 0.17689097856520811 0.077909723860541749 0.063369010529924177 -0.049620700233285402 0.13827696399526015 -0.057845143715188278 0.039809146270809566 0.012142630427467773 0.02501751386494622
decision_type=2 2 2 2 2 2 2 2 2 2 2 2 2
left_child=7 2 3 -2 5 -3 -4 10 -6 -9 12 -11 -1
right_child=1 4 6 -5 8 -7 -8 9 -10 11 -12 -13 -14
leaf_value=0.045951767227874869 0.00046394341133465484 0.012563258478513526 -0.012183567985300106 -0.0024396459818194515 -0.0025806537170597588 0.0014754738249607164 -0.004186210132754253 -0.049154665594031137 -0.0093334422065874476 0.018912076334846938 0.021737162399779138 -0.010726824547617766 0.034872557171449846
leaf_weight=74.443501308560371 91481.738142043352 708.35752303898335 1319.5741668194532 18047.775524452329 4036.0090215057135 45116.44671343267 11185.645274758339 8.2428691089153308 440.56317448616028 8.182613253593443 7.2333145290613166 7.7187480777502051 6.1996902227401725
leaf_count=318 374861 2889 5591 74814 16521 183732 46293 33 1828 33 30 31 26
internal_value=-5.18973e-07 -2.06023e-05 -0.00052846 -1.44969e-05 0.0012115 0.00164687 -0.00503011 0.0308962 -0.00324523 -0.0138013 0.043177 0.00452493 0.0451
internal_weight=172448 172336 122035 109530 50301.4 45824.8 12505.2 112.021 4476.57 24.1442 87.8765 15.9014 80.6432
internal_count=707000 706529 501559 449675 204970 186621 51884 471 18349 97 374 64 344
is_linear=0
shrinkage=0.03


Tree=44
num_leaves=16
num_cat=0
split_feature=1 6 3 4 7 3 7 3 7 7 3 7 0 7 4
split_gain=117.875 115.494 191.245 141.3 102.444 56.9885 64.6226 45.5547 42.483 87.395 132.766 44.5144 71.0055 29.1164 26.419
threshold=-0.026981807498435473 0.012629550729075902 -0.0031821572404774896 0.011363332867962097 0.1432593772157961 0.091052311839341052 -0.18556505103897189 -0.072759204172058042 -0.038367579922955579 -0.035740654437621248 -0.061433695379255131 -0.06642749355352294 0.08077272157201297 0.071206567817206259 -0.020239544868714873
decision_type=2 2 2 2 2 2 2 2 2 2 2 2 2 2 2
left_child=8 2 3 -2 -4 7 -7 -3 11 10 -10 12 -1 -11 -13
right_child=1 5 4 -5 -6 6 -8 -9 9 13 -12 14 -14 -15 -16
leaf_value=0.00033530409527992281 -0.0010280671208963109 -0.019174250602343307 0.0020492989546657563 0.0024598889024075787 0.0071596608800146028 0.013223331103890401 -0.0049203881770359947 -0.00046651276969291106 0.041744337167756981 -0.0031898933409763284 -0.0053754549139677114 -0.01390541377861514 -0.012432154996223122 -0.00013474278434224901 -0.0043410778860559062
leaf_weight=1514.1078252196312 42897.848943278193 117.37983018159866 32889.80419357121 13820.798300042748 3954.9514343589544 184.81482008099556 4011.2644676864147 59199.722674697638 103.42073844373226 7496.0090180635452 112.20642177760601 711.2794094979763 529.00705829262733 4488.5741650164127 409.61181080341339
leaf_count=6239 175791 499 134456 56528 16017 755 16539 242537 424 31221 464 2986 2399 18431 1714
internal_value=-5.12059e-07 0.000244796 0.000915026 -0.000178147 0.00259785 -0.000742542 -0.00412125 -0.000503533 -0.00250843 -0.00170507 0.0172245 -0.00560612 -0.00297047 -0.00204565 -0.0104103
internal_weight=172441 157077 93563.4 56718.6 36844.8 63513.2 4196.08 59317.1 15364.2 12200.2 215.627 3164.01 2043.11 11984.6 1120.89
internal_count=707000 643122 382792 232319 150473 260330 17294 243036 63878 50540 888 13338 8638 49652 4700
is_linear=0
shrinkage=0.03


Tree=45
num_leaves=14
num_cat=0
split_feature=5 7 7 7 4 7 7 7 3 4 4 3 3
split_gain=112.949 109.32 229.738 133.062 105.493 100.279 95.0763 65.2357 19.9584 16.3528 3.9198 3.64789 0.766119
threshold=1.0000000180025095e-35 0.081932593887314678 0.062430587085533513 0.013054558192188483 0.17689097856520811 0.063369010529924177 0.29433303104773184 -0.049620700233285402 0.13827696399526015 -0.057845143715188278 0.039809146270809566 0.012142630427467773 0.02501751386494622
decision_type=2 2 2 2 2 2 2 2 2 2 2 2 2
left_child=7 2 3 -2 6 -4 -3 10 -6 -9 12 -11 -1
right_child=1 4 5 -5 8 -7 -8 9 -10 11 -12 -13 -14
leaf_value=0.04512695643515939 -0.0011140158888276255 0.0017668192863480045 -0.011845794944113777 0.00098101837670464464 -0.002581163876898399 -0.0031830597713949716 -0.015926121647206436 -0.047697633789694577 -0.0094321261342394987 0.018360905765848073 0.021167774058884797 -0.010399919866354256 0.034106754329173823
leaf_weight=73.55973045527935 51528.511827975512 42863.683355659246 1315.64721134305 57990.624531805515 3922.2504622191191 14004.006464093924 275.10168619453907 8.2380234152078646 424.08456762135029 8.1689620316028577 7.2032899707555762 7.7197631597518912 6.1523887217044821
leaf_count=318 211831 174363 5591 237844 16060 57884 1192 33 1764 33 30 31 26
internal_value=-5.13163e-07 -2.00036e-05 -0.00048602 -4.69062e-06 0.00120516 -0.00392701 0.00165399 0.0302463 -0.00324963 -0.0133971 0.0423612 0.00438705 0.0442764
internal_weight=172435 172324 124839 109519 47485.1 15319.7 43138.8 111.042 4346.34 24.1267 86.9154 15.8887 79.7121
internal_count=707000 706529 513150 449675 193379 63475 175555 471 17824 97 374 64 344
is_linear=0
shrinkage=0.03


Tree=46
num_leaves=16
num_cat=0
split_feature=1 6 4 5 2 1 3 3 3 6 5 6 4 4 5
split_gain=113.392 125.381 111.847 85.018 51.4091 97.3159 72.706 50.9418 46.9585 44.7113 33.451 18.6173 12.8978 10.5904 7.03163
threshold=-0.011341456855354233 0.035283674101472491 -0.0039478812394906906 1.0000000180025095e-35 1.0000000180025095e-35 -1.0000000180025095e-35 0.12204617500245275 0.068591343938008822 -0.14309785217944695 -0.010428029933784109 0.5478066362735422 0.25316158727047217 -0.23632687163999175 0.33500118378110216 1.6036948599358496
decision_type=2 2 2 2 2 2 2 2 2 2 2 2 2 2 2
left_child=7 2 3 -2 5 -3 -6 8 12 -4 -10 13 -1 -9 -13
right_child=1 4 9 -5 6 -7 -8 11 10 -11 -12 14 -14 -15 -16
leaf_value=-0.013958449798086626 0.033096445045432771 -0.0025688549244738059 0.0032958300576270902 -3.8297336807507214e-05 -0.00090492169267988724 0.019757007247790982 -0.0076768991968778691 -0.0045297917290918191 -0.0022130472320668246 0.0013581200676581558 -0.00046137325030504975 -0.011080533561881881 -0.0019271563158655028 -0.017031911662113694 -0.022014716468570651
leaf_weight=320.4749621450901 69.804488480091095 414.20412956178188 18237.088510900736 43444.568066343665 32557.881952047348 305.18037773668766 1492.2596874535084 999.01602952182293 13718.388968572021 25991.34697560966 34454.020692691207 176.47530864179134 106.95553250610828 64.944322928786278 75.612593203783035
leaf_count=1513 302 1696 74430 177763 133458 1252 6184 4144 56368 106225 141847 749 469 273 327
internal_value=-5.05761e-07 0.000490557 0.0010947 1.48565e-05 -0.00103403 0.00690232 -0.00120171 -0.00120576 -0.00104805 0.00215711 -0.00096021 -0.00702975 -0.0109479 -0.00529292 -0.0143602
internal_weight=172428 122512 87742.8 43514.4 34769.5 719.385 34050.1 49915.9 48599.8 44228.4 48172.4 1316.05 427.43 1063.96 252.088
internal_count=707000 501310 358720 178065 142590 2948 139642 205690 200197 180655 198215 5493 1982 4417 1076
is_linear=0
shrinkage=0.03


Tree=47
num_leaves=16
num_cat=0
split_feature=0 7 7 7 7 7 3 3 7 7 3 3 3 2 6
split_gain=107.95 115.847 216.417 174.994 456.799 183.168 173.984 114.817 31.5487 30.5045 37.9745 18.4535 17.9291 22.7918 14.2159
threshold=0.11538994876202603 -0.068873503122694288 -0.085355310879802623 0.013054558192188483 0.0047084982816636431 0.02862031653068731 0.006021947545316487 -0.098105810499440102 -0.039714611885107103 -0.2598207951683007 0.054804899073678366 -0.042716128552557346 0.13827696399526015 0.0011815819665928068 0.16211750258200888
decision_type=2 2 2 2 2 2 2 2 2 2 2 2 2 2 2
left_child=1 2 7 4 -3 -5 -4 -1 9 11 -11 -2 14 -14 -10
right_child=8 3 6 5 -6 -7 -8 -9 12 10 -12 -13 13 -15 -16
leaf_value=-0.013474384971078999 -0.0061971740358486615 -0.00044410725300203611 0.016293471891802205 0.003635857573286749 -0.0091761056545331711 3.3742772403731283e-05 0.0015602345066157322 0.0014086001463932405 -0.0034345047043345452 -0.022353683340509797 -0.0047262842183640715 0.019310287281113881 0.016502711886280247 -0.013182539497187059 0.0085131583808107873
leaf_weight=505.04410187900066 176.54173670709133 34703.946465760469 1699.4347819834948 14446.861326858401 6383.7064308822155 105380.19530186057 1253.3984130471945 6116.0217015296221 845.36414214968681 318.82088643312454 167.9238224029541 29.840936839580536 25.46927884221077 270.52376283705235 100.25976471602917
leaf_count=2199 834 142820 6816 59187 26291 431436 5027 24896 3539 1435 714 126 107 1152 421
internal_value=-4.99861e-07 7.9465e-05 0.00328551 -0.000111284 -0.00180078 0.000468029 0.0100396 0.00027335 -0.00704696 -0.0121742 -0.0162723 -0.00250904 -0.00418467 -0.0106282 -0.00216775
internal_weight=172423 170489 9573.9 160915 41087.7 119827 2952.83 6621.07 1934.74 693.127 486.745 206.383 1241.62 295.993 945.624
internal_count=707000 698672 38938 659734 169111 490623 11843 27095 8328 3109 2149 960 5219 1259 3960
is_linear=0
shrinkage=0.03


Tree=48
num_leaves=15
num_cat=0
split_feature=1 5 0 3 3 3 4 2 1 5 4 5 4 4
split_gain=106.769 100.44 88.4939 67.1307 48.0936 42.3654 33.5984 19.5627 17.7681 12.9858 12.2493 11.5742 10.702 5.07921
threshold=-0.011341456855354233 1.0000000180025095e-35 0.16058760188210922 0.062640388152270812 0.068591343938008822 -0.14309785217944695 -0.0024134938318978723 0.0013671994209289106 -0.03661796746792087 0.27892830632045079 -0.19264033925495785 0.68178537057362354 0.10188981214380056 -0.13018963380217788
decision_type=2 2 2 2 2 2 2 2 2 2 2 2 2 2
left_child=4 12 3 -3 5 10 -7 -4 11 -10 -1 -6 13 -2
right_child=1 2 7 -5 8 6 -8 -9 9 -11 -12 -13 -14 -15
leaf_value=-0.012574484772365958 0.045510357071751426 0.00070274261912461455 0.013277771063408385 -0.0019468034753604331 -0.027536013333967532 -0.0016965703321001671 -0.00011069038605282338 -0.01403289209715124 -0.027781243251862674 -0.0043444794745658259 0.0018055262917939846 -0.010747838521229484 -0.01385205166166787 0.028210526730174677
leaf_weight=361.76428253948689 18.594717592000961 112617.57817403972 24.935003519058228 9318.5137765705585 42.658255010843277 25002.118022501469 23161.107106253505 442.61286245286465 21.753005772829056 972.98055657744408 62.528005540370941 276.65737779438496 4.9490217864513388 85.531056046485901
leaf_count=1710 83 460561 105 38246 181 103017 95198 1928 91 4043 272 1178 20 367
internal_value=-5.03554e-07 0.000475954 0.000450312 0.000500261 -0.00117025 -0.00101709 -0.00093394 -0.0125764 -0.00683348 -0.004857 -0.0104553 -0.0129906 0.0292513 0.0312999
internal_weight=172414 122513 122404 121936 49901.6 48587.5 48163.2 467.548 1314.05 994.734 424.292 319.316 109.075 104.126
internal_count=707000 501310 500840 498807 205690 200197 198215 2033 5493 4134 1982 1359 470 450
is_linear=0
shrinkage=0.03


Tree=49
num_leaves=16
num_cat=0
split_feature=1 7 7 7 7 7 7 7 7 7 2 0 7 7 7
split_gain=102.601 113.418 210.445 147.173 410.302 174.464 92.7983 72.4261 42.1367 90.4931 38.2099 30.9749 56.799 28.0228 16.5202
threshold=-0.029404505816587097 -0.068873503122694288 -0.085355310879802623 0.013054558192188483 0.0047084982816636431 0.02862031653068731 -0.2598207951683007 -0.073798217113713524 -0.038367579922955579 -0.035740654437621248 0.010270779338687074 0.086642738452293477 -0.10713815006275694 0.071206567817206259 -0.16960564226560779
decision_type=2 2 2 2 2 2 2 2 2 2 2 2 2 2 2
left_child=8 2 6 4 -3 -5 -2 -4 11 10 -10 12 -1 -11 -13
right_child=1 3 7 5 -6 -7 -8 -9 9 13 -12 14 -14 -15 -16
leaf_value=0.0020150531337418125 0.013847583261928963 -0.00024769919959119827 0.007733215216316665 0.0037492513209341858 -0.0087936383280196543 0.00012419793566001636 -0.00073292749854068386 0.019233287624095333 0.01011106548006206 -0.0033232280017846507 0.039891758240750474 -0.016608822549451962 -0.0079677333227447036 -3.2982583722615469e-06 -0.0055209701962412733
leaf_weight=804.42494128644466 424.14954057335854 31962.217922657728 2053.3814468830824 13575.198548644781 6006.3948567956686 99722.813095122576 5325.3631377965212 648.54518416523933 126.25855810940266 6113.6639993041754 55.960594058036804 326.02971695363522 1415.6991166472435 3656.9136343300343 192.25329275429249
leaf_count=3356 1780 131416 8231 55545 24755 408045 21710 2599 520 25518 229 1558 5884 15030 824
internal_value=-4.94044e-07 0.000205802 0.00358794 1.68386e-05 -0.00159961 0.000558546 0.000342697 0.0104936 -0.00259672 -0.00169 0.0192569 -0.00589224 -0.00435064 -0.00208065 -0.0124959
internal_weight=172409 159718 8451.44 151267 37968.6 113298 5749.51 2701.93 12691.2 9952.8 182.219 2738.41 2220.12 9770.58 518.283
internal_count=707000 654081 34320 619761 156171 463590 23490 10830 52919 41297 749 11622 9240 40548 2382
is_linear=0
shrinkage=0.03


Tree=50
num_leaves=16
num_cat=0
split_feature=6 4 3 6 3 3 3 2 1 6 1 0 4 3 1
split_gain=99.1158 161.531 76.7966 59.3755 59.3141 55.1161 56.0433 58.1507 54.0835 40.9595 25.0275 20.9489 9.80521 7.95189 7.4311
threshold=0.033693922061836031 -0.0039478812394906906 -0.0020084249521504778 -0.0072412069649298019 -0.14309785217944695 -0.072759204172058042 0.091052311839341052 0.00025054103819536718 -0.015053932137927174 -0.010428029933784109 -0.044902492633891546 0.13064186977771644 0.027753374734514117 -0.098105810499440102 -0.022318964566697293
decision_type=2 2 2 2 2 2 2 2 2 2 2 2 2 2 2
left_child=1 2 4 -4 -1 12 11 -8 10 -10 -3 -7 13 -2 -14
right_child=5 8 3 -5 -6 6 7 -9 9 -11 -12 -13 14 -15 -16
leaf_value=-0.010455194395474231 -0.014638816806000867 -0.0050847537865871609 0.0027762664114728635 -0.0006655953079919316 -0.001077244768266476 -0.00073958887272719586 0.0079159104690610105 -0.0052850993605050378 0.0030439962965310035 0.0012645116285851764 0.00014700525435053214 -0.010423443436809487 0.016211519533822532 -0.029355594402534747 -0.025569092876865453
leaf_weight=614.75280497968197 64.766789898276329 890.69923314452171 9235.3275116533041 8817.9075499773026 48096.722233459353 41553.370942443609 323.85494028031826 4132.4324734210968 20332.509871736169 27235.083845093846 10816.564360588789 202.02896952629089 11.271146506071092 67.462557271122932 5.8042982816696158
leaf_count=2800 283 3695 37743 36088 197520 170482 1338 17119 82957 111284 44469 863 47 288 24
internal_value=-4.96628e-07 0.000435764 -0.000576184 0.00109513 -0.0011956 -0.00118654 -0.00112774 -0.00432573 0.00157558 0.00202514 -0.000251032 -0.000786443 -0.0193845 -0.0221472 0.00200942
internal_weight=172401 126040 66764.7 18053.2 48711.5 46361 46211.7 4456.29 59274.9 47567.6 11707.3 41755.4 149.305 132.229 17.0754
internal_count=707000 516556 274151 73831 200320 190444 189802 18457 242405 194241 48164 171345 642 571 71
is_linear=0
shrinkage=0.03


Tree=51
num_leaves=16
num_cat=0
split_feature=7 7 7 7 7 7 5 7 7 6 4 6 6 1 6
split_gain=99.0643 290.006 223.089 146.834 135.816 578.024 128.407 94.9853 94.4198 58.2515 35.6175 34.4447 31.7607 25.8822 19.9126
threshold=0.1432593772157961 0.15755317155934781 0.18381394494568773 0.27684666288085874 0.12695122874122669 0.12656628667351102 1.0000000180025095e-35 0.13576358220676513 0.1394362638840996 -0.043457196181380768 1.0000000180025095e-35 -0.04977546570481927 -0.1077383663563745 0.023613266421780448 0.19982815545291058
decision_type=2 2 2 2 2 2 2 2 2 2 2 2 2 2 2
left_child=4 10 12 -4 5 6 -1 9 -9 -6 11 -2 -3 -7 -12
right_child=1 2 3 -5 7 13 -8 8 -10 -11 14 -13 -14 -15 -16
leaf_value=0.03404204625994281 0.0078049218285107629 0.0096051883564710182 0.0053602831371812026 -0.0040301164482971922 -0.012880411258152549 0.030810168010891082 -0.0001728440471465166 0.0060461220726034017 -0.0054143704853957487 -0.0049570592009908843 0.00877171861970019 0.019601155056973015 -0.0065942148340473608 0.014252326643040653 -0.0083845575979236957
leaf_weight=98.783716797828674 354.62471726536751 112.46629220247269 5850.9710190743208 2014.6982943862677 1104.461106851697 547.59890873730183 149905.40075738728 1293.8646227419376 1294.1051613688469 3423.9364226609468 2171.9078832417727 599.22428008913994 3461.0769968032837 100.56829631328583 62.643067881464958
leaf_count=432 1425 463 23615 8294 4502 2229 615494 5278 5278 13965 8728 2404 14228 410 255
internal_value=-4.92911e-07 0.00236129 0.000131177 0.00295504 -0.000219467 -2.81609e-05 -0.000150312 -0.00426938 0.000315343 -0.00688954 0.0103624 0.0152155 -0.00608439 0.0282411 0.00829076
internal_weight=172396 14627.6 11439.2 7865.67 157769 150652 150004 7116.37 2587.97 4528.4 3188.4 953.849 3573.54 648.167 2234.55
internal_count=707000 59412 46600 31909 647588 618565 615926 29023 10556 18467 12812 3829 14691 2639 8983
is_linear=0
shrinkage=0.03


Tree=52
num_leaves=16
num_cat=0
split_feature=7 7 5 7 7 7 7 7 7 7 6 7 6 2 1
split_gain=94.7525 289.722 123.498 108.479 104.672 95.466 77.0558 73.7795 77.6417 53.8384 34.1947 24.9558 10.344 5.57111 4.99416
threshold=0.07694626914134807 0.062430587085533513 1.0000000180025095e-35 0.013054558192188483 0.077909723860541749 0.29433303104773184 0.079074549010346176 0.063369010529924177 0.065839886119390414 0.062680467203887882 -0.070891529776114723 -0.049620700233285402 -0.0031075594862849938 0.0079320031942901586 -0.023131937707975964
decision_type=2 2 2 2 2 2 2 2 2 2 2 2 2 2 2
left_child=1 2 11 -4 10 6 -6 9 -9 -3 13 -1 -12 -2 -7
right_child=4 7 3 -5 5 14 -8 8 -10 -11 12 -13 -14 -15 -16
leaf_value=0.039993951495647072 0.024683863969855696 -0.0050471093682074551 -0.00099131817699807693 0.00090069122690566484 -0.0094417439445622555 -0.0053514429125507725 0.0011725102825804092 0.00044787528286429864 -0.0054009534958916385 -0.017226506128935858 0.014715906127590547 -0.0035382801666491866 0.0072268337380414398 0.043046094583116742 -0.016152243378045474
leaf_weight=83.530106857419014 29.001747742295265 615.24777719378471 51473.600563138723 58011.213764920831 623.45182222127914 44.166023001074791 48614.281795725226 2690.7875616252422 8480.662144690752 696.37181632220745 287.16497308015823 13.811735093593596 393.35804507136345 30.520001634955406 301.90323249995708
leaf_count=374 117 2612 211831 237844 2567 190 197920 11115 35178 2979 1170 56 1606 123 1318
internal_value=-4.91456e-07 -0.00045209 4.12047e-05 1.11748e-05 0.0010949 0.000927753 0.00103811 -0.00478246 -0.00399219 -0.0115135 0.0122942 0.0338172 0.010387 0.0340992 -0.0147738
internal_weight=172389 122065 109582 109485 50323.8 49583.8 49237.7 12483.1 11171.4 1311.62 740.045 97.3418 680.523 59.5217 346.069
internal_count=707000 501989 450105 449675 205011 201995 200487 51884 46293 5591 3016 430 2776 240 1508
is_linear=0
shrinkage=0.03


Tree=53
num_leaves=16
num_cat=0
split_feature=1 7 7 7 7 2 7 4 3 7 3 0 2 2 2
split_gain=94.416 95.6273 149.213 115.886 255.94 161.261 79.9827 45.8035 35.5942 38.9717 35.9737 29.1525 6.86865 8.10684 4.01753
threshold=-0.011341456855354233 0.1432593772157961 0.15453490301518705 -0.045792696147842642 -0.043012402893504491 0.006553960656878295 0.28666687806024133 0.33500118378110216 -0.14309785217944695 -0.16960564226560779 -0.063900850139670826 0.036256581196603861 0.015592209256119243 0.014802014870828042 0.051984706580990338
decision_type=2 2 2 2 2 2 2 2 2 2 2 2 2 2 2
left_child=7 3 11 5 -5 -2 -4 8 9 -1 -10 -3 13 -9 -14
right_child=1 2 6 4 -6 -7 -8 12 10 -11 -12 -13 14 -15 -16
leaf_value=-0.017645807423365269 0.0084103557150588832 0.015582036701713044 0.0026202696411068262 -0.020117848448258559 -1.7065561818466502e-05 0.00072148349132078102 -0.0086866069614404112 -0.0098512757514735028 0.0016930014059187224 0.00082669048263388006 -0.0012003650679324046 0.0057159198126473468 -0.016470113536691203 0.028827821468665346 -0.038642622134474211
leaf_weight=239.72224691510201 3502.9367260187864 925.74814258515835 8143.7153074592352 573.36730879545212 100172.74263557792 8206.0057184845209 604.88002373278141 220.83570954203606 4232.1129464656115 179.94312311708927 44878.504949346185 380.25865162909031 108.10461515188217 4.987005189061164 7.8917357921600333
leaf_count=1213 14309 3705 32990 2360 410269 33612 2539 930 17560 769 184702 1526 460 21 35
internal_value=-4.88382e-07 0.000447475 0.00325055 0.000196852 -0.000131463 0.00302175 0.00183851 -0.0011009 -0.00102537 -0.00972521 -0.000951029 0.0127094 -0.012045 -0.0089971 -0.0179786
internal_weight=172382 122510 10054.6 112455 100746 11708.9 8748.6 49872.1 49530.3 419.665 49110.6 1306.01 341.819 225.823 115.996
internal_count=707000 501310 40760 460550 412629 47921 35529 205690 204244 1982 202262 5231 1446 951 495
is_linear=0
shrinkage=0.03


Tree=54
num_leaves=16
num_cat=0
split_feature=6 4 3 6 3 3 3 2 1 6 1 0 4 3 1
split_gain=93.4427 151.259 71.0704 55.8291 53.7818 52.1088 52.6748 54.3389 48.9377 38.4417 23.8775 19.7508 9.28171 7.63426 6.99239
threshold=0.033693922061836031 -0.0039478812394906906 -0.0020084249521504778 -0.0072412069649298019 -0.14309785217944695 -0.072759204172058042 0.091052311839341052 0.00025054103819536718 -0.015053932137927174 -0.010428029933784109 -0.047560969406996258 0.13064186977771644 0.027753374734514117 -0.098105810499440102 -0.022318964566697293
decision_type=2 2 2 2 2 2 2 2 2 2 2 2 2 2 2
left_child=1 2 4 -4 -1 12 11 -8 10 -10 -3 -7 13 -2 -14
right_child=5 8 3 -5 -6 6 7 -9 9 -11 -12 -13 14 -15 -16
leaf_value=-0.0099987993908313994 -0.014227521558045485 -0.0054977335767967036 0.0026810116230983156 -0.00065639983933398849 -0.001040087691074778 -0.00071900696429432105 0.0076289401065372927 -0.0051261057108817733 0.0029402859575889768 0.0012165536462449146 0.00013540636697679484 -0.010134549548149159 0.015624356623181393 -0.02869038057049652 -0.024940552171535169
leaf_weight=610.7571457028389 64.460579678416252 721.7258792668581 9237.9614849239588 8816.3237593919039 48082.057090371847 41544.354209944606 324.21020224690437 4127.8229060173035 20338.809683844447 27238.004486769438 10981.948509380221 201.48254087567329 11.308956354856493 66.977209657430649 5.7786395102739325
leaf_count=2800 283 2998 37743 36088 197520 170482 1338 17119 82957 111284 45166 863 47 288 24
internal_value=-4.86154e-07 0.000423092 -0.000556374 0.00105128 -0.00115246 -0.0011523 -0.00109526 -0.00419725 0.00152592 0.00195344 -0.00021197 -0.00076445 -0.0188934 -0.0215974 0.00190622
internal_weight=172374 126028 66747.1 18054.3 48692.8 46346.4 46197.9 4452.03 59280.5 47576.8 11703.7 41745.8 148.525 131.438 17.0876
internal_count=707000 516556 274151 73831 200320 190444 189802 18457 242405 194241 48164 171345 642 571 71
is_linear=0
shrinkage=0.03


Tree=55
num_leaves=16
num_cat=0
split_feature=0 7 7 3 7 7 7 3 7 7 3 3 3 7 7
split_gain=89.0115 108.92 188.252 165.418 145.564 407.773 164.329 100.817 27.832 72.2483 26.3802 23.1048 17.9138 15.8728 15.0068
threshold=0.11538994876202603 -0.068873503122694288 -0.085355310879802623 0.0044439728320239133 0.013054558192188483 0.0047084982816636431 0.02862031653068731 -0.098105810499440102 -0.14112623220486983 -0.18556505103897189 -0.011170948829448966 0.057622560952354192 -0.037347454318886079 0.198019398156318 1.0000000180025095e-35
decision_type=2 2 2 2 2 2 2 2 2 2 2 2 2 2 2
left_child=1 2 7 -4 5 -3 -6 -1 9 11 -11 -2 13 -10 -14
right_child=8 4 3 -5 6 -7 -8 -9 12 10 -12 -13 14 -15 -16
leaf_value=-0.012589941223248753 -0.0090764559903259052 -0.00037420531758214695 0.01578055832305035 0.001472416944134806 0.0034138349508518974 -0.008636274374212518 3.5495193348800555e-06 0.001429270629320623 0.003888987116629614 -0.03970909912193351 -0.008350473852994509 0.011377444622338482 -0.012247359737579388 -0.024219803976763772 -0.0041149401412282401
leaf_weight=499.37424266338348 303.54932661354542 34683.685979038477 1652.1650541573763 1298.9485223293304 14461.95877982676 6362.5550032407045 105375.73465788364 6114.2042127847672 287.45278684794903 96.664853766560555 32.181891217827797 59.436443015933037 268.40347437560558 19.294179633259773 853.9513837993145
leaf_count=2199 1420 142820 6632 5211 59187 26291 431436 24896 1223 474 141 251 1144 79 3596
internal_value=-4.82077e-07 7.18904e-05 0.00318217 0.00948275 -0.000113018 -0.0016549 0.000415101 0.000370716 -0.00642225 -0.0125777 -0.0318767 -0.00572727 -0.00430382 0.00212096 -0.00605975
internal_weight=172370 170449 9564.69 2951.11 160884 41046.2 119838 6613.58 1920.93 491.833 128.847 362.986 1429.1 306.747 1122.35
internal_count=707000 698672 38938 11843 659734 169111 490623 27095 8328 2286 615 1671 6042 1302 4740
is_linear=0
shrinkage=0.03


Tree=56
num_leaves=16
num_cat=0
split_feature=6 4 7 7 7 7 7 3 7 3 0 7 6 7 6
split_gain=87.6318 137.034 142.908 140.139 101.327 120.2 100.008 44.8873 56.9068 41.3538 40.2859 32.8817 29.3016 12.4768 10.7899
threshold=0.04097914887167476 -0.0039478812394906906 -0.023005323275327168 0.015271954688652391 0.13576358220676513 0.12695122874122669 0.15591940314465849 0.096530797923323544 -0.18556505103897189 -0.072759204172058042 0.01460388636714373 -0.2598207951683007 0.0058676502264274353 -0.012433950021172256 0.06346892037765102
decision_type=2 2 2 2 2 2 2 2 2 2 2 2 2 2 2
left_child=1 4 12 -4 5 -1 -6 9 14 13 -10 -11 -3 -2 -9
right_child=7 2 3 -5 6 -7 -8 8 10 11 -12 -13 -14 -15 -16
leaf_value=-0.00066927208649739025 -0.021225550205328202 0.0075180565757475663 -0.0030411660135018716 0.0014601447255847277 0.010721487205893854 -0.010413110399249548 0.00056836039352144423 -0.016920834824430086 0.024689911654482775 0.015613674135725758 -0.0055198183186211678 -0.00089307045939118204 0.0033343900728640742 0.0085906915484128647 0.013756450895078425
leaf_weight=63108.808737561107 113.89416153728962 3503.7620010972023 7095.3481773287058 50734.517176046968 1358.2118667811155 1160.3796347230673 2444.7076620459557 10.973195284605024 40.179480478167534 108.93691304326057 3539.42818133533 36309.904377102852 2643.3742999881506 14.206588521599768 173.01786711812019
leaf_count=259480 498 14320 29163 207319 5488 4736 9947 45 163 449 14712 149081 10828 59 712
internal_value=-4.8635e-07 0.000373259 0.00137013 0.000907863 -0.000563646 -0.000845197 0.00419455 -0.0012248 -0.00434439 -0.000903545 -0.00518073 -0.000843695 0.00571901 -0.0179189 0.0119269
internal_weight=172360 132049 63977 57829.9 68072.1 64269.2 3802.92 40310.5 3763.6 36546.9 3579.61 36418.8 6147.14 128.101 183.991
internal_count=707000 541281 261630 236482 279651 264216 15435 165719 15632 150087 14875 149530 25148 557 757
is_linear=0
shrinkage=0.03


Tree=57
num_leaves=16
num_cat=0
split_feature=1 6 3 4 3 2 3 6 4 4 3 1 1 6 5
split_gain=87.9761 90.4268 157.365 111.868 38.1059 87.1988 36.8279 32.11 31.2209 27.5101 48.7488 14.9717 10.0172 8.18445 5.0113
threshold=-0.026981807498435473 0.012629550729075902 -0.0031821572404774896 0.016946316743094551 0.076179139059655135 0.00025054103819536718 -0.072759204172058042 -0.011455195682064099 0.21828402312737685 -0.21056047687378962 -0.076997427146586292 -0.054908437403832951 -0.04075496841228838 0.0042396314825233769 2.6564670878300127
decision_type=2 2 2 2 2 2 2 2 2 2 2 2 2 2 2
left_child=8 2 3 -2 6 -6 -3 -4 9 11 -11 -1 13 -10 -14
right_child=1 4 7 -5 5 -7 -8 -9 12 10 -12 -13 14 -15 -16
leaf_value=-0.011838413717366299 -0.00089370216691111732 -0.017361622556572399 0.0031964087966033202 0.0023287125516828094 0.012547570360119829 -0.0036108964768309503 -0.00037932424016256486 0.001425511297043631 -0.030156571153103953 0.003577261536548952 -0.0021775169270159996 -0.0039302955803641173 -0.0045596729545569281 -0.011397946899234408 -0.024484387741841147
leaf_weight=347.01069255173206 44281.581273779273 115.16130566596985 18825.177125900984 12413.976152658463 315.81749080121517 6227.7521458417177 56806.916209742427 18051.113324657083 22.750179588794708 1484.7719972282648 12295.732756212354 568.3541315048933 325.46472531557083 262.05878640711308 11.771707415580748
leaf_count=1620 181607 499 76767 50712 1292 25726 232813 73706 95 6203 50991 2440 1363 1115 51
internal_value=-4.84049e-07 0.000211201 0.000804078 -0.000188127 -0.00066292 -0.00283103 -0.000413682 0.00232955 -0.00217065 -0.001892 -0.00155747 -0.00692823 -0.00875376 -0.0128964 -0.00525517
internal_weight=172355 157037 93571.8 56695.6 63465.6 6543.57 56922.1 36876.3 15317.9 14695.9 13780.5 915.365 622.045 284.809 337.236
internal_count=707000 643122 382792 232319 260330 27018 233312 150473 63878 61254 57194 4060 2624 1210 1414
is_linear=0
shrinkage=0.03


Tree=58
num_leaves=15
num_cat=0
split_feature=5 7 7 0 7 7 7 7 6 6 6 3 6 6
split_gain=85.833 88.1588 272.17 105.183 98.8708 88.3073 69.3186 60.4838 32.1836 5.86491 4.39055 2.00063 2.01525 0.6375
threshold=1.0000000180025095e-35 0.07694626914134807 0.062430587085533513 0.065595056572833807 0.077909723860541749 0.29433303104773184 0.063369010529924177 -0.049620700233285402 -0.070891529776114723 -0.039844992752848522 -0.011982070847165847 0.012484417942181249 0.034538966493321561 0.0446585669836796
decision_type=2 2 2 2 2 2 2 2 2 2 2 2 2 2
left_child=7 2 3 -2 8 -6 -4 11 -3 -9 -11 13 -13 -1
right_child=1 4 6 -5 5 -7 -8 9 -10 10 -12 12 -14 -15
leaf_value=0.042573930724122439 0.00029284050411587371 0.033041993652837894 -0.011187618403341299 -0.0032075611246097403 0.00098264265379062682 -0.014268595916814538 -0.0038868133657769068 -0.041484004032917618 0.010065962711295656 0.017602377074842249 -0.015541164383767748 0.016142183341426298 0.037244697911466514 0.030713762908579238
leaf_weight=58.89572711288929 101089.88119974732 59.673971071839333 1307.5358580648899 8365.2730832397938 49233.210824176669 344.07541182637215 11163.317275837064 5.7033631801605251 681.42971791327 4.9164786338806215 13.405406370759005 5.9290895015001324 13.009738013148306 4.3823903501033774
leaf_count=271 414545 240 5591 35130 200446 1508 46293 23 2776 20 54 26 57 20
internal_value=-4.8042e-07 -1.71076e-05 -0.000453118 2.53171e-05 0.00103938 0.000876796 -0.00465228 0.0269562 0.011916 -0.0149173 -0.00664746 0.0391923 0.0306382 0.0417525
internal_weight=172351 172244 121926 109455 50318.4 49577.3 12470.9 106.242 741.104 24.0252 18.3219 82.2169 18.9388 63.2781
internal_count=707000 706529 501559 449675 204970 201954 51884 471 3016 97 74 374 83 291
is_linear=0
shrinkage=0.03


Tree=59
num_leaves=16
num_cat=0
split_feature=1 6 3 7 7 7 2 7 3 5 7 7 7 7 5
split_gain=83.3378 97.2408 112.86 72.0786 70.8843 45.1343 72.0451 71.0603 41.2101 33.3994 41.5057 35.0191 31.7139 17.3292 14.0236
threshold=-0.011341456855354233 0.012629550729075902 -0.0031821572404774896 0.1432593772157961 -0.068873503122694288 -0.045792696147842642 0.010186954405135 -0.043012402893504491 0.068591343938008822 0.5478066362735422 -0.21139297599414056 -0.06642749355352294 0.015271954688652391 -0.18556505103897189 0.40560996044368675
decision_type=2 2 2 2 2 2 2 2 2 2 2 2 2 2 2
left_child=8 2 4 -4 -2 6 -3 -7 9 11 -11 -1 13 -10 -14
right_child=1 5 3 -5 -6 7 -8 -9 12 10 -12 -13 14 -15 -16
leaf_value=0.0034619128097332962 0.0053184905941453739 0.0056755816776259734 0.0019918182599607298 0.0066967796823978621 -0.00026136884263416318 -0.016189294528413722 -0.0012961398675018436 -0.00076186739134274744 0.00050683141187563008 -0.0097689789500129721 -0.00028343827653170797 -0.0025528701983118583 -0.019448017093088237 -0.016129205762886008 -0.0023281608491702724
leaf_weight=934.67566727101803 2172.4784083515406 2571.4621225446463 28431.570968821645 3267.2225419431925 36055.901054948568 270.25574232637882 2772.218047991395 46959.396730393171 67.826923221349716 420.24818980693817 34355.065084651113 12823.818814665079 45.327541381120682 333.14147607982159 861.83349470794201
leaf_count=3856 8868 10496 116042 13200 147607 1119 11389 192589 286 1913 141653 52775 191 1404 3612
internal_value=-4.73343e-07 0.000420326 0.00115321 0.00247676 5.57287e-05 -0.000554477 0.00205876 -0.000850146 -0.0010347 -0.000893083 -0.000398068 -0.00214426 -0.00628909 -0.0133151 -0.00318358
internal_weight=172342 122501 69927.2 31698.8 38228.4 52573.3 5343.68 47229.7 49841.9 48533.8 34775.3 13758.5 1308.13 400.968 907.161
internal_count=707000 501310 285717 129242 156475 215593 21885 193708 205690 200197 143566 56631 5493 1690 3803
is_linear=0
shrinkage=0.03


Tree=60
num_leaves=15
num_cat=0
split_feature=5 7 7 7 7 7 7 1 3 7 3 6 6 6
split_gain=81.4248 83.3725 223.188 468.367 131.081 86.1696 57.813 48.3511 7.46079 5.83035 2.01826 1.9421 1.89444 0.636615
threshold=1.0000000180025095e-35 0.095151796181214401 0.10748458408798779 0.110480511292828 0.093742590490894298 0.042350000330426692 -0.049620700233285402 -0.027539092150910851 -0.022219288678347101 0.13130879779585783 0.012484417942181249 0.034538966493321561 -0.027364133570386192 0.0446585669836796
decision_type=2 2 2 2 2 2 2 2 2 2 2 2 2 2
left_child=6 4 7 -4 5 -2 10 -3 -6 12 13 -12 -8 -1
right_child=1 2 3 -5 8 -7 9 -9 -10 -11 11 -13 -14 -15
leaf_value=0.041949858208237267 0.00026278991034978235 -0.0030088359930749852 -0.013785217853510483 0.0010896835594291329 -0.0057765937098462148 -0.0013366623739262118 -0.021499142911154009 0.0069533538321181355 -0.015163850104778749 -0.039463417792000931 0.015633761315891816 0.036434481773359097 0.0003437611439896075 0.030018971192609257
leaf_weight=57.956368058919907 84032.129317834973 472.43674640357494 2027.6099129766226 31533.795888766646 88.297548323869705 47422.543561637402 4.9494718015194001 6098.4109927713871 556.12092757225037 6.222089245915412 5.8937678039073971 12.842209354043005 12.855004668235777 4.3254793882369986
leaf_count=271 345432 1943 8266 128315 361 195151 20 24790 2271 25 26 57 52 20
internal_value=-4.68702e-07 -1.6573e-05 0.00118094 0.000191017 -0.000380382 -0.000314216 0.0264042 0.00623708 -0.0138776 -0.0144646 0.0385242 0.0298912 -0.00572835 0.0411213
internal_weight=172336 172231 40132.3 33561.4 132099 131455 105.044 6570.85 644.418 24.0266 81.0178 18.736 17.8045 62.2818
internal_count=707000 706529 163314 136581 543215 540583 471 26733 2632 97 374 83 72 291
is_linear=0
shrinkage=0.03


Tree=61
num_leaves=16
num_cat=0
split_feature=0 7 7 3 7 7 7 3 7 7 7 3 7 5 7
split_gain=79.9462 91.8234 184.583 156.785 137.408 270.139 158.319 97.7948 25.0935 26.8001 53.9608 14.0496 11.9972 10.1462 6.85715
threshold=0.13064186977771644 -0.068873503122694288 -0.085355310879802623 0.0044439728320239133 -0.0577327146855433 -0.060272034423333669 -0.049620700233285402 -0.098105810499440102 0.001616673928635848 -0.18556505103897189 -0.14112623220486983 0.057622560952354192 0.014103262522310424 5.8094657366285629 0.20548257727580158
decision_type=2 2 2 2 2 2 2 2 2 2 2 2 2 2 2
left_child=1 2 7 -4 5 -3 -6 -1 9 11 -11 -2 13 -10 -14
right_child=8 4 3 -5 6 -7 -8 -9 12 10 -12 -13 14 -15 -16
leaf_value=-0.011909985824939776 -0.0076497647918278107 -0.0019269953370076543 0.015261275272111153 0.0013586096543232002 0.0070830105717161161 -0.022919935011195144 -0.00011141950555172457 0.0012300985683242282 0.020932247969048755 -0.035279382594729798 -0.0094638510460678966 0.011840099236518815 -0.0034623346270676991 -0.0079148429823156577 -0.013015779985621964
leaf_weight=555.42522560060024 217.94172428548336 2890.6041536182165 1655.9650080651045 1305.6613285988569 2802.6380802839994 681.7966400384903 154970.73210678995 6199.5148937106133 31.471098184585571 105.86495065689087 233.82157391309738 39.288983389735222 547.47233340144157 16.847947150468826 77.147050425410271
leaf_count=2484 1041 11976 6652 5240 11512 2946 635337 25254 135 517 1013 167 2332 73 321
internal_value=-4.61913e-07 5.52101e-05 0.00288754 0.00913215 -0.000115358 -0.00593352 1.63802e-05 0.000149655 -0.00750004 -0.0119777 -0.0175094 -0.00467292 -0.00352818 0.0108738 -0.00464229
internal_weight=172332 171062 9716.57 2961.63 161346 3572.4 157773 6754.94 1269.86 596.917 339.687 257.231 672.938 48.319 624.619
internal_count=707000 701401 39630 11892 661771 14922 646849 27738 5599 2738 1530 1208 2861 208 2653
is_linear=0
shrinkage=0.03


Tree=62
num_leaves=16
num_cat=0
split_feature=7 7 7 7 7 7 7 7 7 3 4 3 0 4 7
split_gain=78.0253 258.585 213.137 135.098 536.93 131.07 105.405 85.6146 88.8497 86.2858 31.1306 45.9656 29.4686 23.8008 15.0845
threshold=0.1432593772157961 0.15755317155934781 0.18381394494568773 0.12695122874122669 0.12656628667351102 0.27684666288085874 0.12041567049614489 0.13576358220676513 0.1394362638840996 -0.019622010263870778 1.0000000180025095e-35 -0.014603130896802151 0.039466691080729172 -0.022662376898204491 0.15453490301518705
decision_type=2 2 2 2 2 2 2 2 2 2 2 2 2 2 2
left_child=3 10 12 4 6 -4 -1 9 -9 -5 11 -2 -3 -6 -12
right_child=1 2 5 7 13 -7 -8 8 -10 -11 14 -13 -14 -15 -16
leaf_value=-0.00022756569766203705 0.0059753941836446335 -0.0041257511451119888 0.0050178752225461176 -0.015632372892382351 0.035634328442439175 -0.0038598675725441448 0.0058747526452716803 0.0056676288712535694 -0.0054450679896670537 -0.0047977301482083137 0.0097831763438249279 0.01946124359916819 -0.0098715729620856736 0.023291071874103998 0.0047812812800341348
leaf_weight=147333.92610792816 373.81782525777817 2353.3709990233183 5855.6156495660543 804.63019317388535 205.50595194101334 2010.6428168118 2592.3253460377455 1295.9189391583204 1294.199634745717 3719.8245060294867 1309.5673772096634 581.00969956815243 1219.681749895215 445.13481053709984 926.55983443558216
leaf_count=605370 1501 9639 23615 3291 833 8294 10556 5278 5278 15176 5253 2328 5052 1806 3730
internal_value=-4.65813e-07 0.00209532 -1.11604e-05 -0.000194908 -4.03876e-06 0.00274869 -0.000122053 -0.00423458 0.000114969 -0.00672457 0.00964688 0.0141815 -0.00608712 0.0271897 0.0077106
internal_weight=172322 14630.3 11439.3 157691 150577 7866.26 149926 7114.57 2590.12 4524.45 3190.95 954.828 3573.05 650.641 2236.13
internal_count=707000 59412 46600 647588 618565 31909 615926 29023 10556 18467 12812 3829 14691 2639 8983
is_linear=0
shrinkage=0.03


Tree=63
num_leaves=16
num_cat=0
split_feature=1 7 7 4 7 7 3 7 7 7 3 7 3 7 4
split_gain=78.6257 96.9728 217.042 166.462 161.094 115.093 107.786 104.359 36.7858 84.9356 103.777 30.9769 35.7334 25.1969 14.4684
threshold=-0.029404505816587097 -0.063636436613844868 -0.0577327146855433 -0.01033161305410185 -0.049620700233285402 -0.085355310879802623 -0.072759204172058042 -0.082040370655703396 -0.038367579922955579 -0.035740654437621248 -0.061433695379255131 -0.06642749355352294 -0.11220708748304485 0.071206567817206259 -0.020239544868714873
decision_type=2 2 2 2 2 2 2 2 2 2 2 2 2 2 2
left_child=8 5 3 -3 -4 6 -2 -7 11 10 -10 12 -1 -11 -13
right_child=1 2 4 -5 -6 7 -8 -9 9 13 -12 14 -14 -15 -16
leaf_value=-0.011970406506187073 -0.011803115463305083 -0.01661018611570109 0.007504443738840118 0.0016029419975778182 -1.0538607342253727e-05 0.01798864074187255 0.0017403943140779435 0.0048492546219054645 0.040834557976012348 -0.0029899240273190326 -0.0044245281383506986 -0.012587619263142967 -0.0010243066826576088 0.00016089338063385688 -0.0048351605249141718
leaf_weight=329.19458232820034 589.33773250877857 1236.4255579859018 2613.399249240756 711.54961521923542 145332.74210985005 648.58401554822922 5153.7916812747717 3374.7542962431908 93.848146826028824 6098.4892791509628 88.684934094548225 598.34736222028732 1453.6293484419584 3652.2129331082106 339.65119192004204
leaf_count=1619 2565 5267 10710 3013 595372 2606 20925 13623 382 25518 367 2535 6038 15030 1430
internal_value=-4.67302e-07 0.000179942 -8.78075e-06 -0.00995736 0.00012221 0.00307642 0.000350612 0.0069674 -0.00227675 -0.0014302 0.0188451 -0.00536734 -0.00304548 -0.00180976 -0.00978044
internal_weight=172315 159661 149894 1947.98 147946 9766.47 5743.13 4023.34 12654.1 9933.24 182.533 2720.82 1782.82 9750.7 937.999
internal_count=707000 654081 614362 8280 606082 39719 23490 16229 52919 41297 749 11622 7657 40548 3965
is_linear=0
shrinkage=0.03


Tree=64
num_leaves=15
num_cat=0
split_feature=5 6 3 6 0 3 3 3 3 6 3 3 3 3
split_gain=75.9171 75.1768 104.033 69.2124 56.1632 42.3378 43.4771 6.74117 5.19882 4.38957 2.5356 2.35131 3.59292 2.24881
threshold=1.0000000180025095e-35 0.033693922061836031 -0.0037892781828107731 -0.010428029933784109 1.0000000180025095e-35 -0.072759204172058042 0.096530797923323544 -0.14309785217944695 0.012142630427467773 -0.058136073362953115 -0.0023118666836640651 0.01494508764254965 0.02501751386494622 -0.041731549687402995
decision_type=2 2 2 2 2 2 2 2 2 2 2 2 2 2
left_child=8 2 4 -4 -2 7 -7 -3 9 13 -11 -10 -13 -1
right_child=1 5 3 -5 -6 6 -8 -9 11 10 -12 12 -14 -15
leaf_value=0.028409002119338111 -0.037206019438653384 0.0082311001074997572 0.0027000957186944937 0.00051581198145178586 -0.00038595839347092283 -0.00072366462723289957 -0.0040806095538604434 -0.018843239126680473 -0.0046948644936723174 0.039311367788037462 0.02647858327174225 0.03217493980319866 0.0083234968300106467 0.0075059475865303744
leaf_weight=8.5973435491323489 37.304085984826088 8.810057729482649 20817.503311738372 35017.704921722412 70048.378969460726 42351.411467522383 3782.3914351165295 136.73958459496498 4.7103691995143917 32.992618143558502 23.892588242888451 9.9524005055427569 13.253520384430884 10.043123781681059
leaf_count=40 153 43 84900 143179 287961 173952 15742 599 20 156 109 44 57 45
internal_value=-4.7012e-07 -1.5904e-05 0.000364102 0.0013302 -0.000405556 -0.00104986 -0.000998892 -0.0172044 0.0256924 0.0297813 0.0339214 0.0146301 0.0185527 0.0171468
internal_weight=172304 172200 125921 55835.2 70085.7 46279.4 46133.8 145.55 103.442 75.5257 56.8852 27.9163 23.2059 18.6405
internal_count=707000 706529 516193 228079 288114 190336 189694 642 471 350 265 121 101 85
is_linear=0
shrinkage=0.03


Tree=65
num_leaves=16
num_cat=0
split_feature=1 6 7 7 7 4 7 2 5 4 7 2 2 2 2
split_gain=74.7712 87.7874 99.1488 98.3982 88.9181 40.281 40.1245 37.1476 30.2788 58.8378 33.7979 10.7379 6.33978 7.60847 3.89471
threshold=-0.011341456855354233 0.012629550729075902 0.13576358220676513 0.27684666288085874 0.12695122874122669 0.33500118378110216 -0.2598207951683007 1.0000000180025095e-35 0.58139322597422194 -0.0079936918088553393 -0.16960564226560779 0.018204917670014503 0.015592209256119243 0.014802014870828042 0.016901603064151314
decision_type=2 2 2 2 2 2 2 2 2 2 2 2 2 2 2
left_child=5 2 4 -4 -2 8 11 -8 9 -1 -10 -3 13 -7 -14
right_child=1 6 3 -5 -6 12 7 -9 10 -11 -12 -13 14 -15 -16
leaf_value=-0.0042388881717632214 0.00093026627970908631 0.027553848644507547 0.0059222356207401265 -0.0052687769146232133 -0.0055134727113311539 -0.0091830513119629774 0.0048162901509865002 -0.00068999567280467395 -0.0056807274555802124 -0.00047771079418689735 -0.00023836382248177922 0.0098068599613853561 -0.034538905506819893 0.028234405562024431 -0.015273813652092834
leaf_weight=6310.8910400122404 61267.960364863276 44.606288477778435 5865.976518496871 804.03939796984196 1989.9307264834642 219.52777993679047 1126.9250698685646 51287.055986091495 1060.0523992776871 9200.4959672689438 32904.272209599614 98.309595882892609 10.383710086345671 5.0023808926343909 104.40779492259026
leaf_count=26067 250640 182 23683 3291 8103 930 4622 210372 4644 37821 135712 417 44 21 451
internal_value=-4.58636e-07 0.000398094 0.00109438 0.00457321 0.000727563 -0.000980416 -0.000528324 -0.000571608 -0.000909768 -0.00200797 -0.000408224 0.015346 -0.0112815 -0.00834942 -0.0170165
internal_weight=172300 122485 69927.9 6670.02 63257.9 49815 52556.9 52414 49475.7 15511.4 33964.3 142.916 339.322 224.53 114.792
internal_count=707000 501310 285717 26974 258743 205690 215593 214994 204244 63888 140356 599 1446 951 495
is_linear=0
shrinkage=0.03


Tree=66
num_leaves=16
num_cat=0
split_feature=7 7 7 6 5 7 7 7 7 7 7 0 7 1 5
split_gain=73.3537 198.908 103.828 139.589 100.316 94.5657 437.777 142.01 166.168 92.3855 98.0577 91.3575 84.1848 59.7271 10.4984
threshold=0.081932593887314678 0.062430587085533513 0.059525181573580228 -0.015143660171823113 1.0000000180025095e-35 0.10748458408798779 0.110480511292828 0.097197455049241835 0.090434702528793834 0.068742051260765061 0.066714295934156467 0.045354661735723466 0.29433303104773184 -0.028770635122416059 0.82847661908532932
decision_type=2 2 2 2 2 2 2 2 2 2 2 2 2 2 2
left_child=1 2 4 -4 -1 7 14 8 -2 10 -3 -11 -8 -9 -7
right_child=5 9 3 -5 -6 6 12 13 -10 11 -12 -13 -14 -15 -16
leaf_value=0.031163613352054576 0.0041695829797156357 -0.0039293473786794894 0.012497615158288532 0.00026619351516002452 -0.00013009321260775287 -0.015372248564684391 0.0011703888075774245 -0.0050206358072654314 -0.004534635938728329 -0.0027707183407461246 -0.011816244869934817 0.0059704399081175084 -0.013791498646396729 0.0074375354462794287 -0.011035127714285149
leaf_weight=92.273708656430244 4694.6870679408312 5241.133911088109 1397.4481688737869 2104.0844588726759 105916.60744045675 1096.9607395678759 31202.278130471706 369.77237474918365 3405.9964000880718 6816.1719152331352 1945.3823947310448 1277.8247900754213 342.16867232322693 5465.9189490973949 926.58365425467491
leaf_count=430 19170 21897 5728 8637 435310 4478 126848 1523 13904 28178 8093 5307 1508 22201 3788
internal_value=-4.52654e-07 -0.000382371 6.50296e-05 0.00514771 -0.000102854 0.00100282 0.000140373 0.00308017 0.000509825 -0.00358875 -0.00606432 -0.00139072 0.00100809 0.00664814 -0.0133863
internal_weight=172295 124791 109510 3501.53 106009 47504.4 33568 13936.4 8100.68 15280.5 7186.52 8094 31544.4 5835.69 2023.54
internal_count=707000 513580 450105 14365 435740 193420 136622 56798 33074 63475 29990 33485 128356 23724 8266
is_linear=0
shrinkage=0.03


Tree=67
num_leaves=16
num_cat=0
split_feature=0 7 7 3 7 7 7 3 7 7 3 1 3 7 7
split_gain=73.3832 77.4997 170.089 151.204 134.312 380.748 157.607 100.681 14.9462 63.4965 10.7506 14.4577 8.14903 7.81825 3.84447
threshold=0.16058760188210922 -0.068873503122694288 -0.085355310879802623 0.0038507280203869958 0.013054558192188483 0.0047084982816636431 0.02862031653068731 -0.098105810499440102 -0.09043602802703686 -0.18556505103897189 -0.012186991967561676 -0.037808463109796998 0.014215256495878183 -0.14112623220486983 0.0030690030408574436
decision_type=2 2 2 2 2 2 2 2 2 2 2 2 2 2 2
left_child=1 2 7 -4 5 -3 -6 -1 9 12 11 -10 -2 -11 -12
right_child=8 4 3 -5 6 -7 -8 -9 10 13 14 -13 -14 -15 -16
leaf_value=-0.01138625622972861 -0.0071958181553437748 -0.00036588372860939347 0.014706908149238156 0.001104131345151809 0.0033136706094515057 -0.0083358340441282014 -1.7214575359762158e-05 0.0011817153198095131 -0.0066399318907857082 -0.039601908286068688 -0.016065077247910182 0.017656448822141155 0.011222946515620506 -0.012341071341902739 -0.0078911875345573351
leaf_weight=631.23453576862812 101.50393424928188 34884.998719230294 1641.9071802645922 1332.1469660997391 14538.88471955061 6381.5884441435337 105977.41691413522 6290.1229122281075 63.904845014214516 77.648327529430389 67.006967291235924 33.648490414023399 27.469026729464531 10.783235758543013 227.99718506634235
leaf_count=2894 495 143772 6603 5349 59493 26425 434075 25651 276 386 294 142 118 48 979
internal_value=-4.59043e-07 3.6446e-05 0.00261373 0.00861391 -0.000121193 -0.00159838 0.000384618 3.55041e-05 -0.0103876 -0.016698 -0.00689288 0.00174047 -0.00327294 -0.0362778 -0.0097478
internal_weight=172288 171678 9895.41 2974.05 161783 41266.6 120516 6921.36 609.962 217.405 392.557 97.5533 128.973 88.4316 295.004
internal_count=707000 704262 40497 11952 663765 170197 493568 28545 2738 1047 1691 418 613 434 1273
is_linear=0
shrinkage=0.03


Tree=68
num_leaves=16
num_cat=0
split_feature=1 7 3 7 7 7 7 3 7 0 3 1 7 7 2
split_gain=70.7437 87.9629 76.5219 78.4159 68.3632 30.793 73.3361 115.217 42.7123 46.0301 26.3069 37.0655 22.4313 16.2257 12.3291
threshold=-0.026981807498435473 -0.2598207951683007 -0.11220708748304485 -0.063636436613844868 -0.09601017374904168 -0.038367579922955579 -0.035740654437621248 -0.061433695379255131 -0.06642749355352294 0.08077272157201297 -0.063900850139670826 0.0033245821199654781 0.071206567817206259 -0.0577327146855433 0.00025054103819536718
decision_type=2 2 2 2 2 2 2 2 2 2 2 2 2 2 2
left_child=5 10 4 -4 -3 8 7 -7 9 -1 11 -2 -8 -10 -12
right_child=1 2 3 -5 -6 6 12 -9 13 -11 14 -13 -14 -15 -16
leaf_value=0.00062730757242137898 -0.0082683338567779065 -0.0288230023116266 0.0029198826440423914 2.2392610651844962e-05 -0.0037679067319460152 0.038674621043305844 -0.0025869878796335806 -0.0051102756664228024 -0.015669557635808205 -0.0098172185059834695 0.04797605786865012 0.017814031212243561 9.8332736795226616e-05 -0.0072545969411361398 0.019452057759742604
leaf_weight=1508.8472177237272 88.250357761979103 149.89625999331474 8915.2796497046947 147232.85028849542 283.14991427958012 104.60262471437454 7462.7657777518034 112.00642912089825 273.63521511852741 507.48601610958576 14.653326436877249 110.35566055774689 4480.5295763909817 837.1161178201437 196.83383528888226
leaf_count=6239 387 676 36136 603412 1168 424 31221 464 1178 2399 59 482 18431 3522 802
internal_value=-4.6151e-07 0.000189241 0.000152899 0.000187825 -0.0124406 -0.00194863 -0.00126583 0.0160339 -0.00460374 -0.00200145 0.0140652 0.00622436 -0.00157959 -0.00932763 0.0214284
internal_weight=172278 156991 156581 156148 433.046 15287 12159.9 216.609 3127.08 2016.33 410.093 198.606 11943.3 1110.75 211.487
internal_count=707000 643122 641392 639548 1844 63878 50540 888 13338 8638 1730 869 49652 4700 861
is_linear=0
shrinkage=0.03


Tree=69
num_leaves=16
num_cat=0
split_feature=0 7 7 7 7 7 7 4 7 7 7 7 5 2 4
split_gain=69.3826 76.3359 153.757 123.497 362.286 151.046 96.5735 94.7405 22.2226 25.1247 49.5105 11.4073 9.44827 8.94114 7.07993
threshold=0.13064186977771644 -0.068873503122694288 -0.085355310879802623 0.013054558192188483 0.0047084982816636431 0.041461326432956642 -0.10713815006275694 0.080972947003810317 0.001616673928635848 -0.18556505103897189 -0.14112623220486983 0.014103262522310424 5.8094657366285629 0.028929524191918767 -0.12227762442951033
decision_type=2 2 2 2 2 2 2 2 2 2 2 2 2 2 2
left_child=1 2 6 4 -3 -5 -1 -4 9 13 -11 12 -10 -2 -13
right_child=8 3 7 5 -6 -7 -8 -9 11 10 -12 14 -14 -15 -16
leaf_value=0.0026148244752126158 -0.012248158986231685 -0.00031941179257947012 0.010797288391497016 0.0021859527433720563 -0.0081089873959553724 -0.000245476096930148 -0.0050586305733822797 -0.0033817692343738881 0.020419589539060749 -0.034079372369795191 -0.0090210549978838352 0.0079812960789678172 -0.0074439493608064317 -0.00025869378153010175 -0.0051969247539859365
leaf_weight=4568.0848107635975 83.026380881667137 34771.947704806924 2445.1114205271006 30982.100122764707 6355.8312785923481 89194.01482874155 2180.8035677522421 513.11734303832054 31.58541513979435 102.11314779520035 232.63073527812958 39.150894954800606 16.766917049884796 171.84984268248081 583.92597380280495
leaf_count=18874 407 143304 9828 126911 26358 365198 8864 2064 135 517 1013 168 73 801 2485
internal_value=-4.59897e-07 5.12404e-05 0.00263499 -0.000104247 -0.0015232 0.00038136 0.000135261 0.00833787 -0.00701154 -0.0112613 -0.0166651 -0.00327956 0.0107575 -0.00416428 -0.00436887
internal_weight=172272 171011 9707.12 161304 41127.8 120176 6748.89 2958.23 1261.05 589.62 334.744 671.429 48.3523 254.876 623.077
internal_count=707000 701401 39630 661771 169662 492109 27738 11892 5599 2738 1530 2861 208 1208 2653
is_linear=0
shrinkage=0.03


Tree=70
num_leaves=16
num_cat=0
split_feature=7 7 7 6 7 5 7 7 7 7 7 6 5 5 1
split_gain=70.5475 239.746 98.3511 131.014 96.0184 95.5798 76.9888 70.2331 65.3325 73.5624 51.3171 30.3181 13.3242 13.3102 4.78123
threshold=0.07694626914134807 0.062430587085533513 0.059525181573580228 -0.015143660171823113 0.077909723860541749 1.0000000180025095e-35 0.29433303104773184 0.079074549010346176 0.063369010529924177 0.063984644504548563 0.062680467203887882 -0.040524085911439293 0.80026677654210843 1.9409949278466267 -0.024924816131942036
decision_type=2 2 2 2 2 2 2 2 2 2 2 2 2 2 2
left_child=1 2 5 -4 11 -1 7 -6 10 -10 -3 13 -13 -2 -8
right_child=4 8 3 -5 6 -7 14 -9 9 -11 -12 12 -14 -15 -16
leaf_value=0.030581289814904457 0.026057941617990747 -0.0043708479202135128 0.01211447727765892 0.00027104302668091383 -0.009132471944243133 -0.00013200233884484648 -0.003148233367630118 0.0010106824957141088 0.0063261326395986943 -0.0041926317857937101 -0.016306826492065024 0.0045620112385563495 0.013515676155488609 -0.021796057603925771 -0.014656476001429053
leaf_weight=91.270467579364777 135.06607407331467 611.65396946668625 1399.9709617644548 2103.9999784827232 622.24344056844711 105893.29071719944 36.374638557434082 48627.483813092113 634.50302909314632 10507.146602556109 689.76024974882603 321.62507976591587 279.63885690271854 5.4418456852436057 304.32017207145691
leaf_count=430 546 2612 5728 8637 2567 435310 158 197920 2609 43684 2979 1309 1139 22 1350
internal_value=-4.61205e-07 -0.00039052 5.79348e-05 0.00500295 0.00094447 -0.000105553 0.000784215 0.000882529 -0.00433654 -0.0035936 -0.010697 0.0116582 0.00872623 0.0242046 -0.0134278
internal_weight=172264 121932 109489 3503.97 50332.2 105985 49590.4 49249.7 12443.1 11141.6 1301.41 741.772 601.264 140.508 340.695
internal_count=707000 501989 450105 14365 205011 435740 201995 200487 51884 46293 5591 3016 2448 568 1508
is_linear=0
shrinkage=0.03


Tree=71
num_leaves=16
num_cat=0
split_feature=6 4 7 7 5 7 7 3 7 7 7 3 0 7 6
split_gain=68.6127 121.424 126.018 120.134 95.4994 69.05 55.5702 37.1637 50.5893 41.6156 55.9962 49.3972 35.4086 28.4892 10.1079
threshold=0.04097914887167476 -0.0039478812394906906 -0.023005323275327168 0.015271954688652391 0.57770420701896297 -0.068873503122694288 0.071206567817206259 0.096530797923323544 -0.18556505103897189 -0.085355310879802623 -0.068873503122694288 -0.037347454318886079 0.01460388636714373 -0.17596274350969568 0.06346892037765102
decision_type=2 2 2 2 2 2 2 2 2 2 2 2 2 2 2
left_child=1 4 13 -4 5 -1 -6 9 14 11 -11 -2 -10 -3 -9
right_child=7 2 3 -5 6 -7 -8 8 12 10 -12 -13 -14 -15 -16
leaf_value=0.0038508372552234684 -0.018818099591688127 0.019185240608083656 -0.0028249932561723815 0.0013450730951651733 -0.00038244741841499417 -0.0027872158516630686 0.002044495732038693 -0.01655588257597039 0.023245257384564341 0.0087483815948547483 -0.00072752283422066496 -0.0034328617108736006 -0.0050398515824091866 0.0050493999728690722 0.013165001870890198
leaf_weight=1525.867581024766 216.24967697262764 131.10999725759029 7085.7732488662004 50744.810565263033 36823.392976135015 18627.876775145531 11035.889715239406 10.949209168553351 40.287438929080963 570.59214709699154 34295.448925644159 1428.5059673190117 3526.0723399966955 6019.9998773932457 173.33226001262665
leaf_count=6258 936 532 29163 207319 151866 76517 45010 45 163 2291 141033 5827 14712 24616 712
internal_value=-4.59928e-07 0.000330216 0.00126835 0.00083413 -0.000552309 -0.00228464 0.000177182 -0.00108456 -0.00392833 -0.00079243 -0.000572447 -0.00545569 -0.00472033 0.0053507 0.0113991
internal_weight=172256 131995 63981.7 57830.6 68013 20153.7 47859.3 40261.4 3750.64 36510.8 34866 1644.76 3566.36 6151.11 184.281
internal_count=707000 541281 261630 236482 279651 82775 196876 165719 15632 150087 143324 6763 14875 25148 757
is_linear=0
shrinkage=0.03


Tree=72
num_leaves=16
num_cat=0
split_feature=1 7 6 3 3 2 7 3 3 7 0 3 7 0 0
split_gain=68.6061 81.2998 80.2343 102.607 36.9472 34.1426 30.3352 22.4663 35.5072 31.6174 21.8154 19.5769 15.9026 12.2254 9.46731
threshold=-0.011341456855354233 -0.2598207951683007 0.012629550729075902 -0.0031821572404774896 0.068591343938008822 0.00051323099371393605 0.015271954688652391 -0.14309785217944695 -0.063900850139670826 -0.16960564226560779 0.028507868380723386 -0.015341026306845194 -0.18556505103897189 0.13064186977771644 0.028950514680418118
decision_type=2 2 2 2 2 2 2 2 2 2 2 2 2 2 2
left_child=4 10 3 -3 7 -4 12 9 -9 -1 11 -2 -6 -12 -8
right_child=1 2 5 -5 6 -7 14 8 -10 -11 13 -13 -14 -15 -16
leaf_value=-0.015241911923076494 -0.045085691738402954 -4.2190099390192807e-05 0.0040575024646961402 0.0022689563874319588 0.0004179109542031469 -0.00067325507610944415 0.0077793051927588942 0.0018806850094796215 -0.00099910502381623796 0.0016214622580125826 0.020332856754504743 0.019837758685930223 -0.015524080859201199 0.0061245858418704701 -0.0037671752559064395
leaf_weight=227.69541218876839 9.8954753726720828 38057.113116368651 1411.0218174606562 31681.124525398016 67.852617561817169 50984.825691774487 69.203066721558571 4224.5386736541986 43854.019013047218 178.5163322687149 240.43543453514576 7.2372344136238089 331.19535121321678 70.480213955044746 835.60108833014965
leaf_count=1213 41 155823 5787 129117 286 209207 286 17574 180641 769 994 29 1404 312 3517
internal_value=-4.57097e-07 0.000381299 0.000341239 0.00100773 -0.000939441 -0.000545856 -0.00592295 -0.000805424 -0.000746065 -0.00783103 0.015296 -0.0176606 -0.0128134 0.017112 -0.00288405
internal_weight=172251 122462 122134 69738.2 49788.6 52395.8 1303.85 48484.8 48078.6 406.212 328.048 17.1327 399.048 310.916 904.804
internal_count=707000 501310 499934 284940 205690 214994 5493 200197 198215 1982 1376 70 1690 1306 3803
is_linear=0
shrinkage=0.03


Tree=73
num_leaves=16
num_cat=0
split_feature=7 7 7 7 7 7 7 7 7 3 6 7 1 6 2
split_gain=66.924 239.866 204.344 130.983 499.842 124.143 96.3281 77.2309 83.7669 80.9311 30.2872 27.7946 23.8057 19.804 13.1474
threshold=0.1432593772157961 0.15755317155934781 0.18381394494568773 0.12695122874122669 0.12656628667351102 0.22332332821004744 0.12041567049614489 0.13576358220676513 0.1394362638840996 -0.019622010263870778 -0.1077383663563745 0.15453490301518705 0.022415752824062784 0.0087013140980022347 0.0060441630402648097
decision_type=2 2 2 2 2 2 2 2 2 2 2 2 2 2 2
left_child=3 11 10 4 6 -4 -1 9 -9 -5 -3 13 -6 -2 -13
right_child=1 2 5 7 12 -7 -8 8 -10 -11 -12 14 -14 -15 -16
leaf_value=-0.00020768851209609218 0.014226665910572072 0.0092687966139707433 0.0082775595317146032 -0.015165905103910405 0.028768835288357848 0.00010543605918801848 0.0056231154708945479 0.0053559608295531379 -0.0054313324889402308 -0.0046611844196563544 -0.0065383685926736247 0.0096202529080291876 0.013409324326840635 0.0080066263615046606 0.0034634282269650541
leaf_weight=147258.97856150568 1071.1009976416826 112.64517241716385 2413.7105329185724 802.58151404559612 543.68635646998882 5451.6335366517305 2594.92652772367 1297.5102202445269 1293.9860086888075 3717.2600328028202 3458.845490321517 511.39415687322617 109.02966700494289 808.38545899093151 801.20778109133244
leaf_count=605370 4289 463 9718 3291 2197 22191 10556 5278 5278 15176 14228 2055 442 3245 3223
internal_value=-4.52491e-07 0.00194058 -8.88961e-05 -0.000180605 7.38048e-06 0.00261329 -0.00010672 -0.00415918 -3.03509e-05 -0.00652649 -0.00603981 0.00921193 0.0262032 0.0115514 0.00586215
internal_weight=172247 14628.9 11436.8 157618 150507 7865.34 149854 7111.34 2591.5 4519.84 3571.49 3192.09 652.716 1879.49 1312.6
internal_count=707000 59412 46600 647588 618565 31909 615926 29023 10556 18467 14691 12812 2639 7534 5278
is_linear=0
shrinkage=0.03


Tree=74
num_leaves=16
num_cat=0
split_feature=1 7 3 7 7 7 7 3 7 7 3 5 3 7 2
split_gain=65.5386 83.9642 69.8727 71.6936 68.6469 31.9437 75.2048 90.4266 29.4085 153.028 24.0899 31.7027 22.2798 16.829 12.5065
threshold=-0.029404505816587097 -0.2598207951683007 -0.11220708748304485 -0.063636436613844868 -0.09601017374904168 -0.038367579922955579 -0.035740654437621248 -0.061433695379255131 -0.10713815006275694 -0.14112623220486983 -0.066438654310298315 0.18003427441504635 -0.076997427146586292 -0.041810462752182302 1.0000000180025095e-35
decision_type=2 2 2 2 2 2 2 2 2 2 2 2 2 2 2
left_child=5 10 4 -4 -3 8 7 -7 9 -1 11 -2 -8 -10 -12
right_child=1 2 3 -5 -6 6 12 -9 13 -11 14 -13 -14 -15 -16
leaf_value=-0.0063906313011995531 -0.042662432105865677 -0.027774049825771394 0.0027406968300804587 4.8492227871508657e-06 -0.0032688219302336977 0.038133508470732554 0.0023818922020681088 -0.0040519130464804556 -0.0064619683486860239 0.02240988575996062 0.045960351032533063 0.0089124136200053831 -0.002161471814742996 -0.015847962082235295 0.018353872224449851
leaf_weight=941.4895646572113 11.368875548243521 155.37696588039398 9147.8482533544302 149580.31574128568 304.52793504297733 94.662185043096542 1094.3915639519691 88.472337454557419 1367.750717997551 201.59199975430965 15.911238387227057 189.87561090290546 8643.7586265057325 196.64341658353806 205.77192154526711
leaf_count=4218 49 710 37096 613237 1258 382 4567 367 5734 839 64 831 35981 831 836
internal_value=-4.52054e-07 0.000164156 0.00012869 0.000162522 -0.0115478 -0.00208089 -0.0012927 0.0177537 -0.00496914 -0.00131142 0.0135135 0.0059988 -0.00165088 -0.00764178 0.0203353
internal_weight=172240 159611 159188 158728 459.905 12628.8 9921.28 183.135 2707.48 1143.08 422.928 201.244 9738.15 1564.39 221.683
internal_count=707000 654081 652301 650333 1968 52919 41297 749 11622 5057 1780 880 40548 6565 900
is_linear=0
shrinkage=0.03


Tree=75
num_leaves=15
num_cat=0
split_feature=7 7 7 7 7 4 4 6 1 1 1 6 6 4
split_gain=64.7324 90.5811 133.415 288.744 100.969 55.6386 52.1095 28.512 4.61974 5.98423 5.82758 4.9568 3.21456 3.69222
threshold=0.29433303104773184 0.18381394494568773 0.15755317155934781 0.1432593772157961 0.198019398156318 0.066313392349914749 0.21828402312737685 -0.1077383663563745 -0.023131937707975964 0.0034949528298369738 0.0046154120029547269 -0.058136073362953115 0.089213434410538986 0.022696617599958228
decision_type=2 2 2 2 2 2 2 2 2 2 2 2 2 2
left_child=1 2 3 -1 5 -3 -6 -4 12 11 -11 -10 13 -2
right_child=8 4 7 -5 6 -7 -8 -9 9 10 -12 -13 -14 -15
leaf_value=-0.00017561187938337943 0.017339695331420154 0.023525748195056213 0.0089819087357296736 0.0089371047973279185 0.0031495819262257283 0.0042583304693329972 -0.0053192412189390021 -0.0063445495407180299 -0.0057301054336937008 0.020485964955771537 -0.010294644622655762 -0.019446812749439095 0.014083835583125348 -0.011321630823172401
leaf_weight=157607.20573283732 4.6396730393171302 325.73478199541569 112.80823169648647 3192.7895770967007 6241.0112801939249 230.22339041531086 730.4350216537714 3454.9954084008932 27.625178679823875 5.8787682652473441 94.87386092543602 167.3312554359436 7.3723642975091925 31.570304647088051
leaf_count=647588 20 1306 463 12812 25180 926 2989 14228 122 26 421 749 32 138
internal_value=-4.50442e-07 2.53886e-05 -0.000121986 5.3271e-06 0.00324345 0.0155471 0.00226226 -0.00585995 -0.0130913 -0.0144352 -0.00849864 -0.0175032 -0.00397284 -0.00764918
internal_weight=172234 171895 164368 160800 7527.4 555.958 6971.45 3567.8 339.291 295.709 100.753 194.956 43.5823 36.21
internal_count=707000 705492 675091 660400 30401 2232 28169 14691 1508 1318 447 871 190 158
is_linear=0
shrinkage=0.03


Tree=76
num_leaves=16
num_cat=0
split_feature=0 7 7 7 7 7 4 7 0 7 7 3 7 7 3
split_gain=65.501 122.735 125.151 106.685 327.291 159.365 55.1388 49.0545 41.7474 46.245 84.5034 34.9006 13.3573 58.4367 9.86561
threshold=0.065595056572833807 -0.068873503122694288 -0.073798217113713524 0.013054558192188483 0.0047084982816636431 0.041461326432956642 0.086532024412011813 -0.18556505103897189 0.16058760188210922 -0.2598207951683007 -0.21139297599414056 -0.069524186467033219 -0.09043602802703686 -0.18556505103897189 -0.012186991967561676
decision_type=2 2 2 2 2 2 2 2 2 2 2 2 2 2 2
left_child=1 2 7 4 -3 -5 -4 -1 9 11 -11 -2 13 -10 -14
right_child=8 3 6 5 -6 -7 -8 -9 12 10 -12 -13 14 -15 -16
leaf_value=0.0091470529874906319 0.0018927860817682424 -0.00019526092716448974 0.019408825392657255 0.0023418332171726828 -0.007802518702638931 -0.00022573287033464683 -0.0062522711089582489 0.0017024840798010106 -0.003025174942280925 -0.015609126992745298 -0.0015532922750998864 0.020812427931906498 0.0017835198742304872 -0.035100199048548122 -0.0092324601359654139
leaf_weight=914.70198409259319 250.27617101371288 32407.311203211546 592.69821633398533 29349.818040654063 6038.4449075907469 84096.092553600669 86.339458346366882 6169.8673372119665 128.14759993553162 398.67088924348354 11184.240879490972 135.12876249849796 97.473900020122528 85.047375231981277 293.42296469211578
leaf_count=3743 1174 133495 2384 120131 25077 344259 347 24957 613 1719 46420 556 418 434 1273
internal_value=-4.4353e-07 0.000163733 0.00384289 -2.43189e-05 -0.00139009 0.000438527 0.016146 0.00266367 -0.0020853 -0.00169692 -0.00203708 0.0085263 -0.00978 -0.0158205 -0.00648552
internal_weight=172228 159655 7763.61 151892 38445.8 113446 679.038 7084.57 12572.4 11968.3 11582.9 385.405 604.092 213.195 390.897
internal_count=707000 654393 31431 622962 158572 464390 2731 28700 52607 49869 48139 1730 2738 1047 1691
is_linear=0
shrinkage=0.03


Tree=77
num_leaves=15
num_cat=0
split_feature=1 6 3 4 7 4 2 1 3 7 7 7 1 1
split_gain=62.9011 75.3187 91.9107 77.5465 56.0056 36.4306 32.8642 91.376 55.7092 26.366 106.901 58.4678 6.03805 6.26561
threshold=-0.011341456855354233 0.012629550729075902 -0.0031821572404774896 0.025180907035927239 0.1432593772157961 0.33500118378110216 1.0000000180025095e-35 -0.0024399599767471708 0.13827696399526015 -0.012433950021172256 -0.018576802952870394 -0.011583781181654594 -0.011931170733288818 -0.01234344763283003
decision_type=2 2 2 2 2 2 2 2 2 2 2 2 2 2
left_child=5 2 3 -2 -4 9 7 -3 -8 10 -1 -11 13 -7
right_child=1 6 4 -5 -6 12 8 -9 -10 11 -12 -13 -14 -15
leaf_value=-0.0013212413124596499 -0.00062044326576293145 -0.001236466548833516 0.0017763392681471794 0.0028760598472918984 0.0059224959354862031 -0.010684762996147968 -0.00046881229348364969 0.017093390124698335 -0.0077837337755680986 0.013398671951270983 -0.012973023198059793 -0.00056110536109215715 -0.040514177666334146 0.0237410748077371
leaf_weight=10223.270533651114 31219.13789370656 773.50752781331539 28448.598388701677 6986.1855554580688 3269.0614363402128 326.58039154112339 50443.174675196409 358.08008968830109 954.75795423984528 271.94738894701004 761.44587577879429 38173.340181514621 6.0141820907592765 4.8284816145896903
leaf_count=42615 127983 3164 116042 28492 13200 1401 206939 1476 4014 1130 3156 157343 25 20
internal_value=-4.46412e-07 0.000365062 0.00100994 1.89236e-05 0.00220367 -0.000899778 -0.000493353 0.00456384 -0.000604693 -0.000832717 -0.00212893 -0.000462359 -0.0107238 -0.0101832
internal_weight=172220 122453 69923 38205.3 31717.7 49767.4 52529.5 1131.59 51397.9 49430 10984.7 38445.3 337.423 331.409
internal_count=707000 501310 285717 156475 129242 205690 215593 4640 210953 204244 45771 158473 1446 1421
is_linear=0
shrinkage=0.03


Tree=78
num_leaves=14
num_cat=0
split_feature=5 7 7 4 7 7 7 7 6 4 4 3 3
split_gain=63.0416 63.4798 223.647 100.151 91.0069 68.8515 61.4097 55.3825 29.0905 15.0437 4.34865 3.23083 0.875775
threshold=1.0000000180025095e-35 0.07694626914134807 0.062430587085533513 -0.01444756977692979 0.077909723860541749 0.29433303104773184 0.063369010529924177 -0.049620700233285402 -0.070891529776114723 -0.057845143715188278 0.039809146270809566 0.013181042369725062 0.02501751386494622
decision_type=2 2 2 2 2 2 2 2 2 2 2 2 2
left_child=7 2 3 -2 8 -6 -4 10 -3 -9 12 -11 -1
right_child=1 4 6 -5 5 -7 -8 9 -10 11 -12 -13 -14
leaf_value=0.039436871043730594 -0.0009871493288157113 0.031359317810801056 -0.010375249455266487 0.00084436185232195516 0.00081852251883410374 -0.012769853810721869 -0.003478081778684086 -0.048938440851808346 0.00954795457377044 0.013667834872769831 0.012970324730115628 -0.013683400142918559 0.026992847218731918
leaf_weight=64.251902922987938 47507.691691622138 59.857969492673874 1297.1960756033659 61858.48776127398 49238.108015537262 337.90197457373142 11132.508491560817 8.2256170064210909 682.82877695560455 8.5034095495939237 6.5979677885770789 7.1594899743795386 5.5278582125902167
leaf_count=318 195775 240 5591 253900 200446 1508 46293 33 2776 35 30 29 26
internal_value=-4.41828e-07 -1.42956e-05 -0.000384617 4.87698e-05 0.000882063 0.000725906 -0.00419789 0.0237806 0.0113059 -0.0160869 0.0362499 0.00116562 0.0384511
internal_weight=172215 172115 121796 109366 50318.7 49576 12429.7 100.266 742.687 23.8885 76.3777 15.6629 69.7798
internal_count=707000 706529 501559 449675 204970 201954 51884 471 3016 97 374 64 344
is_linear=0
shrinkage=0.03


Tree=79
num_leaves=16
num_cat=0
split_feature=6 4 7 7 5 7 7 0 7 7 7 7 6 7 1
split_gain=60.7309 110.078 116.582 99.1167 88.6121 59.1112 49.0715 28.7334 32.9241 122.529 54.836 27.1907 24.3011 42.6964 23.0396
threshold=0.033693922061836031 -0.0039478812394906906 -0.023005323275327168 0.015271954688652391 0.57770420701896297 -0.068873503122694288 0.071206567817206259 0.035627927065073346 0.041461326432956642 0.038035284448153302 0.095151796181214401 -0.025738528356851417 0.17172383144914086 -0.18556505103897189 0.02559388667118349
decision_type=2 2 2 2 2 2 2 2 2 2 2 2 2 2 2
left_child=1 4 11 -4 5 -1 -6 8 9 -2 -10 -3 14 -14 -9
right_child=7 2 3 -5 6 -7 -8 12 10 -11 -12 -13 13 -15 -16
leaf_value=0.0035936654433963043 3.3952377728808697e-05 0.0047690815514614239 -0.0026238206088430405 0.0013292187438842312 -0.00031967045758696759 -0.0026500382753092259 0.001978746450377631 -0.0020773384562752955 -0.0029955385340976644 0.011481023077766973 0.00099001648750704713 0.012357067186740105 0.011372961586882221 -0.0049757250417029001 0.0001264641377741949
leaf_weight=1474.9878703206778 10734.676894828677 5148.5497253835201 6493.9501336216927 47201.24577228725 36038.557012468576 18246.034526303411 10885.297063618898 12298.146925002337 7210.921577334404 913.16265004873276 5459.0121178478003 463.26367564499378 151.13855239748955 2948.8507939875126 6539.8373683393002
leaf_count=6052 44089 21023 26740 192745 148707 75004 44388 50711 29741 3746 22250 1897 623 12323 26961
internal_value=-4.34071e-07 0.000340979 0.00128113 0.000851134 -0.000495661 -0.00218306 0.000213511 -0.000930084 -0.000219904 0.000931375 -0.00127831 0.00539548 -0.0017173 -0.00417865 -0.00131226
internal_weight=172208 125952 59307 53695.2 66644.9 19721 46923.9 46255.7 24317.8 11647.8 12669.9 5611.81 21938 3099.99 18838
internal_count=707000 516556 242405 219485 274151 81056 193095 190444 99826 47835 51991 22920 90618 12946 77672
is_linear=0
shrinkage=0.03


Tree=80
num_leaves=14
num_cat=0
split_feature=5 0 1 7 7 7 4 7 7 5 4 7 4
split_gain=60.2467 59.7185 58.6179 82.5104 53.068 33.2903 14.132 12.9919 63.7659 6.71707 4.28995 1.55278 0.247438
threshold=1.0000000180025095e-35 0.16058760188210922 -0.016037441796601794 -0.063636436613844868 -0.049620700233285402 -0.038367579922955579 -0.057845143715188278 -0.14112623220486983 -0.18556505103897189 5.8094657366285629 0.039809146270809566 0.053080840614819221 -0.046550855165132292
decision_type=2 2 2 2 2 2 2 2 2 2 2 2 2
left_child=4 2 5 -4 10 -2 -6 8 -3 -9 12 -8 -1
right_child=1 7 3 -5 6 -7 11 9 -10 -11 -12 -13 -14
leaf_value=0.036664724720687686 -0.0031843143996084372 -0.0029052532758204941 0.0032826491270724427 0.00011876462681638079 -0.047444625943199606 -0.00066863402776144178 0.011942863230967922 -0.0028987376614668598 -0.038034992424654766 -0.010731971811328032 0.01258093463332088 -0.0071259098141933895 0.040457136929710154
leaf_weight=45.069644376635551 5631.9949247837067 127.93131475150585 7873.668580070138 128297.46833002567 8.2180718481540698 29699.272196352482 6.7830238938331595 225.11619420349598 73.060515940189362 175.20172289013863 6.5634711235761634 8.868034362792967 23.587287768721581
leaf_count=227 23618 613 31904 525465 33 122804 28 974 386 765 30 36 117
internal_value=-4.32099e-07 -1.38965e-05 1.91934e-05 0.000301706 0.0233852 -0.00106965 -0.0155886 -0.0094516 -0.0156749 -0.006327 0.0357525 0.00113832 0.0379676
internal_weight=172203 172104 171502 136171 99.0895 35331.3 23.8691 601.31 200.992 400.318 75.2204 15.6511 68.6569
internal_count=707000 706529 703791 557369 471 146422 97 2738 999 1739 374 64 344
is_linear=0
shrinkage=0.03


Tree=81
num_leaves=16
num_cat=0
split_feature=3 7 7 7 7 7 7 2 3 6 7 0 7 7 6
split_gain=59.8406 70.3607 205.599 188.106 124.945 452.065 77.5443 50.7234 40.9514 33.0934 25.8958 21.9113 20.2874 12.9032 3.24006
threshold=0.062640388152270812 0.1432593772157961 0.15755317155934781 0.18381394494568773 0.12695122874122669 0.12656628667351102 0.13576358220676513 0.00025054103819536718 0.16863055871142887 0.0053091087157993719 0.15453490301518705 0.013379866164135758 -0.18556505103897189 -0.21139297599414056 -0.072295320797911608
decision_type=2 2 2 2 2 2 2 2 2 2 2 2 2 2 2
left_child=1 4 10 -4 5 -1 -6 9 12 14 -3 -11 -9 -10 -2
right_child=7 2 3 -5 6 -7 -8 8 13 11 -12 -13 -14 -15 -16
leaf_value=3.7341618157186619e-05 0.052760523875413183 0.011583943371616719 -0.0057013830185788745 0.0030424621684013303 -0.0065224868083191851 0.025998540800673688 0.00023702018823685601 0.0061291693436883055 0.014391463750200451 0.022428936751539688 0.0058682653646846368 0.0026850001018996774 -0.00239800384424293 -0.011816752826419284 0.030350182721045633
leaf_weight=140740.8470595181 7.4307599961757651 1733.5627299547195 3264.8156830519438 6881.8645006269217 4212.5735963284969 606.26237638294697 2396.3092661798 257.70624952018261 17.510969087481499 56.452055931091309 1212.2964968532324 486.95584265887737 9805.096229493618 490.12391512095928 26.559593886137009
leaf_count=578357 30 6945 13432 27875 17213 2443 9752 1055 73 228 4866 2018 40512 2093 108
internal_value=-4.21953e-07 0.000146716 0.00225467 0.000229025 -3.98163e-05 0.000148694 -0.00407156 -0.00212606 -0.00259902 0.00653236 0.0092318 0.0047361 -0.00217962 -0.0109127 0.0352494
internal_weight=172196 161049 13092.5 10146.7 147956 141347 6608.88 11147.8 10570.4 577.398 2945.86 543.408 10062.8 507.635 33.9904
internal_count=707000 660883 53118 41307 607765 580800 26965 46117 43733 2384 11811 2246 41567 2166 138
is_linear=0
shrinkage=0.03


Tree=82
num_leaves=16
num_cat=0
split_feature=7 7 7 7 7 7 6 6 3 6 3 5 0 2 6
split_gain=58.7226 78.4508 121.255 252.078 94.4963 38.0093 32.4594 27.2334 4.42808 10.0222 11.3705 5.64289 4.7423 3.4441 3.21659
threshold=0.29433303104773184 0.18381394494568773 0.15755317155934781 0.1432593772157961 0.198019398156318 0.27684666288085874 -0.069656024124351332 -0.090235418218233485 0.0082196174663319316 -0.058136073362953115 -0.012860753834262216 0.50126823178628077 0.094316338395344493 0.010099828327524318 -0.051454344044802085
decision_type=2 2 2 2 2 2 2 2 2 2 2 2 2 2 2
left_child=1 2 3 -1 6 -6 -3 -4 9 10 -2 13 -13 -10 -11
right_child=8 4 7 -5 5 -7 -8 -9 11 14 -12 12 -14 -15 -16
leaf_value=-0.00016093960392870294 -0.015040053956991973 0.028388536598193646 0.0048126576769579052 0.008352125646312691 0.0033108694214462405 -0.0018809688309784447 0.011019004618026754 -0.0062496068887213313 -0.015731715485832298 -0.038693451374357486 0.020211783585175835 -0.0069023431943793026 -0.031550127872239264 -0.040758431493287221 -0.020016268877389172
leaf_weight=157565.83285684884 25.171618446707726 124.84443579614162 213.02940648794174 3193.8992424309254 5306.1218794733286 1668.0297824889421 431.49960803985596 3348.8217682093382 15.338332280516626 9.1556329727172834 12.238798022270201 171.60657505691051 7.3253650665283194 7.306293547153472 88.675904095172882
leaf_count=647588 111 500 877 12812 21383 6786 1732 13814 69 41 54 770 34 33 396
internal_value=-4.19531e-07 2.41073e-05 -0.000113109 8.194e-06 0.00301829 0.00206912 0.0149168 -0.00558799 -0.0125146 -0.016714 -0.00350743 -0.00969704 -0.00791141 -0.0238066 -0.0217642
internal_weight=172189 171852 164322 160760 7530.5 6974.15 556.344 3561.85 336.819 135.242 37.4104 201.577 178.932 22.6446 97.8315
internal_count=707000 705492 675091 660400 30401 28169 2232 14691 1508 602 165 906 804 102 437
is_linear=0
shrinkage=0.03


Tree=83
num_leaves=16
num_cat=0
split_feature=0 7 7 7 7 7 6 4 7 7 1 4 7 0 2
split_gain=57.6673 112.355 118.122 100.499 212.507 150.201 58.32 52.3865 37.9254 106.693 48.5051 40.6005 34.4352 12.0963 8.52778
threshold=0.065595056572833807 -0.068873503122694288 -0.073798217113713524 -0.0577327146855433 -0.060272034423333669 -0.049620700233285402 0.06216207645534761 0.069730289791863367 -0.2598207951683007 -0.14112623220486983 -0.03661796746792087 -0.1007124008884248 -0.10713815006275694 0.13064186977771644 0.00063579066274381784
decision_type=2 2 2 2 2 2 2 2 2 2 2 2 2 2 2
left_child=1 2 6 4 -3 -5 -1 -4 10 11 14 -10 -11 -12 -2
right_child=8 3 7 5 -6 -7 -8 -9 9 12 13 -13 -14 -15 -16
leaf_value=0.0037342337056998167 0.0048293053273506577 -0.0015865182750535035 0.019277139896500088 0.007232911433184051 -0.021202080035613018 -3.856619295639876e-05 -0.0036165632306417667 -0.0034495839780436851 -0.015004465135998866 0.013406918741773856 0.017907006008694323 -0.0027024879595741571 -0.0015740199942383187 0.0042786167435427116 -0.0098474085653439836
leaf_weight=5923.7004271298647 49.05467002093792 2700.9613361805677 569.49869234859943 2602.23076826334 609.17293013632298 145949.39917549491 1161.9195507466793 108.70674605667591 763.83456967771053 139.87480337917805 206.60834768414497 353.04674017429352 10831.987368285656 81.829270854592323 130.20004333555698
leaf_count=23990 239 11199 2294 10692 2659 598412 4710 437 3407 582 872 1491 44992 367 657
internal_value=-4.13022e-07 0.00015357 0.00367366 -2.63915e-05 -0.00519642 8.88108e-05 0.00252883 0.0156344 -0.00195795 -0.00228225 0.00642435 -0.0111158 -0.00138304 0.0140407 -0.00583099
internal_weight=172182 159626 7763.83 151862 3310.13 148552 7085.62 678.205 12556.4 12088.7 467.692 1116.88 10971.9 288.438 179.255
internal_count=707000 654393 31431 622962 13858 609104 28700 2731 52607 50472 2135 4898 45574 1239 896
is_linear=0
shrinkage=0.03


Tree=84
num_leaves=14
num_cat=0
split_feature=5 7 7 7 7 7 7 7 7 4 4 7 4
split_gain=56.7372 56.7971 156.438 100.757 406.31 127.608 93.5436 86.8916 50.6377 13.3588 4.24806 1.46193 0.243025
threshold=1.0000000180025095e-35 0.082927294757344297 0.062430587085533513 0.10748458408798779 0.110480511292828 0.097197455049241835 0.059525181573580228 0.068742051260765061 -0.049620700233285402 -0.057845143715188278 0.039809146270809566 0.053080840614819221 -0.046550855165132292
decision_type=2 2 2 2 2 2 2 2 2 2 2 2 2
left_child=8 2 6 5 -5 -3 -2 -4 10 -10 12 -11 -1
right_child=1 3 7 4 -6 -7 -8 -9 9 11 -12 -13 -14
leaf_value=0.036085465591459719 -0.00010225047607495428 0.00048683126188708327 -0.0055779407340971667 -0.013042462120540062 0.00083746906208482716 0.0064083873814549516 0.0048787454362914833 -0.0011189704285313703 -0.046154901973546283 0.01161686949715343 0.012015328372137707 -0.0068936620924274676 0.039883536019368872
leaf_weight=44.169284462928772 105838.98114055395 7457.1986523419619 7159.7169058322906 2019.7302012443542 31525.919639483094 5840.4783617705107 3505.7138347774744 8728.1014061719179 8.2008162438869494 6.7697733491659156 6.5133097469806662 8.8729809224605543 23.088077738881111
leaf_count=227 435310 30435 29990 8266 128315 23724 14365 36124 33 28 30 36 117
internal_value=-4.15049e-07 -1.33859e-05 -0.000346728 0.000877781 1.78049e-06 0.00308764 5.74459e-05 -0.00312837 0.0228648 -0.0151417 0.035149 0.00111721 0.0373893
internal_weight=172173 172076 125233 46843.3 33545.6 13297.7 109345 15887.8 97.6142 23.8436 73.7707 15.6428 67.2574
internal_count=707000 706529 515789 190740 136581 54159 449675 66114 471 97 374 64 344
is_linear=0
shrinkage=0.03


Tree=85
num_leaves=16
num_cat=0
split_feature=3 4 5 5 6 0 2 0 3 6 0 3 4 2 4
split_gain=55.6221 87.5341 89.8247 59.7372 57.9925 49.9489 47.7765 43.9451 38.7597 30.9411 20.6144 19.5739 16.1918 13.4728 4.6805
threshold=0.062640388152270812 -0.0024134938318978723 0.57770420701896297 1.0000000180025095e-35 0.012629550729075902 0.031934812296000772 0.00025054103819536718 0.10589272449154895 0.13827696399526015 0.0053091087157993719 0.013379866164135758 -0.010198319278458377 -0.079879533508334197 0.063479366934012127 0.15164178830289302
decision_type=2 2 2 2 2 2 2 2 2 2 2 2 2 2 2
left_child=1 2 3 -1 5 -3 9 -4 13 14 -11 -6 -10 -8 -2
right_child=6 4 7 -5 11 -7 8 -9 12 10 -12 -13 -14 -15 -16
leaf_value=0.025318567820211631 0.038647215962630689 0.0023291259179650738 0.0001785305171159493 -0.0023213508058075277 0.002224409824495217 0.00018060243032575897 -0.0020237527113183781 -0.0065846056217168302 0.0081774441847510451 0.021767870774119121 0.0026228055694553338 -0.0001472385598564436 -0.0087087674395311451 0.0079816651911853009 0.0069998216187494387
leaf_weight=70.601648077368736 29.158957660198212 27655.833471119404 50361.760435372591 21848.909537449479 3385.7164470106363 15031.423573091626 9353.2973934710026 879.78805042803288 53.764211669564247 56.487385824322701 487.09399347007275 41791.849829286337 1033.7562262564898 122.71347899734974 4.9148092418909064
leaf_count=354 118 112811 206943 89801 13941 61534 38599 3993 224 228 2018 171506 4392 518 20
internal_value=-4.11412e-07 0.000141425 -0.000625106 -0.00223232 0.00077968 0.00157257 -0.0020504 6.24113e-05 -0.0025098 0.00635064 0.0046123 3.04985e-05 -0.00787396 -0.00189418 0.0340824
internal_weight=172167 161026 73161.1 21919.5 87864.8 42687.3 11141.2 51241.5 10563.5 577.655 543.581 45177.6 1087.52 9476.01 34.0738
internal_count=707000 660883 301091 90155 359792 174345 46117 210936 43733 2384 2246 185447 4616 39117 138
is_linear=0
shrinkage=0.03


Tree=86
num_leaves=16
num_cat=0
split_feature=1 7 6 7 4 5 4 7 0 5 0 5 7 7 5
split_gain=56.0247 66.5222 65.7082 75.9423 33.1793 27.7297 41.6944 33.7853 24.7989 21.2501 10.1079 8.87313 5.97257 6.5938 4.7519
threshold=-0.011341456855354233 -0.2598207951683007 0.012629550729075902 0.11792093515813597 0.33500118378110216 0.5478066362735422 -0.0079936918088553393 -0.039714611885107103 0.16058760188210922 0.39592762640783025 0.13064186977771644 0.13606959809229568 -0.03096351912693179 0.033588590171427353 0.68178537057362354
decision_type=2 2 2 2 2 2 2 2 2 2 2 2 2 2 2
left_child=4 9 3 -3 5 6 -1 -7 -4 11 -11 -2 14 -14 -6
right_child=1 2 8 -5 12 7 -8 -9 -10 10 -12 -13 13 -15 -16
leaf_value=-0.0039552585558282989 -0.024845014107645155 0.0004858707475335945 -0.00044547225264889479 0.0032153674518351758 -0.0085118025091241081 -0.00258314420823083 -0.00058265026600836007 3.6789236662973808e-05 -0.0091073984822967139 0.020928433670338319 0.0073172454292003454 0.0037164903545672048 0.0014038925716264921 -0.010801178478193008 -0.03105565431879834
leaf_weight=5493.6481143087149 11.9853218793869 58864.265120223165 52061.738472521305 10867.811530709267 14.086193457245825 5183.5032721608877 8258.3769971877337 30468.190210580826 299.18173269927502 199.52409620583057 65.132949367165565 53.431351885199547 47.265011787414551 253.52599488198757 20.901283696293831
leaf_count=22765 50 240928 213663 44012 60 21766 33971 125742 1331 819 287 220 205 1089 92
internal_value=-4.04726e-07 0.000344549 0.000308188 0.000911265 -0.000849434 -0.000785556 -0.00192994 -0.00034413 -0.000494965 0.0137943 0.0175787 -0.00151641 -0.0102479 -0.00888333 -0.0219793
internal_weight=172163 122423 122093 69732.1 49739.5 49403.7 13752 35651.7 52360.9 330.074 264.657 65.4167 335.778 300.791 34.9875
internal_count=707000 501310 499934 284940 205690 204244 56736 147508 214994 1376 1106 270 1446 1294 152
is_linear=0
shrinkage=0.03


Tree=87
num_leaves=15
num_cat=0
split_feature=7 7 7 7 7 4 4 0 3 6 3 4 5 6
split_gain=55.9653 71.2635 116.456 233.598 88.6163 50.1177 44.6144 26.7619 4.29619 9.54379 10.6578 6.1288 6.11441 3.11449
threshold=0.29433303104773184 0.18381394494568773 0.15755317155934781 0.1432593772157961 0.198019398156318 0.066313392349914749 0.21828402312737685 0.049828604084239371 0.0082196174663319316 -0.058136073362953115 -0.012860753834262216 0.03629860438839861 0.50126823178628077 -0.051454344044802085
decision_type=2 2 2 2 2 2 2 2 2 2 2 2 2 2
left_child=1 2 3 -1 5 -3 -6 -4 9 10 -2 -10 -13 -11
right_child=8 4 7 -5 6 -7 -8 -9 11 13 -12 12 -14 -15
leaf_value=-0.00015131134027769638 -0.014735952710427481 0.021962064022738887 -0.0041486269435438245 0.00804321917045509 0.0027773717152399331 0.0036854526564451878 -0.0050650233370264034 -0.010577591791961861 -0.036770426750242745 -0.038099410164776373 0.019329513226737396 -0.023595332305376009 -0.0065804939776720585 -0.019619737283142844
leaf_weight=157537.19155710936 25.079960539937019 326.20014828443527 2824.9914170056581 3194.3475731015205 6246.4233381301165 230.41709396243095 729.05889046192169 734.19558835029602 7.1333090811967841 9.0504217743873578 12.329082176089285 21.362687095999718 172.46693266928196 88.190366104245186
leaf_count=647588 111 1306 11621 12812 25180 926 2989 3070 32 41 54 97 777 396
internal_value=-3.98733e-07 2.35066e-05 -0.000107311 1.15452e-05 0.00287691 0.0143963 0.00195771 -0.00547481 -0.0122392 -0.0163858 -0.00350883 -0.00946081 -0.00845576 -0.0213397
internal_weight=172158 171823 164291 160732 7532.1 556.617 6975.48 3559.19 335.613 134.65 37.409 200.963 193.83 97.2408
internal_count=707000 705492 675091 660400 30401 2232 28169 14691 1508 602 165 906 874 437
is_linear=0
shrinkage=0.03


Tree=88
num_leaves=16
num_cat=0
split_feature=1 7 4 6 5 7 7 4 7 7 7 5 7 6 4
split_gain=53.9095 69.0578 57.549 95.2678 74.1111 27.4999 71.2216 36.2947 28.794 140.112 19.8166 19.0471 15.8005 10.1001 6.66572
threshold=-0.029404505816587097 -0.2598207951683007 -0.0039478812394906906 0.012629550729075902 0.58139322597422194 -0.038367579922955579 -0.035740654437621248 -0.03125823397526039 -0.10713815006275694 -0.14112623220486983 0.068742051260765061 0.18003427441504635 -0.041810462752182302 -0.022315113659118143 -0.27349735195429253
decision_type=2 2 2 2 2 2 2 2 2 2 2 2 2 2 2
left_child=5 11 4 -4 -3 8 7 -7 9 -1 -8 14 -10 -13 -2
right_child=1 2 3 -5 -6 6 10 -9 12 -11 -12 13 -14 -15 -16
leaf_value=-0.0058443214803119113 -0.028196026068074927 -0.00205176511315473 0.0016730675215720268 -0.00025424981291977973 0.00012002676040422565 0.024991742438025898 -0.002569731517111264 -0.0060231571338455834 -0.0060798404803640172 0.021684997266904326 0.00021874710093945318 0.019163398910076887 -0.015199745386977499 0.0095717187838574198 0.0040862256837932319
leaf_weight=935.18620137870312 13.172933891415598 20672.544325813651 41203.003828778863 52485.6203597188 44759.806003436446 138.21506002545357 6019.8565422147512 45.018925681710243 1363.3555454462767 202.4020988047123 3705.632321536541 175.25776171684265 195.49089461565018 226.49751496315002 10.224743351340292
leaf_count=4218 56 84946 168072 215626 183657 563 25270 186 5734 839 15278 738 831 944 42
internal_value=-3.92659e-07 0.000148828 0.000116566 0.000593359 -0.000566124 -0.00188911 -0.00115815 0.0173717 -0.00457524 -0.000946247 -0.00150726 0.0122235 -0.00722354 0.0137559 -0.0140887
internal_weight=172151 159546 159121 93688.6 65432.4 12605.2 9908.72 183.234 2696.43 1137.59 9725.49 425.153 1558.85 401.755 23.3977
internal_count=707000 654081 652301 383698 268603 52919 41297 749 11622 5057 40548 1780 6565 1682 98
is_linear=0
shrinkage=0.03


Tree=89
num_leaves=15
num_cat=0
split_feature=7 7 7 7 7 4 4 6 0 0 4 4 6 4
split_gain=53.0489 66.3267 110.125 219.114 83.3067 47.0828 41.799 26.1222 4.12725 6.05311 5.12387 12.4226 6.29665 3.01852
threshold=0.29433303104773184 0.18381394494568773 0.15755317155934781 0.1432593772157961 0.198019398156318 0.066313392349914749 0.21828402312737685 -0.1077383663563745 0.046092184368737556 0.094316338395344493 0.12569793932946885 0.13873968975866294 -0.058136073362953115 0.10027748696387974
decision_type=2 2 2 2 2 2 2 2 2 2 2 2 2 2
left_child=1 2 3 -1 5 -3 -6 -4 10 13 12 -12 -2 -10
right_child=8 4 7 -5 6 -7 -8 -9 9 -11 11 -13 -14 -15
leaf_value=-0.00014559750902784204 -0.0040565633646393422 0.021274940569141632 0.0088770452466114518 0.0077902806387750911 0.0026771170908486347 0.0035624064433810187 -0.0049162492758987372 -0.0057909813374556664 0.0084209829517484357 -0.031180896126462538 0.017815225972074741 -0.012793785987469245 -0.019109218809206061 -0.0064317643512743078
leaf_weight=157529.19058937579 30.095602452754974 326.28861910104752 112.85381525754929 3194.795806184411 6248.0087284147739 230.4647067040205 728.51271396875381 3442.9552300274372 16.645553275942802 7.4263049215078345 14.368638679385183 70.402174845337868 148.02890865504742 47.331136554479599
leaf_count=647588 133 1306 463 12812 25180 926 2989 14228 74 35 65 319 669 213
internal_value=-3.90613e-07 2.28393e-05 -0.000103383 1.21481e-05 0.0027754 0.0139429 0.00188419 -0.00532545 -0.0119395 -0.00554332 -0.0136767 -0.00760556 -0.0165659 -0.00256735
internal_weight=172147 171813 164280 160724 7533.27 556.753 6976.52 3555.81 334.298 71.403 262.895 84.7708 178.125 63.9767
internal_count=707000 705492 675091 660400 30401 2232 28169 14691 1508 322 1186 384 802 287
is_linear=0
shrinkage=0.03


Tree=90
num_leaves=16
num_cat=0
split_feature=1 0 7 7 7 4 5 7 7 0 7 4 7 7 5
split_gain=52.137 52.2996 57.6994 234.98 126.451 38.8615 84.5089 53.4842 41.3764 40.6267 43.0054 33.7407 16.1275 31.8225 9.48297
threshold=-0.0033835946732275984 0.16058760188210922 -0.045792696147842642 -0.043012402893504491 -0.055062669769475929 -0.020239544868714873 1.0676379950837578 -0.063636436613844868 -0.14112623220486983 0.032105840194692793 0.041461326432956642 0.33500118378110216 0.0030690030408574436 -0.18556505103897189 1.1624058204072696
decision_type=2 2 2 2 2 2 2 2 2 2 2 2 2 2 2
left_child=5 2 4 -4 -2 6 7 -1 -8 10 -7 -11 13 -3 -14
right_child=1 12 3 -5 -6 9 8 -9 -10 11 -12 -13 14 -15 -16
leaf_value=0.0015904085296670812 0.0010290270233171111 0.00052469368853604026 -0.021777253709609055 0.00041077603492855583 0.00986706974905017 0.0022210276811355351 -0.0073896357558531269 -0.0028447688640496514 0.0015102309479679097 -0.00086647336082006066 -0.00018855894908111515 -0.0098395980290506974 0.027746182574641315 -0.023666943040192755 -0.0053084877066472509
leaf_weight=2777.267700701952 7172.3187727183104 73.588188335299492 431.86954502761364 80715.171551898122 1828.3908421397209 10704.440380588174 496.16355687379837 20581.922958657146 8964.1223081499338 19971.259954184294 17670.785595670342 384.40444202721119 8.1066800206899625 146.09468394517899 214.34919671714306
leaf_count=11538 29325 325 1787 330448 7540 43860 2239 84878 37048 82384 72301 1651 34 708 934
internal_value=-3.84113e-07 0.000494982 0.000545463 0.00029269 0.00282437 -0.000550659 -0.00134866 -0.00231745 0.00104346 -1.3217e-05 0.000720448 -0.00103593 -0.0097977 -0.0155634 -0.00410392
internal_weight=172140 90589.9 90147.8 81147 9000.71 81550.4 32819.5 23359.2 9460.29 48730.9 28375.2 20355.7 442.139 219.683 222.456
internal_count=707000 371101 369100 332235 36865 335899 135703 96416 39287 200196 116161 84035 2001 1033 968
is_linear=0
shrinkage=0.03


Tree=91
num_leaves=14
num_cat=0
split_feature=5 0 7 7 7 7 7 7 7 4 4 3 3
split_gain=51.0761 50.359 69.0162 122.828 106.205 48.4803 24.0847 25.749 17.0214 12.8467 4.13723 3.05309 0.939422
threshold=1.0000000180025095e-35 0.10589272449154895 -0.068873503122694288 -0.085355310879802623 -0.0577327146855433 -0.049620700233285402 0.0010056531022965001 -0.2598207951683007 0.0047084982816636431 -0.057845143715188278 0.039809146270809566 0.013181042369725062 0.02501751386494622
decision_type=2 2 2 2 2 2 2 2 2 2 2 2 2
left_child=5 2 3 -2 -4 10 7 -3 -8 -7 12 -11 -1
right_child=1 6 4 -5 -6 9 8 -9 -10 11 -12 -13 -14
leaf_value=0.037620287571237164 0.00024501288891717036 0.001192688339374129 -0.0052430301277133886 0.0076518802013414633 1.9132107299206154e-05 -0.045565563422320585 0.016775156528759862 -0.010076155608478942 -0.0022666293718768067 0.013021210611189098 0.011376870887764668 -0.013606401014113943 0.024354485256193215
leaf_weight=59.883998572826385 6482.6657978594303 233.07486513257027 3529.7187788933516 2923.7456317991018 156598.70224706829 8.1914215534925479 43.576010450720787 840.88361728191376 1387.8935432732105 8.4609973281621915 6.4554671347141257 7.1506252437829962 5.2234297692775717
leaf_count=318 26556 1122 14821 11773 642421 33 185 3782 5869 35 30 29 26
internal_value=-3.86111e-07 -1.25529e-05 4.9843e-05 0.00254725 -9.6862e-05 0.0219485 -0.0042347 -0.00763054 -0.00168697 -0.0151396 0.0342847 0.000824908 0.036556
internal_weight=172136 172040 169535 9406.41 160128 95.3659 2505.43 1073.96 1431.47 23.803 71.5629 15.6116 65.1074
internal_count=707000 706529 695571 38329 657242 471 10958 4904 6054 97 374 64 344
is_linear=0
shrinkage=0.03


Tree=92
num_leaves=16
num_cat=0
split_feature=6 4 7 7 5 7 7 7 7 7 7 7 0 7 0
split_gain=50.3637 83.6427 95.0806 74.1416 73.2561 89.3368 48.1303 171.795 143.126 122.246 89.0939 64.0435 31.2864 26.8579 19.9241
threshold=0.001611527799958157 -0.019448049811526643 -0.023005323275327168 -0.012433950021172256 1.0233758751139652 -0.068873503122694288 0.095151796181214401 0.10748458408798779 0.110480511292828 0.054780484863403596 0.053080840614819221 0.055994705428581322 0.016833529035667878 -0.039714611885107103 0.034641700105733135
decision_type=2 2 2 2 2 2 2 2 2 2 2 2 2 2 2
left_child=1 4 12 -4 5 -1 9 14 -9 10 -2 -11 -3 -6 -8
right_child=6 2 3 -5 13 -7 7 8 -10 11 -12 -13 -14 -15 -16
leaf_value=0.0040254230059148573 -0.00040278410802808815 0.013873698962501015 -0.0088063210538880127 0.0011606461155148505 -0.0012996814410702918 -0.0016945126454856704 0.0089667583977354279 -0.011423016384022759 0.00021692429308163807 -0.012292380076862383 0.0083544781197972106 -0.0028959347307565713 0.0049743599849512554 0.0019344589265915878 0.0042965509989597046
leaf_weight=2684.2915578186512 46727.841169044375 394.83474975824356 683.47330239415169 39009.920268043876 2846.9822434335947 29084.457384571433 1901.0161270648241 1016.5613806694746 14682.369192525744 684.63533090054989 1069.5026851594448 14045.969954192638 3572.0110541731119 12274.928469836712 1448.6567480564117
leaf_count=11091 192298 1616 2808 159398 11989 119671 7712 4179 59915 2814 4394 58114 14581 50506 5914
internal_value=-3.74387e-07 0.000486696 0.0014316 0.000989027 -0.000393114 -0.00121121 -0.000541028 0.000779214 -0.000536803 -0.000943228 -0.000206834 -0.00333265 0.00586014 0.00132557 0.006947
internal_weight=172127 90550.9 43660.2 39693.4 46890.7 31768.7 81576.6 19048.6 15698.9 62527.9 47797.3 14730.6 3966.85 15121.9 3349.67
internal_count=707000 371660 178403 162206 193257 130762 335340 77720 64094 257620 196692 60928 16197 62495 13626
is_linear=0
shrinkage=0.03


Tree=93
num_leaves=16
num_cat=0
split_feature=7 7 7 7 7 7 3 0 1 1 1 2 3 3 2
split_gain=50.2227 62.0242 103.837 205.888 81.2558 75.3419 37.9338 25.4176 4.55834 5.62796 5.51436 4.18783 2.57435 5.2973 2.44333
threshold=0.29433303104773184 0.18381394494568773 0.15755317155934781 0.1432593772157961 0.22332332821004744 0.27185133386963328 -0.014603130896802151 0.048933724796543718 -0.023131937707975964 0.0034949528298369738 0.012297486747405785 0.0080627226602951341 -0.012518558408657119 -0.021331660071758182 0.0050679167007694377
decision_type=2 2 2 2 2 2 2 2 2 2 2 2 2 2 2
left_child=1 2 3 -1 6 -6 -3 -4 12 11 -11 -10 13 -2 -14
right_child=8 4 7 -5 5 -7 -8 -9 9 10 -12 -13 14 -15 -16
leaf_value=-0.00014069033229861499 0.0014635300045237702 -0.00071006291719693171 -0.0038465320605216044 0.007551607053657418 -0.0026571073761559628 0.004684271457550254 0.0089984810562964059 -0.010027171988016774 -0.011808278120335986 0.001155187254180502 -0.013187944733502809 -0.02071032658513047 0.0098680567642299849 -0.039102735390722017 -0.0071303542317230446
leaf_weight=157508.20218558609 7.5272800177335739 443.62788404524326 2789.9062572717667 3195.0938547104597 2886.7761753350496 2230.0222864747047 1973.6102833151817 762.50628362596035 100.94066545367241 41.44866743683815 57.715914979577065 89.937696099281311 16.705566272139553 4.7098816782236081 13.978408738970755
leaf_count=647588 33 1783 11493 12812 11639 9044 7935 3198 460 186 261 411 74 21 62
internal_value=-3.76518e-07 2.21842e-05 -9.98993e-05 1.22475e-05 0.00268383 0.00054244 0.0072167 -0.00517317 -0.0116404 -0.0129907 -0.00719282 -0.0160027 -0.0025156 -0.0141498 0.00212425
internal_weight=172123 171790 164256 160703 7534.04 5116.8 2417.24 3552.41 332.964 290.043 99.1646 190.878 42.9211 12.2372 30.684
internal_count=707000 705492 675091 660400 30401 20683 9718 14691 1508 1318 447 871 190 54 136
is_linear=0
shrinkage=0.03


Tree=94
num_leaves=16
num_cat=0
split_feature=1 7 3 7 7 3 7 7 7 3 5 7 2 7 2
split_gain=49.6841 77.0081 61.0237 82.2145 58.606 34.1657 25.1576 32.6375 25.3279 24.4671 25.3098 17.8488 12.3376 9.61841 6.59436
threshold=-0.03661796746792087 -0.2598207951683007 -0.11220708748304485 -0.09601017374904168 -0.063636436613844868 0.022246334835563156 -0.21139297599414056 -0.2598207951683007 -0.18556505103897189 -0.063900850139670826 0.18003427441504635 0.015271954688652391 1.0000000180025095e-35 0.043210334800746215 0.007221255272598817
decision_type=2 2 2 2 2 2 2 2 2 2 2 2 2 2 2
left_child=5 9 3 -3 -4 6 7 -1 -8 10 -2 14 -11 -13 -7
right_child=1 2 4 -5 -6 11 8 -9 -10 12 -12 13 -14 -15 -16
leaf_value=-0.0032841888668700184 -0.03695331559874182 -0.027132019301596491 0.0023712450524231194 -0.0018642171408533572 -3.7125181066501928e-05 -0.016730076842095088 0.012185607264756855 -0.02499546272800986 -0.00150748345354054 0.040916385679478008 0.0076749007428662018 0.0026194345522686166 0.016939664622002415 -0.006630014661171961 -0.0083247174523014174
leaf_weight=190.89725397527218 12.079055011272429 172.15899784862995 9663.4889398813248 354.59940677881241 154211.48218710721 199.93020424246788 124.12948077917099 92.513421982526779 5904.3619418889284 21.227327227592468 215.17153103649616 129.28251095116138 214.38867676258087 465.56258384883404 144.87779359519482
leaf_count=952 53 809 39252 1470 632878 848 548 441 24723 86 937 547 867 1964 625
internal_value=-3.71092e-07 0.000106527 7.21239e-05 -0.0101224 0.000104893 -0.00243071 -0.00163619 -0.0103714 -0.00122554 0.012326 0.00530278 -0.00776771 0.0190998 -0.00461976 -0.0131984
internal_weight=172116 164865 164402 526.758 163875 7251.56 6311.9 283.411 6028.49 462.867 227.251 939.653 235.616 594.845 344.808
internal_count=707000 676352 674409 2279 672130 30648 26664 1393 25271 1943 990 3984 953 2511 1473
is_linear=0
shrinkage=0.03


Tree=95
num_leaves=16
num_cat=0
split_feature=3 7 7 7 7 0 7 2 3 7 0 7 6 7 5
split_gain=49.2858 54.2808 185.862 89.8512 86.7559 77.2903 63.8392 45.6266 35.0433 30.4785 27.6861 19.0207 18.9894 12.1187 3.83946
threshold=0.062640388152270812 0.07694626914134807 0.062430587085533513 0.077909723860541749 0.059525181573580228 0.058846928040111095 0.28666687806024133 0.00025054103819536718 0.16863055871142887 -0.21139297599414056 0.029100529100529175 -0.18556505103897189 0.029161702989009167 -0.21139297599414056 0.89985031969910234
decision_type=2 2 2 2 2 2 2 2 2 2 2 2 2 2 2
left_child=1 2 4 10 -1 -4 -5 9 11 14 -3 -9 -11 -10 -2
right_child=7 3 5 6 -6 -7 -8 8 13 12 -12 -13 -14 -15 -16
leaf_value=3.2556318339110367e-05 0.030054910927686047 0.006769802893332187 -0.0043351466068147189 0.0009832529099337425 0.0049758739968593689 0.0071259670303118246 -0.0077595475971951712 0.0060534678645968688 0.014425910096648327 0.023860285307435222 0.018933328702964665 -0.002205214375161163 0.003099330582014254 -0.010986774721662255 0.055070268044372553
leaf_weight=99668.22602674365 20.420826658606533 418.5453324764967 11186.978337973356 44806.421000644565 3301.076699256897 555.87146289646626 764.49841298162937 257.58897387981415 17.49670222401619 43.022312596440315 281.81526952981949 9789.8394090682268 506.08774474263191 486.02380080521107 7.5687091052532187
leaf_count=409942 83 1698 46758 182246 13508 2337 3252 1055 73 175 1142 40512 2095 2093 31
internal_value=-3.69795e-07 0.000133104 -0.000216764 0.00100047 0.000191033 -0.00379261 0.000836584 -0.00193126 -0.00238053 0.00628248 0.0116642 -0.00199348 0.00472593 -0.0101037 0.0368194
internal_weight=172111 160983 114712 46271.3 102969 11742.8 45570.9 11128 10550.9 577.1 700.361 10047.4 549.11 503.521 27.9895
internal_count=707000 660883 472545 188338 423450 49095 185498 46117 43733 2384 2840 41567 2270 2166 114
is_linear=0
shrinkage=0.03


Tree=96
num_leaves=16
num_cat=0
split_feature=1 2 3 1 3 0 4 5 1 3 3 0 5 5 4
split_gain=49.0127 151.584 62.3164 57.453 88.1718 45.8106 35.3733 77.209 37.6163 25.3044 23.8854 23.8625 19.778 18.2493 14.6841
threshold=-0.0033835946732275984 1.0000000180025095e-35 0.062640388152270812 0.0015706914635029124 -0.088974800043320298 0.16058760188210922 -0.020239544868714873 1.0676379950837578 -0.04075496841228838 0.12204617500245275 0.030291511023557652 0.022785791196026889 0.62753698627853371 1.0305213851281223 -0.069404114505672174
decision_type=2 2 2 2 2 2 2 2 2 2 2 2 2 2 2
left_child=6 3 5 4 -2 -3 7 12 10 -4 -8 -10 -1 -5 -9
right_child=1 2 9 13 -6 -7 8 14 11 -11 -12 -13 -14 -15 -16
leaf_value=-0.0031214202301491955 -0.039791543768773273 0.00065896362951370824 -0.0013503443366618499 0.032199312282781785 0.011125701527043003 -0.014468953135773425 -0.0021751058481262863 0.0020654011767811814 0.0011847246605012007 -0.0057623521909636304 -0.0096180080238518154 -0.00028713962369306183 -0.0013741696017703228 0.017508710457514919 -0.00030902082088280554
leaf_weight=11328.961724206805 33.472564727067947 81292.972346156836 7000.1316415220499 137.97180323302746 357.72904168069363 180.55669088661671 1960.8362116962671 5178.1993823945522 14383.944571450353 1404.7171903699636 483.79737673699856 31896.180001407862 12013.557400234044 169.7218462228775 4282.8600391298532
leaf_count=46792 140 332535 28849 561 1541 855 8182 21633 58819 5926 2069 131126 49624 694 17654
internal_value=-3.69159e-07 0.000479942 0.00037172 0.0143974 0.00676905 0.000625438 -0.000533991 -0.00129558 -2.12589e-05 -0.00208773 -0.00364807 0.000170318 -0.00222217 0.0240961 0.000990541
internal_weight=172106 90577.3 89878.4 698.895 391.202 81473.5 81528.3 32803.6 48724.8 8404.85 2444.63 46280.1 23342.5 307.694 9461.06
internal_count=707000 371101 368165 2936 1681 333390 335899 135703 200196 34775 10251 189945 96416 1255 39287
is_linear=0
shrinkage=0.03


Tree=97
num_leaves=14
num_cat=0
split_feature=5 7 7 7 7 7 7 3 7 4 4 3 3
split_gain=47.477 49.0381 360.541 153.394 147.691 186.518 114.296 76.5645 46.7466 12.1406 4.13367 2.87548 0.943083
threshold=1.0000000180025095e-35 0.013054558192188483 0.0047084982816636431 0.0030690030408574436 0.02862031653068731 0.027847330204950119 0.034186164802458847 0.00061154271028140983 -0.049620700233285402 -0.057845143715188278 0.039809146270809566 0.013181042369725062 0.02501751386494622
decision_type=2 2 2 2 2 2 2 2 2 2 2 2 2
left_child=8 2 3 -2 5 -3 -6 -4 10 -10 12 -11 -1
right_child=1 4 7 -5 6 -7 -8 -9 9 11 -12 -13 -14
leaf_value=0.037083360508800588 -0.00015961010270631556 0.0023664180746465193 -0.010559294509916842 0.0098664379102936656 -0.0037198174172824419 0.017847551530413442 0.00019495490067443345 -0.0039592451227013509 -0.044638075867501771 0.012381394575092075 0.010690485968434929 -0.013479066569761305 0.02368189918077087
leaf_weight=58.445955321192741 43521.085282988846 13835.074164330959 3387.5378413647413 1418.1359881311655 7200.6368897408247 737.76783435046673 98939.661813750863 2967.7442596405745 8.1706281602382678 8.4305597692728025 6.3917178660631171 7.1530638337135306 5.1416945904493323
leaf_count=318 179526 56595 14125 5837 29546 3014 405543 12343 33 35 30 29 26
internal_value=-3.66889e-07 -1.19986e-05 -0.000789061 0.000156779 0.000318198 0.00315017 -7.06262e-05 -0.00747725 0.0213447 -0.0150186 0.033688 0.000511143 0.0359997
internal_weight=172101 172008 51294.5 44939.2 120713 14572.8 106140 6355.28 93.7336 23.7543 69.9794 15.5836 63.5876
internal_count=707000 706529 211831 185363 494698 59609 435089 26468 471 97 374 64 344
is_linear=0
shrinkage=0.03


Tree=98
num_leaves=16
num_cat=0
split_feature=0 7 7 7 7 7 7 4 7 7 3 3 1 7 3
split_gain=46.5588 96.5183 109.304 88.7051 215.271 89.7229 51.1651 49.346 36.5066 69.0518 65.2608 47.3555 38.7972 30.8624 23.3566
threshold=0.065595056572833807 -0.068873503122694288 -0.073798217113713524 -0.055062669769475929 -0.049620700233285402 -0.060272034423333669 -0.078420028953895202 0.069730289791863367 -0.047451560073011538 -0.2598207951683007 -0.069524186467033219 -0.014961095180452964 -0.03661796746792087 0.23215953313520668 0.13827696399526015
decision_type=2 2 2 2 2 2 2 2 2 2 2 2 2 2 2
left_child=1 2 6 5 -5 -3 -1 -4 9 12 -11 13 -2 -10 -13
right_child=8 3 7 4 -6 -7 -8 -9 11 10 -12 14 -14 -15 -16
leaf_value=0.0031317830864015816 -0.0052182560128193689 -0.0013556917024664362 0.018460480809709717 0.010041406534354234 -4.1795119619198446e-05 -0.011018853402953839 -0.0055180363972094117 -0.0036057754388146225 0.0017438347071495272 -0.015470667538551697 -0.0039748821540069434 -0.0016912038222553296 0.012581171700027144 0.020483224366062338 -0.0075884790635183715
leaf_weight=6404.0866612643003 177.52720116078854 2696.7872959822416 568.24015171825886 1930.8143237382174 145906.05118224025 1272.9976890236139 680.9017588943243 108.64800523221493 2922.5958334505558 586.01711427420378 1839.7055227458477 5958.0226565748453 290.65961039066315 81.297545045614243 672.67713652551174
leaf_count=25962 896 11199 2294 7964 598412 5387 2738 437 12173 2717 7685 24669 1239 329 2899
internal_value=-3.67004e-07 0.000137898 0.00340088 -2.89385e-05 8.98959e-05 -0.00445439 0.00230049 0.0149186 -0.00176137 -0.00471619 -0.00675209 -0.000873837 0.00583198 0.002251 -0.00228948
internal_weight=172097 159569 7761.88 151807 147837 3969.78 7084.99 676.888 12528.5 2893.91 2425.72 9634.59 468.187 3003.89 6630.7
internal_count=707000 654393 31431 622962 606376 16586 28700 2731 52607 12537 10402 40070 2135 12502 27568
is_linear=0
shrinkage=0.03


Tree=99
num_leaves=15
num_cat=0
split_feature=7 7 7 7 7 7 5 0 3 4 5 4 5 4
split_gain=45.7735 58.3924 98.3849 192.694 76.1177 72.1947 38.2624 23.798 4.13699 5.89673 5.84774 5.18492 10.2506 2.74611
threshold=0.29433303104773184 0.18381394494568773 0.15755317155934781 0.1432593772157961 0.22332332821004744 0.27185133386963328 0.75520171279520276 0.039466691080729172 0.0082196174663319316 0.03629860438839861 0.50126823178628077 0.038902408723257571 0.45288509604585575 0.080972947003810317
decision_type=2 2 2 2 2 2 2 2 2 2 2 2 2 2
left_child=1 2 3 -1 6 -6 -3 -4 11 -10 -11 12 -2 -13
right_child=8 4 7 -5 5 -7 -8 -9 9 10 -12 13 -14 -15
leaf_value=-0.00013622927862501987 0.027121858147980068 0.0023284162294218789 -0.00327439913853663 0.0073054473295879937 -0.0026021095297499349 0.0045842644581441687 0.010045004142837152 -0.0084598848175385533 -0.035530396569232174 -0.022380327905065157 -0.0055800782579891843 -0.026076846766400624 -0.012942909218839477 -0.015089883008775552
leaf_weight=157479.98713792861 6.6523609757423392 957.35854585468769 2341.9980924278498 3195.1526308357716 2886.0933505445719 2230.467593640089 1460.6574728786945 1207.0688614249229 6.9601532220840445 20.938766449689865 170.33274884521961 35.777682960033417 42.244568407535553 47.865806609392166
leaf_count=647588 30 3846 9639 12812 11639 9044 5872 5052 32 97 777 163 191 218
internal_value=-3.66608e-07 2.11046e-05 -9.7377e-05 1.17544e-05 0.00260354 0.000530654 0.0069898 -0.00503803 -0.0111496 -0.00840624 -0.00741923 -0.0152527 -0.00749215 -0.0197894
internal_weight=172090 171759 164224 160675 7534.58 5116.56 2418.02 3549.07 330.772 198.232 191.272 132.54 48.8969 83.6435
internal_count=707000 705492 675091 660400 30401 20683 9718 14691 1508 906 874 602 221 381
is_linear=0
shrinkage=0.03


Tree=100
num_leaves=16
num_cat=0
split_feature=6 3 0 3 5 5 1 3 0 1 0 0 5 0 5
split_gain=47.0944 111.967 84.2941 70.8073 50.68 45.2058 39.2988 31.2259 32.2082 23.4107 21.7911 14.5641 6.18787 5.40857 1.68727
threshold=0.001611527799958157 -0.0082905404435335544 0.033149064610103245 -0.072759204172058042 1.0676379950837578 0.52488178828977883 0.0072767606625499864 0.076179139059655135 0.01460388636714373 -0.061352429336742884 0.16058760188210922 0.062425182106537185 1.9409949278466267 0.022662288254624272 2.0772523369936224
decision_type=2 2 2 2 2 2 2 2 2 2 2 2 2 2 2
left_child=1 4 5 12 6 -3 -1 10 -9 -6 -5 -4 13 -2 -14
right_child=3 2 11 7 9 -7 -8 8 -10 -11 -12 -13 14 -15 -16
leaf_value=-0.0013232923476024412 -0.049968228247713797 0.00086169073180055854 -0.00011578082062996538 -0.00027470373889801797 -0.004646659884681199 0.0034874480132372353 0.0014447378128691023 0.018744435967867176 -0.0025852917074016359 0.0014049568869896893 -0.014946501093160548 -0.0033103676617924301 -0.045478843436711096 -0.013964426582256844 -0.026156395599223847
leaf_weight=34335.81001958251 3.8173009157180777 8786.1264369040728 8553.4962314367294 74200.804375827312 601.05066175758839 17970.71012622118 5333.1520226299763 64.305507406592369 6931.6334767490625 13442.012307330966 91.219689786434174 1511.3248094916344 4.9960662275552776 230.66478669643402 21.878044858574867
leaf_count=141403 16 35883 34931 304606 2638 73287 21851 260 28896 55466 413 6201 23 1026 100
internal_value=-3.6121e-07 0.000470662 0.00174488 -0.000523277 -0.000402866 0.00262523 -0.000951154 -0.000473152 -0.00238923 0.00114594 -0.000292719 -0.000595477 -0.0161133 -0.0145506 -0.0297486
internal_weight=172083 90533.7 36821.7 81549.3 53712 26756.8 39669 81288 6995.94 14043.1 74292 10064.8 261.356 234.482 26.8741
internal_count=707000 371660 150302 335340 221358 109170 163254 334175 29156 58104 305019 41132 1165 1042 123
is_linear=0
shrinkage=0.03


Tree=101
num_leaves=16
num_cat=0
split_feature=1 2 6 1 3 4 4 5 1 6 3 3 6 5 5
split_gain=45.0936 140.19 66.4819 55.6855 82.4566 35.1307 32.761 71.0725 34.7081 31.916 29.3328 22.2395 20.5489 18.7075 16.8309
threshold=-0.0033835946732275984 1.0000000180025095e-35 0.056019176661801513 0.0015706914635029124 -0.088974800043320298 -0.00081483502483054016 -0.020239544868714873 1.0676379950837578 -0.04075496841228838 0.001611527799958157 0.12204617500245275 0.030291511023557652 0.053836400628549781 0.65436276996365461 1.0305213851281223
decision_type=2 2 2 2 2 2 2 2 2 2 2 2 2 2 2
left_child=6 3 5 4 -2 -3 7 13 11 -10 -4 -8 -9 -1 -5
right_child=1 2 10 14 -6 -7 8 12 9 -11 -12 -13 -14 -15 -16
leaf_value=-0.002941960422324242 -0.038905704463529575 5.6475444778650302e-05 -0.00089361473297894364 0.031148347564294663 0.01052958336310243 0.0013956691374044971 -0.0020844743229420188 0.0011541841097740416 0.0010198430400320427 -0.0005610972664593189 -0.0054548651908899581 -0.0092761424737456966 -0.0085175874426956424 -0.0012406079774086806 0.017056241696208809
leaf_weight=12262.291064098477 33.198119923472404 32728.261340647936 17563.265100032091 138.37922602891922 356.01148828864098 38214.372413292527 1959.4491760581732 9259.6796310544014 21256.085227772593 25020.718372449279 1367.7182301133871 482.24169830977917 202.0194623619318 11065.539084322751 169.96915225684643
leaf_count=50678 140 134110 72248 561 1541 156018 8182 38437 87028 102917 5789 2069 850 45738 694
internal_value=-3.58189e-07 0.000460343 0.000356361 0.0138575 0.00631294 0.000777853 -0.000512287 -0.00124541 -1.88625e-05 0.000165068 -0.00122315 -0.00350485 0.000947679 -0.00213493 0.0233804
internal_weight=172079 90571.2 89873.6 697.558 389.21 70942.6 81508 32789.5 48718.5 46276.8 18931 2441.69 9461.7 23327.8 308.348
internal_count=707000 371101 368165 2936 1681 290128 335899 135703 200196 189945 78037 10251 39287 96416 1255
is_linear=0
shrinkage=0.03


Tree=102
num_leaves=16
num_cat=0
split_feature=1 7 7 7 7 2 7 7 7 3 7 7 7 3 6
split_gain=43.4707 54.4124 133.922 137.348 123.24 88.6574 53.032 29.4238 76.7858 114.154 53.9094 36.1987 33.55 32.0638 21.5737
threshold=-0.019163310374800343 -0.063636436613844868 -0.0577327146855433 -0.049620700233285402 -0.060272034423333669 0.01200565886974988 -0.2598207951683007 -0.038367579922955579 -0.035740654437621248 -0.066438654310298315 -0.041810462752182302 -0.039714611885107103 -0.043012402893504491 -0.076997427146586292 0.10194890228639066
decision_type=2 2 2 2 2 2 2 2 2 2 2 2 2 2 2
left_child=7 5 4 -4 -3 14 -7 10 9 -9 12 -12 -1 -10 -2
right_child=1 2 3 -5 -6 6 -8 8 13 -11 11 -13 -14 -15 -16
leaf_value=-0.0026990274379378597 0.0060107940629752759 -0.0027036012651474599 0.0073595918285865904 4.2937589601603528e-05 -0.019770668099415131 0.011193978206922658 -0.0017499479387037701 0.038538389992474942 0.0035327542124934659 0.0015523114404923958 -0.02355305568093451 -0.0050535409697726437 0.01414739810503772 -0.0011388599908147203 -0.0015448423414063232
leaf_weight=4329.2568902522326 4176.850581035018 1183.8973596096039 2350.3600792735815 131461.43661810458 561.32438515126705 308.93477849662304 3657.2116170823574 110.56238862872124 1409.2263312488794 234.17234939336777 185.1782049536705 195.90415666997433 109.0751089900732 21431.118183299899 370.26437841355801
leaf_count=18380 16869 4997 9651 538597 2481 1289 15000 446 5874 968 782 824 457 88888 1497
internal_value=-3.55154e-07 0.000209872 6.37649e-05 0.000171452 -0.00819297 0.00253633 -0.000741708 -0.00108188 -0.000638522 0.0134144 -0.00321474 -0.014043 -0.00228501 -0.000850626 0.00539555
internal_weight=172075 144070 135557 133812 1745.22 8513.26 3966.15 28004.5 23185.1 344.735 4819.41 381.082 4438.33 22840.3 4547.11
internal_count=707000 590381 555726 548248 7478 34655 16289 116619 96176 1414 20443 1606 18837 94762 18366
is_linear=0
shrinkage=0.03


Tree=103
num_leaves=15
num_cat=0
split_feature=7 7 7 7 7 4 1 0 1 1 1 0 5 0
split_gain=43.2916 54.8686 92.6711 181.175 73.5407 43.7955 41.3554 22.2674 4.44245 5.26779 5.41924 2.96148 2.83169 6.73395
threshold=0.29433303104773184 0.18381394494568773 0.15755317155934781 0.1432593772157961 0.198019398156318 0.066313392349914749 -0.054908437403832951 0.055979093792430393 -0.023131937707975964 0.0034949528298369738 0.0046154120029547269 0.02735900133576161 1.6036948599358496 0.060533312865023198
decision_type=2 2 2 2 2 2 2 2 2 2 2 2 2 2
left_child=1 2 3 -1 5 -3 -6 -4 12 11 -11 -10 13 -2
right_child=8 4 7 -5 6 -7 -8 -9 9 10 -12 -13 -14 -15
leaf_value=-0.00013201914839549344 -0.0037528887835924251 0.020089525005538265 -0.0038982933712920519 0.0070839281281443447 -0.018635707894082764 0.0030090953272275916 0.0019489213941752037 -0.010580667965997092 -0.011559303712999975 0.021476643143634094 -0.008347223499888522 -0.019088945933956696 -0.020821325139045607 0.033987184190242381
leaf_weight=157462.13615196943 31.622153103351593 326.21593768894672 3018.2402714639902 3195.0608122199774 88.97371019423008 230.61919604241848 6889.5172329694033 527.18823784589767 98.744191542267799 5.8286498934030524 92.5844566822052 89.731844291090965 6.057376652956008 4.9166585654020301
leaf_count=647588 141 1306 12464 12812 368 926 27801 2227 455 26 421 416 27 22
internal_value=-3.57681e-07 2.04852e-05 -9.4386e-05 1.14876e-05 0.00252365 0.0130155 0.00168647 -0.00489193 -0.0108643 -0.0122066 -0.00658086 -0.0151441 -0.00182396 0.00132541
internal_weight=172067 171738 164203 160657 7535.33 556.835 6978.49 3545.43 329.485 286.889 98.4131 188.476 42.5962 36.5388
internal_count=707000 705492 675091 660400 30401 2232 28169 14691 1508 1318 447 871 190 163
is_linear=0
shrinkage=0.03


Tree=104
num_leaves=16
num_cat=0
split_feature=6 3 0 3 4 5 5 4 3 4 2 4 4 5 3
split_gain=43.1052 102.397 79.1389 66.9618 48.1219 72.3732 42.3051 31.533 28.392 39.2313 31.8853 27.6405 13.4085 12.2571 9.51687
threshold=0.001611527799958157 -0.0082905404435335544 0.033149064610103245 -0.072759204172058042 0.012152049756978036 1.0447695124309011 0.52488178828977883 0.16306681075809251 0.079212966231213114 -0.0031988330575605235 0.00025054103819536718 -0.075243363565339658 0.33500118378110216 0.22290812095780152 -0.14309785217944695
decision_type=2 2 2 2 2 2 2 2 2 2 2 2 2 2 2
left_child=1 4 6 11 5 -1 -3 -4 9 -5 -10 14 -6 -13 -2
right_child=3 2 7 8 12 -7 -8 -9 10 -11 -12 13 -14 -15 -16
leaf_value=-0.0016653374041738092 -0.0036884074941665843 0.00081526461896662286 -0.0002400652299483327 -0.0015466830897993245 0.0014156316767636172 0.001019840867590541 0.0033551155932717764 -0.0084482787064607164 0.005798975576704982 8.638862758666501e-05 -0.0029218263910064518 -0.043665299061950401 -0.022689182671964729 0.0053613573746515326 -0.023738211145461707
leaf_weight=29555.752984635532 24.314354330301285 8786.912408426404 9623.0841896533966 17181.525951102376 11113.983859837055 13010.640501536429 17978.819822967052 440.50336538255215 402.72008615732193 57700.856801241636 5984.7358200401068 4.9803767055273047 20.807849705219269 58.480157539248466 172.24754083156586
leaf_count=121910 124 35883 39335 70678 45490 53872 73287 1797 1665 236827 25005 21 86 250 770
internal_value=-3.51321e-07 0.000450265 0.00166859 -0.000500714 -0.000385286 -0.000844599 0.00252131 -0.000599355 -0.000452083 -0.000288315 -0.00237199 -0.0157004 0.00137059 0.00151375 -0.0212581
internal_weight=172060 90530.5 36829.3 81529.9 53701.2 42566.4 26765.7 10063.6 81269.8 74882.4 6387.46 260.022 11134.8 63.4605 196.562
internal_count=707000 371660 150302 335340 221358 175782 109170 41132 334175 307505 26670 1165 45576 271 894
is_linear=0
shrinkage=0.03


Tree=105
num_leaves=14
num_cat=0
split_feature=5 7 7 7 7 7 7 7 7 4 4 3 3
split_gain=42.9451 44.5999 44.341 340.155 147.233 313.538 143.899 139.713 73.1635 11.4765 4.17574 2.72157 0.962675
threshold=1.0000000180025095e-35 -0.049620700233285402 0.013054558192188483 0.0047084982816636431 0.042350000330426692 0.038035284448153302 0.0030690030408574436 0.07694626914134807 0.0055589174338213096 -0.057845143715188278 0.039809146270809566 0.012142630427467773 0.02501751386494622
decision_type=2 2 2 2 2 2 2 2 2 2 2 2 2
left_child=1 10 3 6 5 -4 -2 -6 -5 -3 12 -11 -1
right_child=2 9 4 8 7 -7 -8 -9 -10 11 -12 -13 -14
leaf_value=0.036410361700375482 -0.00013885398466602608 -0.043742059817835327 0.00055023834056385098 -0.016273240714807128 -0.0017130887045542248 0.0078933418448161995 0.0095648592042194315 0.00070082345418736485 -0.0061021427397530189 0.012568810744111066 0.009635858127519676 -0.012532621656104491 0.022702549042575952
leaf_weight=56.547896087169647 43499.458156608045 8.1444284617900866 26061.088103964925 717.68203882873058 37794.196495458484 6548.1918522119522 1420.290204718709 50297.102717861533 5627.2169429212809 7.8993301242589933 6.2926632761955252 7.6543120890855789 5.0202547311782828
leaf_count=318 179526 33 106750 2996 156127 26851 5837 204970 23472 33 30 31 26
internal_value=-3.49573e-07 0.0205402 -1.12859e-05 -0.000750464 0.000302662 0.00202479 0.000167962 -0.000334828 -0.00725261 -0.0148914 0.0329135 0.000215807 0.0352926
internal_weight=172057 91.5589 171965 51264.6 120701 32609.3 44919.7 88091.3 6344.9 23.6981 67.8608 15.5536 61.5682
internal_count=707000 471 706529 211831 494698 133601 185363 361097 26468 97 374 64 344
is_linear=0
shrinkage=0.03


Tree=106
num_leaves=16
num_cat=0
split_feature=0 1 2 6 1 4 5 0 2 1 4 6 4 2 2
split_gain=42.1062 43.7953 123.881 57.8721 54.9942 29.4078 73.9913 37.3104 7.82937 11.6754 19.4831 9.34892 8.81457 4.56391 4.08961
threshold=0.16058760188210922 -0.0033835946732275984 1.0000000180025095e-35 -0.013555333068124563 0.0015706914635029124 -0.0024134938318978723 1.0376318761417405 0.032105840194692793 0.0080627226602951341 0.097102549327435103 0.080972947003810317 0.1338677879420471 -0.0435224324835276 0.063479366934012127 0.0013671994209289106
decision_type=2 2 2 2 2 2 2 2 2 2 2 2 2 2 2
left_child=1 5 4 -4 -3 6 -1 -7 11 13 -11 12 -2 -10 -13
right_child=8 2 3 -5 -6 7 -8 -9 9 10 -12 14 -14 -15 -16
leaf_value=-0.0018903079568439235 0.0016673638259411868 0.0059232663829772636 0.0014563441617592896 -0.00015794590201079762 0.023256028391291594 0.00086543353101386198 0.00095090765624517232 -0.00095156734384721671 -0.0090994178724185509 -0.022689935830319294 -0.0064432441125361652 0.021747616084414091 -0.020609586903636692 -0.00044909651435606193 -0.00075520269433847242
leaf_weight=28206.572161212564 43.500880002975464 387.3256139010191 30146.220040440559 59309.186892077327 286.69555635750294 23582.072213277221 11659.053925901651 17884.610916122794 102.38518199324608 121.09260281920433 147.16624687612057 19.404867947101597 25.273081004619598 118.33909530192614 11.62186151742935
leaf_count=116497 208 1681 123119 243139 1161 96491 48281 73893 493 580 661 82 109 552 53
internal_value=-3.52015e-07 2.71497e-05 0.000482609 0.000386065 0.0132958 -0.000477573 -0.00105937 8.17597e-05 -0.00800923 -0.00957211 -0.013777 -0.000351733 -0.00651898 -0.00446164 0.0133186
internal_weight=172051 171462 90129.4 89455.4 674.021 81332.3 39865.6 41466.7 588.784 488.983 268.259 99.8007 68.774 220.724 31.0267
internal_count=707000 704262 369100 366258 2842 335162 164778 170384 2738 2286 1241 452 317 1045 135
is_linear=0
shrinkage=0.03


Tree=107
num_leaves=13
num_cat=0
split_feature=5 4 5 6 3 0 6 1 4 4 6 4
split_gain=40.3796 40.0882 73.4428 69.2601 37.5402 32.6169 29.6748 21.9971 8.6337 5.12664 9.24907 0.00598683
threshold=1.0000000180025095e-35 -0.0039478812394906906 0.57770420701896297 0.027716866638828112 0.12204617500245275 0.031934812296000772 -0.016740228429546363 -0.0075789388320480289 0.10188981214380056 -0.13018963380217788 -0.058136073362953115 -0.15215232650169982
decision_type=2 2 2 2 2 2 2 2 2 2 2 2
left_child=8 2 7 5 -5 -3 -4 -2 9 11 -11 -1
right_child=1 3 6 4 -6 -7 -8 -9 -10 10 -12 -13
leaf_value=0.03838427641363476 -0.0031618374144502157 0.001628164618818655 0.00064361564248095813 -0.00032867074160207563 -0.0048314553235008486 0.00010233518738761812 -0.00084082931722042969 -0.0012135840307757868 -0.01924824190424456 -0.0091518239169074665 0.023143928001868659 0.039820171863762785
leaf_weight=10.737975075840948 8867.2399033010006 35698.548159822822 31494.744789041579 42299.571306809783 1734.731392994523 19494.172917693853 19701.719293341041 12665.865667313337 4.7591169923543921 9.1600642651319486 61.995381787419319 3.4539174735546103
leaf_count=63 36754 145592 129863 174082 7372 79845 81069 51952 20 44 324 20
internal_value=-3.48197e-07 -1.0869e-05 -0.000545901 0.000381289 -0.000506058 0.00108924 7.2363e-05 -0.00201587 0.0200772 0.0222701 0.0189864 0.0387337
internal_weight=172047 171957 72729.6 99227 44034.3 55192.7 51196.5 21533.1 90.1065 85.3473 71.1554 14.1919
internal_count=707000 706529 299638 406891 181454 225437 210932 88706 471 451 368 83
is_linear=0
shrinkage=0.03


Tree=108
num_leaves=16
num_cat=0
split_feature=1 6 3 0 4 3 3 4 4 3 4 2 6 6 3
split_gain=39.8856 43.6569 84.8423 63.3863 53.1467 44.3353 28.4681 28.1849 21.5397 27.0995 13.8517 11.7157 7.88787 7.57523 7.41713
threshold=-0.03661796746792087 0.001611527799958157 -0.0082905404435335544 0.033149064610103245 0.016946316743094551 -0.072759204172058042 0.022246334835563156 -0.0031988330575605235 -0.21056047687378962 -0.098105810499440102 -0.081683521607826423 0.0036944504319714427 0.0092320462383881381 -0.11636633874979622 0.053476945519832848
decision_type=2 2 2 2 2 2 2 2 2 2 2 2 2 2 2
left_child=6 2 4 -4 -2 10 8 -7 13 -10 -3 14 -13 -1 -8
right_child=1 5 3 -5 -6 7 11 -9 9 -11 -12 12 -14 -15 -16
leaf_value=-0.0035189120086987396 -0.00072485743602772334 -0.020966231732882926 0.0024135909784722691 -0.00042168803692946099 0.0017821179148391471 -0.0014586335400059609 -0.0073596410534201399 -8.2924079852431505e-05 0.0059287800078026082 -0.0015062281902060222 0.00058815223396530187 -0.015656111098205343 -0.0029778722759833099 -0.010134057036972486 -0.015569115988694133
leaf_weight=319.08272859454155 39914.706234633923 123.69927029311657 26775.578240334988 9655.6491655558348 9403.5856908708811 17116.11327983439 228.1328466385603 61785.080406710505 482.15634936094284 5194.8357044905424 34.266634851694107 48.621380016207695 481.94011363387108 304.44922107458115 175.04999499022961
leaf_count=1460 164381 554 109170 39429 38424 70410 957 253838 2049 21709 146 205 2071 1446 751
internal_value=-3.39325e-07 9.5362e-05 0.000564195 0.00166214 -0.000246849 -0.000413146 -0.00218058 -0.000381358 -0.00145609 -0.000874761 -0.0162906 -0.00706909 -0.00413972 -0.00674886 -0.010924
internal_weight=172043 164809 85749.5 36431.2 49318.3 79059.2 7234.27 78901.2 6300.52 5676.99 157.966 933.744 530.561 623.532 403.183
internal_count=707000 676352 351404 148599 202805 324948 30648 324248 26664 23758 700 3984 2276 2906 1708
is_linear=0
shrinkage=0.03


Tree=109
num_leaves=16
num_cat=0
split_feature=0 1 2 1 3 4 4 2 2 1 4 5 2 2 5
split_gain=38.9404 40.027 115.809 52.4438 41.814 25.7018 28.6386 10.9491 7.37603 11.1035 18.7826 7.66443 8.89297 4.3381 3.54679
threshold=0.16058760188210922 -0.0033835946732275984 1.0000000180025095e-35 0.0015706914635029124 0.062640388152270812 0.33500118378110216 -0.0024134938318978723 0.016535753563020571 0.0080627226602951341 0.097102549327435103 0.080972947003810317 4.4265719629575395 0.0053278751060610091 0.063479366934012127 4.9773838429028343
decision_type=2 2 2 2 2 2 2 2 2 2 2 2 2 2 2
left_child=1 5 3 -3 -4 6 -1 -7 11 13 -11 12 -2 -10 -13
right_child=8 2 4 -5 -6 7 -8 -9 9 10 -12 14 -14 -15 -16
leaf_value=-0.00099036978320449589 -0.011990247165786483 0.0056378571468439359 0.00057354232610009985 0.022564499714400953 -0.0016798518867481064 -0.0042438494354975079 0.00013874093610937203 -0.014247645849135808 -0.0087884130762056426 -0.022160036520558268 -0.00615548652702927 0.030175533962401239 0.025826707382847005 -0.00034144094380803166 0.0056267579874628541
leaf_weight=39849.080016493797 49.269888378679752 386.40428490936756 81305.574877679348 287.16942401230335 8154.540574669838 280.9668286293745 41037.096590414643 151.59524129331112 101.91014041006565 119.98362147808075 146.66616064310074 6.1556629091501227 6.3136589825153342 118.167879126966 37.966604977846146
leaf_count=164778 230 1681 332535 1161 33723 1202 168525 657 493 580 661 27 29 552 166
internal_value=-3.36538e-07 2.60599e-05 0.000461449 0.0128543 0.000368139 -0.000456525 -0.000417523 -0.00774977 -0.00771773 -0.00924052 -0.013357 -0.000284014 -0.00769467 -0.00425293 0.00905165
internal_weight=172039 171452 90133.7 673.574 89460.1 81318.7 80886.2 432.562 586.434 486.728 266.65 99.7058 55.5835 220.078 44.1223
internal_count=707000 704262 369100 2842 366258 335162 333303 1859 2738 2286 1241 452 259 1045 193
is_linear=0
shrinkage=0.03


Tree=110
num_leaves=13
num_cat=0
split_feature=7 7 7 7 7 3 3 4 3 6 7 0
split_gain=42.4338 93.9741 272.587 201.684 82.0126 66.9207 63.6217 60.8268 10.6843 9.29573 5.54942 4.6848
threshold=0.28666687806024133 0.27185133386963328 0.27684666288085874 0.26249953050843139 0.18381394494568773 0.0011644288579967246 0.043810756972939686 0.032797453359917468 -0.053848252883956109 0.089213434410538986 0.29433303104773184 0.024836435045321115
decision_type=2 2 2 2 2 2 2 2 2 2 2 2
left_child=1 3 6 4 -1 -4 -3 -5 -2 10 -10 -11
right_child=8 2 5 7 -6 -7 -8 -9 9 11 -12 -13
leaf_value=-8.9335700287194441e-05 0.0270314229615378 0.028985722547936146 -0.011635202684125615 -0.00071547462859187236 0.0039113712133189244 0.0038305418799446009 0.0030968648753333335 -0.023683262296133614 -0.0060752153873034759 0.022188593157890034 -0.011354182116331249 -0.00056871242512178703
leaf_weight=164170.72853706777 8.4371281266212446 456.68088698387146 383.30583818256855 137.69018986821175 4744.8649963885546 733.9614909440279 105.09211468696594 421.33405497670174 475.17943178117275 8.8542182743549329 287.75377810001373 101.10588124394417
leaf_count=675091 35 1832 1549 553 19105 2975 426 1699 1936 38 1319 442
internal_value=-3.32159e-07 3.34778e-05 0.0070959 -3.64919e-05 2.30448e-05 -0.00147536 0.0241426 -0.0180262 -0.0065662 -0.00689095 -0.00806627 0.00126375
internal_weight=172035 171154 1679.04 169475 168916 1117.27 561.773 559.024 881.33 872.893 762.933 109.96
internal_count=707000 703230 6782 696448 694196 4524 2258 2252 3770 3735 3255 480
is_linear=0
shrinkage=0.03


Tree=111
num_leaves=16
num_cat=0
split_feature=7 7 3 7 7 3 3 6 1 3 5 6 1 6 3
split_gain=41.458 71.225 132.831 89.8896 64.8788 52.4658 50.0513 42.0929 38.2342 27.0384 15.9278 12.5062 6.82602 5.91349 1.92036
threshold=-0.2598207951683007 -0.21139297599414056 -0.029882171665274234 -0.18556505103897189 -0.16960564226560779 -0.069524186467033219 -0.098105810499440102 -0.19362171950266452 0.0033245821199654781 0.10256183397382924 0.30070413691671577 -0.021740913003100767 0.097102549327435103 0.049570472479369805 0.023590578489094297
decision_type=2 2 2 2 2 2 2 2 2 2 2 2 2 2 2
left_child=5 2 7 6 -5 8 -3 -2 10 -4 -1 -10 13 -7 -14
right_child=1 3 9 4 -6 12 -8 -9 11 -11 -12 -13 14 -15 -16
leaf_value=-0.029197704603206726 -0.0022126625966087604 -0.014274524763838135 -0.0026405937965402206 -0.0064084478957828553 1.9021846580282903e-05 0.021656571891096221 0.013256429862744949 -0.031416563778066807 0.023282230861652778 0.016595447795229302 -0.0037701183392599355 0.0023095638803036461 -0.011179446036678819 0.012660776869895692 0.011707101299771034
leaf_weight=24.439286187291145 55.428685039281845 65.518991529941559 322.22717687487602 1425.3519841656089 168556.8065418154 166.99972723424435 639.63618820905685 223.63224276900291 65.578480169177055 82.628576651215553 238.88723085820675 41.964376851916313 9.3035308569669706 108.49301283061504 5.113049939274787
leaf_count=113 258 317 1332 5887 692297 680 2626 1006 277 341 1180 184 39 442 21
internal_value=-3.27731e-07 -2.92465e-05 -0.00969126 9.46765e-06 -3.48744e-05 0.00749968 0.0106984 -0.0256159 2.56924e-05 0.00128536 -0.00613005 0.0150985 0.0170608 0.0181139 -0.0030624
internal_weight=172032 171371 683.917 170687 169982 660.779 705.155 279.061 370.869 404.856 263.327 107.543 289.909 275.493 14.4166
internal_count=707000 704064 2937 701127 698184 2936 2943 1264 1754 1673 1293 461 1182 1122 60
is_linear=0
shrinkage=0.03


Tree=112
num_leaves=13
num_cat=0
split_feature=7 7 7 7 7 3 3 1 3 6 1 7
split_gain=40.0037 88.3799 256.157 190.067 77.1225 63.0259 59.741 19.1914 10.0313 8.77669 5.33181 5.28946
threshold=0.28666687806024133 0.27185133386963328 0.27684666288085874 0.26249953050843139 0.18381394494568773 0.0011644288579967246 0.043810756972939686 0.00070472241305362491 -0.053848252883956109 0.089213434410538986 0.04471546679121309 0.29433303104773184
decision_type=2 2 2 2 2 2 2 2 2 2 2 2
left_child=1 3 6 4 -1 -4 -3 -5 -2 11 -11 -10
right_child=8 2 5 7 -6 -7 -8 -9 9 10 -12 -13
leaf_value=-8.6631335750666531e-05 0.026098637280165149 0.028083439469604697 -0.011300124119370068 -0.022317565460284121 0.0037925006074672057 0.0037135633685266758 0.0030024278308169367 -0.011073053653168918 -0.0058984008888786216 -0.0016065752411650481 0.01663351556148681 -0.011059542199442829
leaf_weight=164166.60451224446 8.4757253527641279 457.19508855044842 382.85791462659836 319.65264865756035 4746.0460849106312 734.25177398324013 105.12521007657051 238.55196572840214 474.79293099045753 92.916472807526588 17.073536396026611 286.59000830352306
leaf_count=675091 35 1832 1549 1290 19105 2975 426 962 1936 404 76 1319
internal_value=-3.28547e-07 3.24722e-05 0.00688066 -3.53923e-05 2.23631e-05 -0.00143196 0.0233946 -0.0175122 -0.00638082 -0.00669674 0.0012248 -0.00784109
internal_weight=172030 171150 1679.43 169471 168913 1117.11 562.32 558.205 879.849 871.373 109.99 761.383
internal_count=707000 703230 6782 696448 694196 4524 2258 2252 3770 3735 480 3255
is_linear=0
shrinkage=0.03


Tree=113
num_leaves=13
num_cat=0
split_feature=5 6 4 5 4 0 1 6 4 4 6 4
split_gain=37.8525 36.7468 63.9606 71.4081 30.6933 15.8077 28.0361 15.4487 8.2328 5.10095 8.8416 0.00549907
threshold=1.0000000180025095e-35 0.027716866638828112 0.0056419816442788715 0.57770420701896297 0.17689097856520811 0.035627927065073346 0.02634828588778548 0.084659929318420549 0.10188981214380056 -0.13018963380217788 -0.058136073362953115 -0.15215232650169982
decision_type=2 2 2 2 2 2 2 2 2 2 2 2
left_child=8 2 3 -2 -4 7 -7 -3 9 11 -11 -1
right_child=1 5 4 -5 -6 6 -8 -9 -10 10 -12 -13
leaf_value=0.038029926844037429 -0.0017422670690281966 -0.00058663280058703548 0.0012529563801524453 0.00032557674563666369 -0.0030764806268495141 -0.0019966979724957978 0.00018668535402171062 0.0010788708841115349 -0.018808584643278243 -0.0090244836253263148 0.022564833635136977 0.039422716975150915
leaf_weight=10.476308330893515 21436.167624339461 21533.035777375102 47058.894976243377 50291.405600585043 1521.3946132361889 15535.763301685452 8028.130964294076 6533.1141630262136 4.7647433429956427 9.1679403483867628 61.248159423470497 3.3726317733526221
leaf_count=63 88263 88422 192131 207023 6226 64330 33284 26850 20 44 324 20
internal_value=-3.23403e-07 -1.04497e-05 0.00027686 -0.000292409 0.00111737 -0.000679935 -0.00125283 -0.000198944 0.0195561 0.0217254 0.018452 0.0383691
internal_weight=172027 171938 120308 71727.6 48580.3 51630 23563.9 28066.1 89.0298 84.265 70.4161 13.8489
internal_count=707000 706529 493643 295286 198357 212886 97614 115272 471 451 368 83
is_linear=0
shrinkage=0.03


Tree=114
num_leaves=16
num_cat=0
split_feature=7 7 7 7 7 0 7 0 7 3 3 7 7 3 3
split_gain=39.5401 198.34 142.79 109.087 112.717 106.795 101.533 58.5385 52.423 71.206 39.9794 39.5368 51.113 45.5528 31.0373
threshold=-0.063636436613844868 -0.0577327146855433 -0.060272034423333669 -0.049620700233285402 -0.052327299980846724 0.047263086017785956 -0.012433950021172256 0.032614789825320741 -0.2598207951683007 -0.11220708748304485 -0.0089120312924641492 -0.18556505103897189 -0.085355310879802623 -0.098105810499440102 -0.072759204172058042
decision_type=2 2 2 2 2 2 2 2 2 2 2 2 2 2 2
left_child=5 2 10 4 -3 11 -5 -4 14 -10 -2 13 -13 -1 -7
right_child=1 3 7 6 -6 8 -8 -9 9 -11 -12 12 -14 -15 -16
leaf_value=-0.024480127508486747 -0.009244437697963943 0.0026833503990871619 -0.01093142302797467 -0.0022834651040000518 0.017227970770967545 0.00085111807488306328 0.00016278602317794415 -0.028776005713160541 -0.016703469210834349 -0.0019182268139606936 0.0008378680444713144 0.00068434400060071439 0.0059989660597683974 0.014766138518171802 0.015032753686117305
leaf_weight=28.316576421260834 670.94653607904911 2200.1824971586466 300.98191259801388 17164.061474725604 613.19050695002079 344.1715240329504 138405.83857740462 367.43049411475658 318.64990720152855 3664.5448451042175 749.22204320132732 3166.8699427545071 3353.0635157823563 443.48990733921528 232.86378848552704
leaf_count=122 2861 8983 1335 70771 2609 1642 568016 1640 1569 15171 3164 12799 13575 1791 952
internal_value=-3.14592e-07 -0.000122347 -0.00930685 -1.23189e-06 0.00585343 0.00169487 -0.000107109 -0.0207407 -0.00187676 -0.00310103 -0.00392543 0.0040244 0.00341754 0.0124107 0.00657415
internal_weight=172024 160472 2088.58 158383 2813.37 11552 155570 668.412 4560.23 3983.19 1420.17 6991.74 6519.93 471.806 577.035
internal_count=707000 659379 9000 650379 11592 47621 638787 2975 19334 16740 6025 28287 26374 1913 2594
is_linear=0
shrinkage=0.03


Tree=115
num_leaves=16
num_cat=0
split_feature=0 1 2 1 3 3 4 4 4 1 2 2 5 1 4
split_gain=36.5368 37.1421 112.686 54.6617 41.0396 24.6647 39.0295 34.4894 8.90805 27.0148 9.32438 7.21567 7.05304 10.8333 7.0323
threshold=0.13064186977771644 -0.0032251431279270854 1.0000000180025095e-35 0.0015706914635029124 0.096530797923323544 -0.057463482631846245 -0.21056047687378962 -0.020239544868714873 0.059008050951266051 0.076405900532699994 0.014650534759547987 1.0000000180025095e-35 7.4805810782766642 0.021854530263895573 0.090821972512144203
decision_type=2 2 2 2 2 2 2 2 2 2 2 2 2 2 2
left_child=1 5 3 -3 -4 6 -1 -7 9 11 -11 -2 13 -10 -14
right_child=8 2 4 -5 -6 7 -8 -9 12 10 -12 -13 14 -15 -16
leaf_value=-0.0046553671651351049 -0.012258116007150582 0.0053848801193556606 0.00047926675481959089 0.022990365282128895 -0.0034376490967452972 -0.0014300486543997143 0.0022503593740978794 -9.4051980242279164e-05 -0.010546510596315022 -0.00078412727554646273 -0.017976695651938233 -0.0014651315347448993 0.012065613707131936 0.0020789298073918632 -0.010162623157458037
leaf_weight=847.09270423650742 65.430164746940136 370.6875718832016 85869.534644991159 277.56654830276966 2476.8892778754234 27258.794318541884 5645.7075779438019 48038.668475717306 75.161274984478951 32.952559992671013 205.09584802389145 376.77467809617519 14.200068324804304 328.49449607729912 130.7996444106102
leaf_count=3746 316 1624 351310 1120 10309 112478 23437 197377 330 147 957 1773 62 1436 578
internal_value=-3.22974e-07 3.67656e-05 0.000460895 0.0129231 0.000369452 -0.000424723 0.00134939 -0.000577703 -0.00515463 -0.00744849 -0.0155968 -0.0030621 -0.00231057 -0.000271945 -0.00798577
internal_weight=172014 170785 88994.7 648.254 88346.4 81790.3 6492.8 75297.5 1228.91 680.253 238.048 442.205 548.655 403.656 145
internal_count=707000 701401 364363 2744 361619 337038 27183 309855 5599 3193 1104 2089 2406 1766 640
is_linear=0
shrinkage=0.03


Tree=116
num_leaves=13
num_cat=0
split_feature=7 7 7 7 7 3 3 1 3 1 7 3
split_gain=37.848 82.7636 240.725 179.463 72.2487 59.4007 55.9448 18.1047 9.39548 8.31042 6.24889 4.73239
threshold=0.28666687806024133 0.27185133386963328 0.27684666288085874 0.26249953050843139 0.18381394494568773 0.0011644288579967246 0.043810756972939686 0.00070472241305362491 -0.053848252883956109 0.03082816558901592 0.29433303104773184 0.079212966231213114
decision_type=2 2 2 2 2 2 2 2 2 2 2 2
left_child=1 3 6 4 -1 -4 -3 -5 -2 10 -10 -11
right_child=8 2 5 7 -6 -7 -8 -9 9 11 -12 -13
leaf_value=-8.3550824342265792e-05 0.025153079844430343 0.027195273365012766 -0.010990891614050877 -0.021702774159240785 0.0036706437922924867 0.00358927987549783 0.002927542382174238 -0.010773898205214814 -0.0052709247431554475 -0.003270687645941068 -0.010709935006251944 0.013319316674600765
leaf_weight=164147.77265109122 8.5124449431896192 457.50677452981472 382.41517843306065 319.01712895929813 4747.012628287077 734.51146401464939 105.14424799382687 238.34570854902267 500.50563584268093 35.379143819212914 306.54863803088665 27.506425157189369
leaf_count=675091 35 1832 1549 1290 19105 2975 426 962 2048 150 1417 120
internal_value=-3.19258e-07 3.15638e-05 0.00665829 -3.41191e-05 2.19658e-05 -0.0014027 0.0226603 -0.0170292 -0.00621147 -0.00651837 -0.00733686 0.00398585
internal_weight=172010 171132 1679.58 169452 168895 1116.93 562.651 557.363 878.452 869.94 807.054 62.8856
internal_count=707000 703230 6782 696448 694196 4524 2258 2252 3770 3735 3465 270
is_linear=0
shrinkage=0.03


Tree=117
num_leaves=16
num_cat=0
split_feature=7 7 3 7 7 3 3 1 3 4 0 2 0 3 3
split_gain=37.8508 65.8468 124.363 83.6291 60.1782 46.3808 44.9037 34.3734 25.5238 21.601 18.1357 10.027 5.81211 5.11578 4.14003
threshold=-0.2598207951683007 -0.21139297599414056 -0.029882171665274234 -0.18556505103897189 -0.16960564226560779 -0.066438654310298315 -0.098105810499440102 0.0033245821199654781 0.10256183397382924 -0.34705946855711384 0.033887463754664587 1.0000000180025095e-35 0.13064186977771644 -0.011853567810547415 -0.034376260860519363
decision_type=2 2 2 2 2 2 2 2 2 2 2 2 2 2 2
left_child=5 2 9 6 -5 7 -3 10 -4 -2 -1 14 -9 -13 -7
right_child=1 3 8 4 -6 11 -8 12 -10 -11 -12 13 -14 -15 -16
leaf_value=-0.046645300784179472 -0.014535858160002722 -0.013503838380826564 -0.0025711003380959785 -0.0061763410516265365 1.8280512282705386e-05 0.011519075548353141 0.012721524332118815 0.019433058975550688 0.016111465858036775 -0.031689388812223711 -0.0041229445870260709 0.019262954946772114 0.0050447655996213201 0.010477860129612217 0.035619866216786346
leaf_weight=9.3574729710817319 109.64613822102547 64.69209523499012 321.95325854420662 1423.3250547423959 168536.59925192595 8.1348521858453733 640.79977571964264 70.983048349618912 82.723805606365204 166.25089816749096 255.58884947001934 100.71361516416073 39.232490971684456 146.34136685729027 30.338284909725189
leaf_count=41 513 317 1332 5887 692297 34 2626 295 341 751 1263 410 176 592 125
internal_value=-3.13919e-07 -2.79482e-05 -0.00934088 9.18963e-06 -3.35962e-05 0.00716647 0.0103167 0.000232102 0.00124798 -0.0248723 -0.00562477 0.0162777 0.0143114 0.0140592 0.0305239
internal_weight=172007 171346 680.574 170665 169960 660.69 705.492 375.162 404.677 275.897 264.946 285.528 110.216 247.055 38.4731
internal_count=707000 704064 2937 701127 698184 2936 2943 1775 1673 1264 1304 1161 471 1002 159
is_linear=0
shrinkage=0.03


Tree=118
num_leaves=16
num_cat=0
split_feature=7 7 4 7 7 7 7 7 7 4 3 7 6 3 7
split_gain=38.1525 187.024 170.499 102.495 105.7 98.7858 95.1419 93.7553 126.24 93.8601 78.0698 97.3843 63.7664 57.1985 44.8517
threshold=-0.063636436613844868 -0.0577327146855433 -0.01033161305410185 -0.049620700233285402 -0.052327299980846724 -0.060272034423333669 -0.012433950021172256 -0.085355310879802623 -0.082040370655703396 0.014541073098772618 -0.072759204172058042 -0.18556505103897189 -0.060189916642139622 0.049872228109815404 -0.060272034423333669
decision_type=2 2 2 2 2 2 2 2 2 2 2 2 2 2 2
left_child=7 2 14 4 -3 -4 -5 10 9 -9 12 -12 -1 -10 -2
right_child=1 3 5 6 -6 -7 -8 8 13 -11 11 -13 -14 -15 -16
leaf_value=-0.0016273697524410524 -0.011549241022207541 0.0026015177650495864 0.0097389519922583007 -0.0022126065376969696 0.016682281134820134 -0.014305290119663382 0.00015584679482714105 0.025183961830860586 0.0039937387128062864 0.0033980015813365764 0.0077565179343198603 -0.0012523503599458181 -0.016419636962163048 -0.0090530162229299025 -0.023187966529508233
leaf_weight=615.49224175512791 902.81483891606331 2200.9273741543293 515.88817630708218 17156.7808958143 613.56190055608749 219.09814909100533 138405.50425980985 441.36675199866295 3371.7197345048189 298.24634946882725 1409.3746029734612 4619.7710241228342 457.03757328540087 332.22771728038788 444.8199275881052
leaf_count=2882 3856 8983 2169 70771 2609 971 568016 1785 13668 1207 5785 18813 2130 1351 2004
internal_value=-3.13846e-07 -0.000120162 -0.00905174 -2.7137e-06 0.00567114 0.00257141 -0.000105367 0.00166538 0.00508307 0.0163989 -0.000473094 0.000853565 -0.0079308 0.0028235 -0.0153909
internal_weight=172005 160459 2082.62 158377 2814.49 734.986 155562 11545.2 4443.56 739.613 7101.68 6029.15 1072.53 3703.95 1347.63
internal_count=707000 659379 9000 650379 11592 3140 638787 47621 18011 2992 29610 24598 5012 15019 5860
is_linear=0
shrinkage=0.03


Tree=119
num_leaves=16
num_cat=0
split_feature=7 7 3 7 7 3 3 1 3 4 5 2 5 1 3
split_gain=36.1013 63.709 115.741 76.0623 55.7206 40.7705 40.616 32.3562 23.9455 20.5913 13.9319 9.38745 7.74929 4.89751 3.89023
threshold=-0.2598207951683007 -0.21139297599414056 -0.029882171665274234 -0.18556505103897189 -0.16960564226560779 -0.066438654310298315 -0.098105810499440102 0.0033245821199654781 0.10256183397382924 -0.34705946855711384 0.27133163399901389 1.0000000180025095e-35 1.5805992590398357 0.097102549327435103 -0.034376260860519363
decision_type=2 2 2 2 2 2 2 2 2 2 2 2 2 2 2
left_child=5 2 9 6 -5 7 -3 10 -4 -2 -1 14 -9 -13 -7
right_child=1 3 8 4 -6 11 -8 12 -10 -11 -12 13 -14 -15 -16
leaf_value=-0.029370837010319197 -0.014178942453603228 -0.012935558938832669 -0.0027245267214169398 -0.0059461019558282886 1.8243952863405707e-05 0.010902677395505801 0.012105672105887338 0.017250057410536021 0.015348051180693028 -0.030991526691118161 -0.0032595206437642031 0.014414564286046587 -0.0060993822826039632 -0.0038728769297553894 0.034227347731067538
leaf_weight=19.892370194196701 109.08446851372719 64.113602548837662 322.21313098073006 1421.6108352765441 168527.03378257155 8.1625624746084195 642.29539234936237 95.51591482758522 82.973248168826103 164.32912573218346 243.58590467274189 233.48946106433868 14.770595863461493 13.968360453844069 30.417555943131447
leaf_count=93 513 317 1332 5887 692297 34 2626 406 341 751 1211 944 65 58 125
internal_value=-3.21485e-07 -2.72934e-05 -0.00920117 9.18595e-06 -3.16475e-05 0.0070036 0.00983293 0.000479806 0.000976339 -0.0242838 -0.0052309 0.0155282 0.0141229 0.0133823 0.0292924
internal_weight=171993 171334 678.6 170655 169949 659.803 706.409 373.765 405.186 273.414 263.478 286.038 110.287 247.458 38.5801
internal_count=707000 704064 2937 701127 698184 2936 2943 1775 1673 1264 1304 1161 471 1002 159
is_linear=0
shrinkage=0.03


Tree=120
num_leaves=16
num_cat=0
split_feature=6 3 0 3 3 0 5 5 3 0 0 1 5 0 2
split_gain=37.0484 81.84 69.1183 53.5616 44.5963 48.7206 41.6804 26.043 24.8698 27.3662 19.4857 13.6566 5.98411 5.24694 1.67614
threshold=0.001611527799958157 -0.010198319278458377 0.033149064610103245 -0.072759204172058042 -0.05093552998540584 0.010440526533349422 0.52488178828977883 1.0676379950837578 0.079212966231213114 0.015460286753425253 0.16058760188210922 -0.042623145784971672 1.9409949278466267 0.022662288254624272 0.045835296952291382
decision_type=2 2 2 2 2 2 2 2 2 2 2 2 2 2 2
left_child=1 4 6 12 5 -1 -3 -6 10 -10 -5 -4 13 -2 -14
right_child=3 2 11 8 7 -7 -8 -9 9 -11 -12 -13 14 -15 -16
leaf_value=-0.02854530852622434 -0.048047868192762834 0.00058622637646867483 -0.0076958593231422883 -0.00025102060873170037 -0.0012551187895292763 0.0014727497462806065 0.0029968503941799939 0.00057573828265051238 0.016907030739110186 -0.0024217144416506606 -0.01399619225666753 -0.00046375715698272887 -0.031463883474864361 -0.012072599351726348 -0.011682760661908103
leaf_weight=48.884697899222374 3.7088911831378928 9673.7400892674923 240.40129095315933 74763.361876010895 30975.495012968779 10683.535409554839 19402.750983223319 9031.0226229131222 66.620902195572853 6310.1048901230097 92.938788264989853 10447.823768734932 21.203752368688587 224.891327932477 4.7119573801755896
leaf_count=213 16 39516 1010 307078 127348 44685 79060 37130 270 26400 427 42698 100 1026 23
internal_value=-3.20665e-07 0.000417476 0.00143652 -0.000464344 -0.00038116 0.00133602 0.00219484 -0.000841823 -0.000421292 -0.00221978 -0.000268086 -0.000626423 -0.0142051 -0.0126563 -0.0278673
internal_weight=171991 90503.7 39764.7 81487.5 50738.9 10732.4 29076.5 40006.5 81233 6376.73 74856.3 10688.2 254.516 228.6 25.9157
internal_count=707000 371660 162284 335340 209376 44898 118576 164478 334175 26670 307505 43708 1165 1042 123
is_linear=0
shrinkage=0.03


Tree=121
num_leaves=16
num_cat=0
split_feature=6 3 0 3 5 4 5 4 4 3 2 4 4 5 3
split_gain=34.8596 77.3014 65.8433 50.6581 40.2362 60.9654 36.8816 29.3336 24.1217 23.6065 29.5843 27.642 15.7543 11.5381 9.02872
threshold=0.001611527799958157 -0.0082905404435335544 0.033149064610103245 -0.072759204172058042 1.0676379950837578 0.022696617599958228 0.61215706028105721 0.16306681075809251 -0.075243363565339658 0.096530797923323544 0.00025054103819536718 -0.0031988330575605235 -0.070744887000323428 0.22290812095780152 -0.14309785217944695
decision_type=2 2 2 2 2 2 2 2 2 2 2 2 2 2 2
left_child=1 4 6 8 5 -1 -3 -4 14 11 -11 -5 -6 -10 -2
right_child=3 2 7 9 12 -7 -8 -9 13 10 -12 -13 -14 -15 -16
leaf_value=-0.0013948835404414054 -0.00178741882250736 0.00099141393434626942 -0.00026009113507679459 -0.0013498501900895512 0.0021665016249302008 0.0015599838530569222 0.0032323892810301024 -0.0081827467419764727 -0.042095390238248175 0.0062074732567967018 -0.0035089110646581746 9.1268341894873182e-06 0.00014708089536063961 0.0059623451039373301 -0.021627446273000797
leaf_weight=31785.12543527782 23.560070648789406 11862.735547825694 9620.2647425383329 17364.131003916264 6335.7245006412268 7832.8217853456736 14926.125499784946 439.8260759562254 4.8732111603021613 306.90246042609215 3479.9365316182375 60075.809181958437 7705.3011278659105 58.127261400222778 166.76036886870861
leaf_count=131226 124 48402 39335 71534 26421 32028 60768 1797 21 1267 14686 246688 31683 250 770
internal_value=-3.17839e-07 0.000404926 0.00146291 -0.000450462 -0.00032162 -0.00081068 0.00224003 -0.000606469 -0.0138452 -0.000408688 -0.00272145 -0.000295593 0.0010583 0.00224498 -0.0191714
internal_weight=171988 90507.9 36849 81480.1 53659 39617.9 26788.9 10060.1 253.321 81226.8 3786.84 77439.9 14041 63.0005 190.32
internal_count=707000 371660 150302 335340 221358 163254 109170 41132 1165 334175 15953 318222 58104 271 894
is_linear=0
shrinkage=0.03


Tree=122
num_leaves=16
num_cat=0
split_feature=7 7 4 7 7 0 7 7 7 3 7 6 7 3 7
split_gain=37.6486 176.053 161.421 96.7583 99.4206 95.9251 93.0423 88.9969 47.2384 61.5573 43.0402 34.6366 36.5614 22.8859 13.0543
threshold=-0.063636436613844868 -0.0577327146855433 -0.01033161305410185 -0.049620700233285402 -0.052327299980846724 0.047263086017785956 -0.060272034423333669 -0.012433950021172256 -0.2598207951683007 -0.11220708748304485 -0.060272034423333669 0.10194890228639066 -0.17596274350969568 -0.072759204172058042 -0.18556505103897189
decision_type=2 2 2 2 2 2 2 2 2 2 2 2 2 2 2
left_child=5 2 10 4 -3 11 -4 -5 13 -10 -2 12 -1 -7 -13
right_child=1 3 6 7 -6 8 -8 -9 9 -11 -12 14 -14 -15 -16
leaf_value=0.010863231692106175 -0.011227397006749492 0.0025287509307132853 0.0094345746453234226 -0.0021438503798814493 0.016179709083861474 0.0013463947040732119 -0.013931138959127592 0.00014727551650066528 -0.015678394544397227 -0.0018086619976882723 -0.022665026000218278 0.0064411939062514042 0.0036304511341315321 0.01352770325729548 -0.0067785309629809715
leaf_weight=704.86915321648121 900.09637168049812 2201.5471346080303 516.92791499197483 17149.434108555317 614.1067431718111 341.54906691610813 218.0880346596241 138406.54511235654 312.59798930585384 3659.2481829226017 441.2683449536562 82.829247027635574 5844.3165893405676 233.85197973251343 356.93050907552242
leaf_count=2857 3856 8983 2169 70771 2609 1642 971 568016 1569 15171 2004 335 23648 952 1447
internal_value=-3.15903e-07 -0.000119335 -0.00879815 -5.5483e-06 0.00550609 0.00165502 0.00250169 -0.000105312 -0.00173644 -0.00290026 -0.01499 0.00386163 0.00440889 0.00629707 -0.00428858
internal_weight=171984 160448 2076.38 158372 2815.65 11536.2 735.016 155556 4547.25 3971.85 1341.36 6988.95 6549.19 575.401 439.76
internal_count=707000 659379 9000 650379 11592 47621 3140 638787 19334 16740 5860 28287 26505 2594 1782
is_linear=0
shrinkage=0.03


Tree=123
num_leaves=13
num_cat=0
split_feature=7 7 7 7 7 3 3 1 3 6 0 1
split_gain=35.9104 77.3336 226.184 169.568 67.576 55.9865 52.2103 17.1506 8.80076 8.3407 4.78246 4.72201
threshold=0.28666687806024133 0.27185133386963328 0.27684666288085874 0.26249953050843139 0.18381394494568773 0.0011644288579967246 0.043810756972939686 0.00070472241305362491 -0.053848252883956109 0.089213434410538986 0.070828484826634328 0.04471546679121309
decision_type=2 2 2 2 2 2 2 2 2 2 2 2
left_child=1 3 6 4 -1 -4 -3 -5 -2 10 -10 -11
right_child=8 2 5 7 -6 -7 -8 -9 9 11 -12 -13
leaf_value=-8.0382068973172514e-05 0.024240742155422851 0.026325122114930637 -0.010695379786203918 -0.021121535038096544 0.003550095816003092 0.0034642707654608503 0.0028825070255678936 -0.01047674848944225 -0.0070197565334958545 -0.0013059997899061134 -0.02001989692834082 0.015814084793073741
leaf_weight=164113.95761033148 8.545564264059065 457.6206401437521 381.96825931966305 318.3294468075037 4747.8118667304516 734.73654574155807 105.15103586018085 238.1206486672163 732.29807908833027 92.637703850865364 26.385852336883545 17.190287113189697
leaf_count=675091 35 1832 1549 1290 19105 2975 426 962 3141 404 114 76
internal_value=-3.23897e-07 3.07139e-05 0.00643656 -3.27885e-05 2.16945e-05 -0.00137903 0.021945 -0.0165663 -0.00605523 -0.00635332 -0.00747188 0.00137364
internal_weight=171975 171098 1679.48 169418 168862 1116.7 562.772 556.45 877.057 868.512 758.684 109.828
internal_count=707000 703230 6782 696448 694196 4524 2258 2252 3770 3735 3255 480
is_linear=0
shrinkage=0.03


Tree=124
num_leaves=16
num_cat=0
split_feature=7 7 4 7 7 7 7 7 4 7 7 7 6 4 7
split_gain=35.5319 166.077 152.846 91.0929 93.4675 87.6529 86.3526 119.473 88.4189 83.5446 77.0858 167.495 53.793 53.0276 41.3075
threshold=-0.063636436613844868 -0.0577327146855433 -0.01033161305410185 -0.049620700233285402 -0.052327299980846724 -0.060272034423333669 -0.085355310879802623 -0.082040370655703396 0.014541073098772618 -0.012433950021172256 -0.10713815006275694 -0.14112623220486983 -0.030875839931057688 0.10027748696387974 -0.060272034423333669
decision_type=2 2 2 2 2 2 2 2 2 2 2 2 2 2 2
left_child=6 2 14 4 -3 -4 10 8 -8 -5 11 -1 -12 -9 -2
right_child=1 3 5 9 -6 -7 7 13 -10 -11 12 -13 -14 -15 -16
leaf_value=-0.00067926658079084639 -0.010920541556802407 0.0024544983169685385 0.0091355961420685281 -0.0020779319498782757 0.015686747280897882 -0.013572500546060334 0.024447020409255945 0.0039352374515798311 0.0032896136014565719 0.00014228024272427826 0.0025843814518952376 0.014871431251094927 -0.0079645721330917629 -0.0076652711489546155 -0.022160937448717256
leaf_weight=4157.0143133476377 897.46840056777 2202.2554755955935 517.95063437521458 17142.866336643696 614.49141980707645 217.11158132553101 440.36328765749931 3306.2438003569841 298.12150640785694 138406.52545036376 596.73853442072868 733.33375146985054 1605.7692082673311 397.25322027504444 437.77220351994038
leaf_count=17646 3856 8983 2169 70771 2609 971 1785 13403 1207 568016 2447 2989 6528 1616 2004
internal_value=-3.17622e-07 -0.000115944 -0.0085578 -5.58447e-06 0.0053412 0.00242842 0.00160791 0.00488793 0.0159059 -0.000102406 -0.000446233 0.00165264 -0.00510648 0.00269092 -0.0146058
internal_weight=171971 160436 2070.3 158366 2816.75 735.062 11534.8 4441.98 738.485 155549 7092.86 4890.35 2202.51 3703.5 1335.24
internal_count=707000 659379 9000 650379 11592 3140 47621 18011 2992 638787 29610 20635 8975 15019 5860
is_linear=0
shrinkage=0.03


Tree=125
num_leaves=16
num_cat=0
split_feature=1 6 3 0 4 3 3 4 4 3 5 4 5 3 6
split_gain=34.0207 37.1696 65.4543 58.4936 46.58 33.3364 27.2338 23.6305 17.5841 26.435 12.3422 12.0444 6.7175 9.23755 5.22032
threshold=-0.03661796746792087 0.001611527799958157 -0.0031821572404774896 0.030464206630924844 0.022696617599958228 -0.072759204172058042 0.018026826199966987 -0.0031988330575605235 -0.21056047687378962 -0.098105810499440102 1.0093176847129366 -0.081683521607826423 0.58139322597422194 0.064611511131641666 0.31489228822304488
decision_type=2 2 2 2 2 2 2 2 2 2 2 2 2 2 2
left_child=6 2 4 -4 -2 11 8 -7 10 -10 -1 -3 13 -8 -14
right_child=1 5 3 -5 -6 7 12 -9 9 -11 -12 -13 14 -15 -16
leaf_value=-0.010701394922274832 -0.00047877022119364364 -0.018808334880291037 0.0026618758271979097 -0.00018946088856217029 0.0017261461012292769 -0.0013413168561598732 -0.0085185729390046868 -8.0964554473960418e-05 0.0059845840727291164 -0.0013712124470883777 -0.0021610023449228966 0.0014288540622702474 -0.0050407191944641808 -0.027599801124003516 -0.014462112852161499
leaf_weight=282.01542881131172 46355.582200080156 119.78367932140827 18935.512598961592 9840.1594527065754 10593.58805193007 17093.364474281669 97.067621663212776 61770.551411777735 481.19079360365868 5100.3372006267309 331.08144122362137 33.975899055600166 840.94368734955788 29.858068525791168 56.486248910427094
leaf_count=1326 190942 554 77067 40147 43248 70410 409 253838 2049 21331 1569 146 3571 131 262
internal_value=-3.21775e-07 8.80091e-05 0.000520643 0.00168683 -6.86154e-05 -0.000381348 -0.0020161 -0.00035414 -0.0012668 -0.00073706 -0.00608946 -0.0143366 -0.00654736 -0.0130073 -0.00563372
internal_weight=171961 164743 85724.8 28775.7 56949.2 79017.7 7218.98 78863.9 6194.62 5581.53 613.097 153.76 1024.36 126.926 897.43
internal_count=707000 676352 351404 117214 234190 324948 30648 324248 26275 23380 2895 700 4373 540 3833
is_linear=0
shrinkage=0.03


Tree=126
num_leaves=16
num_cat=0
split_feature=7 7 3 7 7 6 3 3 1 3 6 4 2 6 3
split_gain=35.0196 57.378 108.198 72.9461 51.9766 39.3854 36.3277 35.1002 30.4511 22.6834 11.0787 10.9128 8.87841 5.8908 3.64991
threshold=-0.2598207951683007 -0.21139297599414056 -0.029882171665274234 -0.18556505103897189 -0.16960564226560779 -0.19362171950266452 -0.098105810499440102 -0.066438654310298315 0.0033245821199654781 0.10256183397382924 -0.021740913003100767 -0.16837473448802573 1.0000000180025095e-35 0.06216207645534761 -0.034376260860519363
decision_type=2 2 2 2 2 2 2 2 2 2 2 2 2 2 2
left_child=7 2 5 6 -5 -2 -3 8 11 -4 -10 -1 14 -14 -9
right_child=1 3 9 4 -6 -7 -8 12 10 -11 -12 -13 13 -15 -16
leaf_value=-0.0032466121245155206 -0.00065183092806007329 -0.012071600519768322 -0.0025576292671408191 -0.0057490345028340739 1.5841229688261486e-05 -0.029233930981669345 0.011765300109793196 0.010392760493132258 0.021777496351180627 0.015031859926673349 0.0023390857630777979 -0.029804701291324322 0.016335046749970602 0.0068027373013348682 0.032960880221660632
leaf_weight=246.89698947966099 54.333402633666992 63.199360847473145 321.78442166745663 1419.4278884828091 168499.09334500134 215.42899638414383 642.73850175738335 8.1834930181503278 66.423223197460175 83.006022050976753 43.781653895974159 14.756905198097227 153.64876665174961 94.069723427295685 30.440633669495583
leaf_count=1235 258 317 1332 5887 692297 1006 2626 34 278 341 193 69 621 381 125
internal_value=-3.18736e-07 -2.68568e-05 -0.00875917 7.66588e-06 -3.23161e-05 -0.0234772 0.00963129 0.00690629 0.000827025 0.00104926 0.0140551 -0.00474445 0.0148011 0.0127152 0.0281793
internal_weight=171957 171299 674.553 170624 169919 269.762 705.938 658.201 371.859 404.79 110.205 261.654 286.343 247.718 38.6241
internal_count=707000 704064 2937 701127 698184 1264 2943 2936 1775 1673 471 1304 1161 1002 159
is_linear=0
shrinkage=0.03


Tree=127
num_leaves=16
num_cat=0
split_feature=7 7 3 7 7 7 7 7 7 7 3 7 1 6 6
split_gain=35.2007 118.435 132.394 81.6635 145.888 80.9009 103.003 77.9342 73.6157 156.206 80.8717 71.8856 52.7685 52.2584 23.1055
threshold=-0.068873503122694288 -0.085355310879802623 0.0038507280203869958 -0.055062669769475929 -0.049620700233285402 -0.060272034423333669 -0.0577327146855433 -0.012433950021172256 -0.10713815006275694 -0.14112623220486983 0.018415733143466676 -0.082040370655703396 -0.0047961854159220543 -0.048945567587871601 -0.017866818296354278
decision_type=2 2 2 2 2 2 2 2 2 2 2 2 2 2 2
left_child=1 8 11 5 12 13 -7 -6 9 -1 -10 -3 -5 -2 -4
right_child=3 2 14 4 7 6 -8 -9 10 -11 -12 -13 -14 -15 -16
leaf_value=-0.00059026297798565365 -0.010020526627350569 0.023760934955342174 -0.0081161173406571543 0.002381929277213301 -0.0020104558576446367 -0.018855262744394388 -0.0024733167941724497 0.00013430531551424758 -0.0078977183225522867 0.014418202599107694 0.0062446814738194925 0.0089671535457755396 0.012034542502125732 0.00054193640452699439 0.0017196571519562083
leaf_weight=4151.6251788809896 512.77103468775749 387.17283304035664 269.31420364975929 892.54491056501865 17135.779548436403 650.35362334549427 736.74667829275131 138409.3575488925 1740.9929634332657 734.54507818818092 460.07599370181561 1250.0685936659575 1188.3685315996408 2370.2121272683144 1064.8783186525106
leaf_count=17646 2169 1574 1086 3654 70771 2975 3009 568016 7095 2989 1880 5055 4929 9858 4294
internal_value=-3.18007e-07 0.0017217 0.00674913 -0.000107308 3.58973e-06 -0.00420098 -0.0101541 -0.000101974 -0.000386127 0.00166598 -0.00494162 0.0124656 0.00789435 -0.00133672 -0.000265749
internal_weight=171955 10058.7 2971.43 161896 157626 4270.08 1387.1 155545 7087.24 4886.17 2201.07 1637.24 2080.91 2882.98 1334.19
internal_count=707000 41619 12009 665381 647370 18011 5984 638787 29610 20635 8975 6629 8583 12027 5380
is_linear=0
shrinkage=0.03


Tree=128
num_leaves=16
num_cat=0
split_feature=7 7 7 7 7 4 1 0 1 1 1 2 3 3 2
split_gain=34.3884 37.6889 90.1728 165.743 66.2533 40.2907 37.9177 20.0867 4.31436 5.02363 5.37158 4.05558 2.56455 5.06477 2.32433
threshold=0.29433303104773184 0.18381394494568773 0.15755317155934781 0.1432593772157961 0.198019398156318 0.066313392349914749 -0.054908437403832951 0.049828604084239371 -0.023131937707975964 0.0034949528298369738 0.012297486747405785 0.0080627226602951341 -0.012518558408657119 -0.021331660071758182 0.0050679167007694377
decision_type=2 2 2 2 2 2 2 2 2 2 2 2 2 2 2
left_child=1 2 3 -1 5 -3 -6 -4 12 11 -11 -10 13 -2 -14
right_child=8 4 7 -5 6 -7 -8 -9 9 10 -12 -13 14 -15 -16
leaf_value=-0.00011001177950646501 0.0027403242364874591 0.018846263997021311 -0.0036643137308778823 0.0067926429241235596 -0.018199202492543028 0.0024614227240735047 0.0015491219428312572 -0.0092599205328313741 -0.0098118708751191198 0.0027347165446211588 -0.011560451015647495 -0.018707576016837639 0.011469630485748344 -0.037445024634756005 -0.0052695518941399764
leaf_weight=157348.57929228991 7.423189640045166 325.82920394837856 2816.3678134232759 3194.2814195156097 88.628785505890846 230.71153718233109 6889.8933525383472 726.26272037625313 98.137316435575485 40.721814230084419 56.454778432846069 87.028355464339256 16.446197494864467 4.5546468794345838 13.672228187322615
leaf_count=647588 33 1306 11621 12812 368 926 27801 3070 460 186 261 411 74 21 62
internal_value=-3.18839e-07 1.81277e-05 -7.71413e-05 2.73286e-05 0.00209273 0.012054 0.00129831 -0.00481145 -0.00975809 -0.0110939 -0.00557007 -0.0139929 -0.000798684 -0.0125404 0.0038709
internal_weight=171945 171621 164085 160543 7535.06 556.541 6978.52 3542.63 324.439 282.342 97.1766 185.166 42.0963 11.9778 30.1184
internal_count=707000 705492 675091 660400 30401 2232 28169 14691 1508 1318 447 871 190 54 136
is_linear=0
shrinkage=0.03


Tree=129
num_leaves=16
num_cat=0
split_feature=7 7 7 7 7 7 7 7 7 6 2 7 1 7 0
split_gain=33.951 426.342 135.725 110.976 163.371 108.511 105.575 95.3693 217.757 61.0474 52.2508 39.4702 35.4906 26.7652 11.4446
threshold=-0.023005323275327168 -0.012433950021172256 -0.031967123184603312 -0.0044901456332057102 -0.0052974768607154102 0.013054558192188483 -0.014143974125485513 -0.035740654437621248 -0.037040774722581486 -0.032070479728839078 0.0075382774221779717 -0.018576802952870394 -0.024450660603950018 -0.029795850614064586 0.020506098080141363
decision_type=2 2 2 2 2 2 2 2 2 2 2 2 2 2 2
left_child=2 6 7 4 -3 -5 11 8 -1 13 -9 -2 -11 -4 -8
right_child=1 3 9 5 -6 -7 14 10 -10 12 -12 -13 -14 -15 -16
leaf_value=0.00013125136009829768 -0.0045212829138859285 0.0024736378770760193 0.019112121416039615 -0.0026808551569634485 0.018899568556674639 0.00024098749424211454 -0.011735607153103395 -0.0012005999841064839 0.016923550809999677 -0.0075401488198760776 -0.010723586652866598 -0.0101893826816838 0.0047243121333131483 0.008964040887000483 -0.021462128602794377
leaf_weight=21474.476463980973 2584.2927738130093 4433.2247107028961 334.32900710403919 12636.971727892756 621.32796989381313 120714.1802585721 135.50977109372616 1018.1043124645948 718.26212705671787 230.37206979095936 1056.810256049037 1932.5480857640505 2714.9482688307762 778.74175088107586 553.9110412299633
leaf_count=89213 10680 18267 1376 52418 2558 494773 557 4200 2955 968 4361 7993 11171 3218 2292
internal_value=-3.13193e-07 -0.000187536 0.000948901 0.000129487 0.00449279 -3.58998e-05 -0.00861543 9.96787e-05 0.00067473 0.00602693 -0.00605092 -0.0069464 0.00376503 0.0120122 -0.0195503
internal_weight=171938 143612 28326 138406 5054.55 133351 5206.26 24267.7 22192.7 4058.39 2074.91 4516.84 2945.32 1113.07 689.421
internal_count=707000 589538 117462 568016 20825 547191 21522 100729 92168 16733 8561 18673 12139 4594 2849
is_linear=0
shrinkage=0.03


Tree=130
num_leaves=13
num_cat=0
split_feature=7 7 7 7 7 4 3 3 3 6 0 0
split_gain=33.2646 71.0188 212.59 161.353 60.0655 58.277 52.7107 48.9684 8.21774 7.90395 4.49116 4.45003
threshold=0.28666687806024133 0.27185133386963328 0.27684666288085874 0.26249953050843139 0.18381394494568773 0.032797453359917468 0.0011644288579967246 0.043810756972939686 -0.053848252883956109 0.089213434410538986 0.070828484826634328 0.024836435045321115
decision_type=2 2 2 2 2 2 2 2 2 2 2 2
left_child=1 3 7 4 -1 -5 -4 -3 -2 10 -10 -11
right_child=8 2 6 5 -6 -7 -8 -9 9 11 -12 -13
leaf_value=-7.4499827729535188e-05 0.02339261399402115 0.025447262645032932 -0.010455194196794209 0.00079953270898571274 0.003347961493887869 -0.021733774208943863 0.0032872737251883667 0.0027471262268972466 -0.0067778935903359773 0.021771677782465901 -0.019416998300959224 -0.00039201146707348221
leaf_weight=164076.89487624168 8.572892561554907 457.55011568963528 381.58757530152798 137.15367750823498 4748.7714111655951 418.4665235131979 735.11369824409485 105.188999786973 730.35971693694592 8.8699325174093229 26.210855543613434 100.87972882390022
leaf_count=675091 35 1832 1549 553 19105 1699 2975 426 3141 38 114 442
internal_value=-3.25752e-07 2.95165e-05 0.00616831 -3.13505e-05 2.1768e-05 -0.0161715 -0.00140866 0.0212041 -0.00583514 -0.00612437 -0.00721577 0.00139925
internal_weight=171936 171061 1679.44 169381 168826 555.62 1116.7 562.739 874.893 866.32 756.571 109.75
internal_count=707000 703230 6782 696448 694196 2252 4524 2258 3770 3735 3255 480
is_linear=0
shrinkage=0.03


Tree=131
num_leaves=16
num_cat=0
split_feature=7 7 3 7 7 7 7 7 7 7 3 7 7 6 7
split_gain=33.1915 111.517 124.788 76.886 137.25 76.5348 98.0764 70.1785 69.2977 146.717 76.1536 67.9965 51.8667 49.2883 22.8306
threshold=-0.068873503122694288 -0.085355310879802623 0.0038507280203869958 -0.055062669769475929 -0.049620700233285402 -0.060272034423333669 -0.0577327146855433 -0.012433950021172256 -0.10713815006275694 -0.14112623220486983 0.018415733143466676 -0.082040370655703396 -0.052327299980846724 -0.048945567587871601 -0.082040370655703396
decision_type=2 2 2 2 2 2 2 2 2 2 2 2 2 2 2
left_child=1 8 11 5 12 13 -7 -6 9 -1 -10 -3 -5 -2 -4
right_child=3 2 14 4 7 6 -8 -9 10 -11 -12 -13 -14 -15 -16
leaf_value=-0.00057102148875225439 -0.0097397567722626345 0.023108669988087232 0.0063204641586874812 0.004590079143981695 -0.0019107597557972253 -0.01841379941440437 -0.0023983651193331531 0.00012506410862631008 -0.0076666349990172494 0.013964790903555933 0.0060543838047529535 0.008705656280298197 0.014970359784273161 0.0005272310339643402 -0.0025977029041665436
leaf_weight=4151.1664173454046 511.65927775204182 386.19961507618427 350.33396270871162 1467.3707580268383 17124.925890058279 645.97800208628178 736.4909040927887 138404.02400103211 1739.3278240859509 735.70851035416126 460.41688159108162 1249.2313252389431 614.71027065813541 2370.4122257679701 983.96504300832748
leaf_count=17646 2169 1574 1418 5974 70771 2975 3009 568016 7095 2989 1880 5055 2609 9858 3962
internal_value=-3.19344e-07 0.00167203 0.00655217 -0.000104212 3.3344e-06 -0.00407898 -0.0098818 -9.90957e-05 -0.000373047 0.00161731 -0.00479476 0.0121069 0.00765474 -0.00129549 -0.000256146
internal_weight=171932 10056.3 2969.73 161876 157611 4264.54 1382.47 155529 7086.62 4886.87 2199.74 1635.43 2082.08 2882.07 1334.3
internal_count=707000 41619 12009 665381 647370 18011 5984 638787 29610 20635 8975 6629 8583 12027 5380
is_linear=0
shrinkage=0.03


Tree=132
num_leaves=16
num_cat=0
split_feature=7 7 3 7 7 3 3 1 2 3 0 2 5 3 3
split_gain=33.3148 53.7288 103.402 69.132 48.3069 34.1663 32.9781 28.6084 21.7441 21.0213 17.1048 8.34094 7.19385 4.71969 3.43591
threshold=-0.2598207951683007 -0.21139297599414056 -0.0020084249521504778 -0.18556505103897189 -0.16960564226560779 -0.098105810499440102 -0.066438654310298315 0.0033245821199654781 0.033262931603727779 -0.059191740107487505 0.033887463754664587 1.0000000180025095e-35 1.5805992590398357 -0.011853567810547415 -0.034376260860519363
decision_type=2 2 2 2 2 2 2 2 2 2 2 2 2 2 2
left_child=6 2 9 5 -5 -3 7 10 -4 -2 -1 14 -9 -13 -8
right_child=1 3 8 4 -6 -7 11 12 -10 -11 -12 13 -14 -15 -16
leaf_value=-0.045091772940004007 -0.026347459395004935 -0.011740115738879273 -0.0016525596195417695 -0.0055457992089846374 1.4620584734019465e-05 0.011434979034740007 0.010102166549122075 0.016636756808531258 0.015093325411921049 -0.011007493272498151 -0.0031213738654749567 0.017348012974052494 -0.0058914571507358848 0.0089251818029402585 0.031984117447473183
leaf_weight=9.0532589852809888 202.68915595114231 62.844174027442932 237.42190174758434 1418.0028855726123 168467.15265288949 643.50342802703381 8.1956777423620206 95.758834972977638 98.837682202458382 133.25843980908394 251.97553138434887 101.16431137919426 14.717758268117903 146.69679926335812 30.463455095887184
leaf_count=41 986 317 974 5887 692297 2626 34 406 413 564 1263 410 65 592 125
internal_value=-3.19126e-07 -2.6205e-05 -0.00849106 7.15029e-06 -3.17913e-05 0.00937308 0.00673698 0.000838938 0.0032696 -0.0202626 -0.00457703 0.0143845 0.0136355 0.012363 0.0273452
internal_weight=171922 171264 672.207 170592 169885 706.348 658.026 371.505 336.26 335.948 261.029 286.52 110.477 247.861 38.6591
internal_count=707000 704064 2937 701127 698184 2943 2936 1775 1387 1550 1304 1161 471 1002 159
is_linear=0
shrinkage=0.03


Tree=133
num_leaves=16
num_cat=0
split_feature=7 7 7 7 7 7 7 7 7 7 0 7 2 7 6
split_gain=33.2638 408.243 124.811 118.877 100.01 96.0941 93.3139 119.952 112.404 86.1632 73.2515 61.2898 30.3576 27.5216 27.3685
threshold=0.042350000330426692 0.038035284448153302 0.07694626914134807 0.036581856106166606 0.041461326432956642 0.037092804195868252 0.065839886119390414 0.051614015045964974 0.068742051260765061 0.077909723860541749 0.01441548801941263 0.079074549010346176 0.011587969734945044 0.041837582528997726 -0.062406838899762944
decision_type=2 2 2 2 2 2 2 2 2 2 2 2 2 2 2
left_child=1 3 6 10 12 -5 7 -2 -8 14 -1 -11 -3 -6 -4
right_child=2 4 9 5 13 -7 8 -9 -10 11 -12 -13 -14 -15 -16
leaf_value=0.0038619808197003199 -0.0032249216811375118 0.010942372607522228 0.027789973092215522 -0.015999721623749991 -0.0033892410777371798 -0.0025258820720270077 -0.0089475023608340618 0.00067740098553613034 -0.0017976314274511991 -0.0089440477459645194 -0.00021378001734094327 0.00053815966717729504 0.0056089618224848918 0.0048473235500052702 0.0087672145763311882
leaf_weight=4203.7246017456055 11959.127716585994 3811.7094421088696 75.789087995886803 731.74412262439728 736.50659538805485 1365.0890146046877 3176.4569288939238 17409.650662392378 5249.1080670207739 621.28460410237312 70965.437835268676 48937.341848820448 1284.0778590142727 724.04119601845741 668.19271717965603
leaf_count=17348 49120 15601 304 3003 3016 5597 13284 71854 21894 2567 293038 199428 5265 2969 2712
internal_value=-3.18032e-07 0.000427486 -0.000407365 -0.000182384 0.00761477 -0.00722793 -0.00171008 -0.000911646 -0.00449315 0.000571415 1.41509e-05 0.000419287 0.00959842 0.000693893 0.0107051
internal_weight=171919 83822.3 88097 77266 6556.34 2096.83 37794.3 29368.8 8425.56 50302.6 75169.2 49558.6 5095.79 1460.55 743.982
internal_count=707000 345837 361163 318986 26851 8600 156152 120974 35178 205011 310386 201995 20866 5985 3016
is_linear=0
shrinkage=0.03


Tree=134
num_leaves=16
num_cat=0
split_feature=7 7 7 7 7 7 7 7 7 6 3 7 1 7 4
split_gain=32.9531 395.891 129.895 108.905 347.7 100.019 88.2625 205.885 73.7789 57.2841 48.3583 37.3303 33.3579 25.025 18.7295
threshold=-0.023005323275327168 -0.012433950021172256 -0.031967123184603312 0.0047084982816636431 0.013054558192188483 -0.014143974125485513 -0.035740654437621248 -0.037040774722581486 0.0030690030408574436 -0.032070479728839078 -0.010198319278458377 -0.018576802952870394 -0.024450660603950018 -0.029795850614064586 -0.054218006763980024
decision_type=2 2 2 2 2 2 2 2 2 2 2 2 2 2 2
left_child=2 5 6 8 -5 11 7 -1 -3 13 -8 -2 -11 -4 -7
right_child=1 3 9 4 -6 14 10 -9 -10 12 -12 -13 -14 -15 -16
leaf_value=0.0001273520586539264 -0.0043308739703349702 0.0020203402448824093 0.018546830427332052 -0.0069837236891143514 0.00022828648999612759 -0.025589747409088502 -0.011056186695637446 0.016437089383525921 0.0093267762475964244 -0.0072641731994762208 -0.0018079412778351065 -0.0098480325334365584 0.0046375426261624948 0.008745427760381088 -0.015266283574168737
leaf_weight=21462.564909555018 2581.2791415005922 9935.4176332652569 335.25214602053165 6331.9613979309797 120713.81720893085 247.03976355493069 898.37556399405003 719.94902443885803 1421.840255856514 229.88203357160091 1173.6103898733854 1928.2983301281929 2716.1949582844973 779.68030577898026 439.66109673678875
leaf_count=89213 10680 40938 1376 26468 494773 1027 3721 2955 5837 968 4840 7993 11171 3218 1822
internal_value=-3.27078e-07 -0.000184764 0.000935029 0.000120451 -0.00013116 -0.00831418 0.000103599 0.000656696 0.00293505 0.00590077 -0.00581781 -0.00669001 0.00370885 0.0116926 -0.0189801
internal_weight=171915 143599 28315.5 138403 127046 5196.28 24254.5 22182.5 11357.3 4061.01 2071.99 4509.58 2946.08 1114.93 686.701
internal_count=707000 589538 117462 568016 521241 21522 100729 92168 46775 16733 8561 18673 12139 4594 2849
is_linear=0
shrinkage=0.03


Tree=135
num_leaves=16
num_cat=0
split_feature=7 7 7 7 7 7 7 7 7 7 7 7 1 7 7
split_gain=32.3919 382.099 117.467 112.484 93.8472 90.7944 87.9313 112.923 106.102 85.4115 358.397 138.394 72.2711 68.8103 25.8854
threshold=0.042350000330426692 0.038035284448153302 0.07694626914134807 0.036581856106166606 0.041461326432956642 0.037092804195868252 0.065839886119390414 0.051614015045964974 0.068742051260765061 0.10748458408798779 0.110480511292828 0.097197455049241835 0.0015706914635029124 0.03577920138953828 0.041837582528997726
decision_type=2 2 2 2 2 2 2 2 2 2 2 2 2 2 2
left_child=1 3 6 13 12 -5 7 -2 -8 11 -11 -4 -3 -1 -6
right_child=2 4 9 5 14 -7 8 -9 -10 10 -12 -13 -14 -15 -16
leaf_value=-6.7749734701343903e-05 -0.0031365459205399079 0.012376320403080773 0.00030194045646555508 -0.015566454993770837 -0.0032960153882757074 -0.0024578389504186994 -0.0087019984485417739 0.00065012886544903474 -0.0017511122909605733 -0.012596247828228244 0.00045705348099010654 0.0060200870252220436 0.0051601843963156591 0.0091512501978083544 0.004691348417372683
leaf_weight=74425.753506354988 11953.40196955204 2920.544901356101 10929.569742947817 729.89747840166092 736.15350553393364 1364.6044170856476 3170.6766357123852 17412.313266739249 5247.4479935318232 2014.0424009859562 31515.951774209738 5847.3202437460423 2182.577156573534 735.86979036033154 724.60409054160118
leaf_count=307370 49120 11954 44665 3003 3016 5597 13284 71854 21894 8266 128356 23724 8912 3016 2969
internal_value=-3.41339e-07 0.000421821 -0.000402036 -0.000168583 0.00737081 -0.00702596 -0.00166612 -0.000891248 -0.00436916 0.000547371 -0.000327018 0.00229491 0.00929002 2.25089e-05 0.000666091
internal_weight=171911 83820 88090.7 77256.1 6563.88 2094.5 37783.8 29365.7 8418.12 50306.9 33530 16776.9 5103.12 75161.6 1460.76
internal_count=707000 345837 361163 318986 26851 8600 156152 120974 35178 205011 136622 68389 20866 310386 5985
is_linear=0
shrinkage=0.03


Tree=136
num_leaves=16
num_cat=0
split_feature=6 7 7 7 3 7 7 7 7 7 3 7 7 7 6
split_gain=32.4256 60.5033 93.9695 160.151 81.0935 60.1867 53.705 39.8878 23.7606 50.1682 59.1542 35.5119 88.3166 35.7653 23.4585
threshold=0.04097914887167476 -0.068873503122694288 -0.055062669769475929 -0.049620700233285402 -0.11220708748304485 -0.063636436613844868 -0.073798217113713524 -0.14112623220486983 -0.085355310879802623 -0.18556505103897189 -0.027132965285387441 0.041461326432956642 0.038035284448153302 0.089543167075194621 0.089213434410538986
decision_type=2 2 2 2 2 2 2 2 2 2 2 2 2 2 2
left_child=1 4 5 -4 7 -3 -6 -1 9 10 -2 12 -10 -13 -11
right_child=8 2 3 -5 6 -7 -8 -9 11 14 -12 13 -14 -15 -16
leaf_value=-0.011500771376578832 -0.013474990052294735 0.00077104225408204078 0.0097986748085255385 7.9698199987161375e-05 0.0030058913760439413 -0.0079844199357816652 0.012880396804376405 0.0090526280348382764 -0.00018416492313598468 -0.0037650665293075835 0.0075546013046742149 -0.0027080806906511377 0.0079675483576791065 -0.00022334783360323699 -0.011844055845063019
leaf_weight=480.37698160856962 156.65478350222111 1065.6844611018896 1545.6224040985107 119705.02190592885 6255.9998533427715 2097.1991397887468 538.36731104552746 103.24361656606197 15942.090104013681 723.65567088127136 519.92883217334747 9996.1136421561241 1293.1835066825151 10897.539385065436 584.91852749884129
leaf_count=2465 702 4352 6370 490916 25517 9035 2184 442 65987 2971 2127 41522 5303 44675 2432
internal_value=-3.54415e-07 0.000226959 7.04272e-05 0.000203589 0.00286652 -0.0050344 0.00378832 -0.00786484 -0.000747174 -0.00394703 0.00268545 -0.000580575 0.000427468 -0.00141211 -0.00737629
internal_weight=171906 131792 124414 121251 7377.99 3162.88 6794.37 583.621 40114.1 1985.16 676.584 38128.9 17235.3 20893.7 1308.57
internal_count=707000 541281 510673 497286 30608 13387 27701 2907 165719 8232 2829 157487 71290 86197 5403
is_linear=0
shrinkage=0.03


Tree=137
num_leaves=16
num_cat=0
split_feature=7 7 3 7 7 3 3 1 2 3 0 2 5 3 3
split_gain=32.6326 51.1093 96.2811 63.8043 44.8812 30.9795 29.1796 26.8243 20.3838 19.8827 16.4768 7.81039 6.71801 4.63127 3.20101
threshold=-0.2598207951683007 -0.21139297599414056 -0.0020084249521504778 -0.18556505103897189 -0.16960564226560779 -0.098105810499440102 -0.066438654310298315 0.0033245821199654781 0.033262931603727779 -0.059191740107487505 0.033887463754664587 1.0000000180025095e-35 1.5805992590398357 -0.011853567810547415 -0.034376260860519363
decision_type=2 2 2 2 2 2 2 2 2 2 2 2 2 2 2
left_child=6 2 9 5 -5 -3 7 10 -4 -2 -1 14 -9 -13 -8
right_child=1 3 8 4 -6 -7 11 12 -10 -11 -12 13 -14 -15 -16
leaf_value=-0.044311799650887544 -0.025712228132249191 -0.011207626708669722 -0.0017555655168658955 -0.0053490958910904791 1.3812438480850972e-05 0.010953719273685337 0.0097693760428205507 0.016372203778809297 0.014436097885334584 -0.010744740169918691 -0.0027422018827325039 0.016838603985831608 -0.0054400962670627757 0.0084981262527677078 0.030876860275306475
leaf_weight=8.8859057575464231 200.0265263915062 62.25428169965744 237.51769785583019 1416.2579326704144 168447.07851542532 644.50779467821121 8.2083642929792386 95.899236738681793 99.201192617416382 132.97903862595558 250.51782134175301 101.2519053965807 14.649357974529265 146.7785631865263 30.468593180179596
leaf_count=41 986 317 974 5887 692297 2626 34 406 413 564 1263 410 65 592 125
internal_value=-3.54498e-07 -2.5951e-05 -0.00829722 6.52518e-06 -3.09015e-05 0.00900166 0.00667456 0.00110735 0.00301468 -0.0197353 -0.00416617 0.0138582 0.0134817 0.0119029 0.0263972
internal_weight=171896 171240 669.724 170570 169863 706.762 656.66 369.952 336.719 333.006 259.404 286.707 110.549 248.03 38.677
internal_count=707000 704064 2937 701127 698184 2943 2936 1775 1387 1550 1304 1161 471 1002 159
is_linear=0
shrinkage=0.03


Tree=138
num_leaves=16
num_cat=0
split_feature=0 7 7 3 7 7 7 7 7 7 3 1 4 3 3
split_gain=32.553 39.9605 89.1461 113.701 77.3586 67.3114 121.715 70.7063 10.7361 57.4589 6.68729 12.6839 11.247 5.26383 1.91934
threshold=0.16058760188210922 -0.068873503122694288 -0.085355310879802623 0.006021947545316487 -0.10713815006275694 -0.055062669769475929 -0.049620700233285402 -0.060272034423333669 -0.14112623220486983 -0.18556505103897189 -0.012186991967561676 -0.054908437403832951 0.052010619055780423 0.014215256495878183 0.082777475722331642
decision_type=2 2 2 2 2 2 2 2 2 2 2 2 2 2 2
left_child=1 2 4 -4 -1 7 -7 -3 9 13 11 -10 -12 -2 -11
right_child=8 5 3 -5 -6 6 -8 -9 10 14 12 -13 -14 -15 -16
leaf_value=0.0021819435546585717 -0.0042597670280172181 -0.0011442476078370614 0.011328448115987528 -0.00056901818515357478 -0.0046505101405328432 0.0072206207390248713 -8.537226753704461e-05 -0.0094257169383245593 -0.0062964171642808757 -0.037330708064310804 -0.017818896568695761 0.015505656387434966 -0.0034712861564092216 0.010633286627047513 -0.018867728175213368
leaf_weight=4687.840660482645 96.016071498394012 2874.8369314968586 1690.3040968477726 1263.1856286674738 2187.2857522517443 2079.7439863681793 155161.0519836545 1370.0611346960068 60.010057806968689 59.646771915256977 62.676442176103592 40.039941638708115 228.21673576533794 27.469395890831947 5.5379662364721289
leaf_count=19623 495 12007 6861 5091 8922 8563 637240 5955 263 357 280 172 1024 118 29
internal_value=-3.5185e-07 2.36619e-05 0.00188087 0.00623999 8.23391e-06 -8.93747e-05 1.12604e-05 -0.00381713 -0.007098 -0.0129753 -0.00426157 0.00242876 -0.00656265 -0.000946801 -0.0357621
internal_weight=171894 171314 9828.62 2953.49 6875.13 161486 157241 4244.9 579.613 188.67 390.943 100.05 290.893 123.485 65.1847
internal_count=707000 704262 40497 11952 28545 663765 645803 17962 2738 999 1739 435 1304 613 386
is_linear=0
shrinkage=0.03


Tree=139
num_leaves=13
num_cat=0
split_feature=7 7 7 7 7 4 3 3 3 6 7 7
split_gain=31.7601 65.9661 200.104 152.855 55.1705 55.0473 49.668 46.1099 7.72036 7.47399 4.24321 3.43253
threshold=0.28666687806024133 0.27185133386963328 0.27684666288085874 0.26249953050843139 0.18381394494568773 0.032797453359917468 0.0011644288579967246 0.043810756972939686 -0.053848252883956109 0.089213434410538986 0.29433303104773184 0.29433303104773184
decision_type=2 2 2 2 2 2 2 2 2 2 2 2
left_child=1 3 7 4 -1 -5 -4 -3 -2 10 -10 -11
right_child=8 2 6 5 -6 -7 -8 -9 9 11 -12 -13
leaf_value=-7.0499444476889109e-05 0.02258300842046931 0.024656251083630436 -0.010193759055768253 0.00073441651205316311 0.0032091738613135496 -0.021170520930807634 0.0031500245047570126 0.0026308059335185302 -0.005313191018222454 0.0052539736272874124 -0.0099610844375392586 -0.0058373656432947592
leaf_weight=164028.13413780183 8.5977916419506055 457.32145924866199 381.17069229483604 137.17833143472672 4749.917101547122 417.47663906216621 735.42009578645229 105.22647874057293 473.40113364160061 70.934151470661163 282.12797574698925 38.875244796276093
leaf_count=675091 35 1832 1549 553 19105 1699 2975 426 1936 298 1319 182
internal_value=-3.49024e-07 2.8803e-05 0.00594572 -2.98704e-05 2.18003e-05 -0.0157529 -0.00140514 0.0205363 -0.00570482 -0.00598588 -0.0070488 0.00132736
internal_weight=171886 171012 1679.14 169333 168778 554.655 1116.59 562.548 873.936 865.339 755.529 109.809
internal_count=707000 703230 6782 696448 694196 2252 4524 2258 3770 3735 3255 480
is_linear=0
shrinkage=0.03


Tree=140
num_leaves=16
num_cat=0
split_feature=1 6 4 5 4 6 0 5 6 0 1 4 4 4 1
split_gain=31.4543 33.507 45.4272 47.6006 25.5194 19.4488 18.9785 16.7939 17.0707 15.9995 14.3114 17.1566 11.4174 9.12388 4.91247
threshold=-0.030119573332692693 0.001611527799958157 -0.019448049811526643 0.95112353690280127 -0.0031988330575605235 0.17172383144914086 0.023684986913416233 0.6896577063753716 -0.06586566103704404 0.11538994876202603 -0.061352429336742884 0.011363332867962097 -0.051985169053459283 0.40521572122125132 -0.030842255704877971
decision_type=2 2 2 2 2 2 2 2 2 2 2 2 2 2 2
left_child=7 2 3 -2 9 -6 -4 8 14 -3 11 -9 -12 -10 -1
right_child=1 4 6 -5 5 -7 -8 10 13 -11 12 -13 -14 -15 -16
leaf_value=-0.0076665723823942681 -0.00089883789359148465 -0.0012695787119363588 0.0019613736987674746 0.0012378761300800701 7.657494710454994e-05 -0.0023019060618226232 0.00066287460441678164 -0.0014779880251107689 -0.0018844062793304992 -0.0095502803539272048 0.0011054789564316774 -0.0095642621205958567 -0.0012872765078210794 -0.018138353373852497 0.0028108656371338531
leaf_weight=759.77211257815361 27428.700715839863 16557.119302883744 18184.559474572539 14262.762992933393 57226.258699059486 3270.9668173491955 22871.541295662522 767.35825929790735 2490.9855183213949 212.69520942866802 3028.9581891819835 341.11959820985794 4404.8839293420315 31.474396571516991 42.529132977128029
leaf_count=3231 112974 68211 74100 58666 234922 13679 93375 3434 10474 958 12779 1458 18422 138 179
internal_value=-3.41812e-07 0.000110178 0.000529674 -0.000167862 -0.000339074 -5.20249e-05 0.00123801 -0.00149058 -0.00329955 -0.0013746 -0.000786503 -0.00396643 -0.000312336 -0.00208722 -0.00711117
internal_weight=171882 160015 82747.6 41691.5 77267 60497.2 41056.1 11867.1 3324.76 16769.8 8542.32 1108.48 7433.84 2522.46 802.301
internal_count=707000 656885 339115 171640 317770 248601 167475 50115 14022 69169 36093 4892 31201 10612 3410
is_linear=0
shrinkage=0.03


Tree=141
num_leaves=16
num_cat=0
split_feature=7 7 7 7 0 5 1 0 5 0 6 0 6 2 2
split_gain=30.786 48.6337 59.5164 42.9235 29.589 25.7329 24.1726 18.275 15.6485 9.85812 9.20207 7.52938 6.78654 5.72392 4.35575
threshold=-0.2598207951683007 -0.21139297599414056 -0.18556505103897189 -0.16960564226560779 0.046852889510910836 1.3480267311209218 -0.03661796746792087 0.058846928040111095 0.18003427441504635 0.013598748340146878 -0.017292258484365549 0.072410243477154343 -0.12831869585695868 0.00063579066274381784 0.0062717556701896793
decision_type=2 2 2 2 2 2 2 2 2 2 2 2 2 2 2
left_child=6 4 7 -4 9 -6 11 -3 14 -2 -10 12 -1 -13 -8
right_child=1 2 3 -5 5 -7 8 -9 10 -11 -12 13 -14 -15 -16
leaf_value=-0.01247842277027536 0.035550547311573463 0.012813798090002252 -0.0052325508298336878 1.3990801208302332e-05 -0.014724919153737179 -0.0001354294331835083 0.0009874565137092436 0.0030502274683483757 0.016140643788474442 0.0034826110653840038 0.0074249300013898211 0.0042431661518519265 0.017254244936461178 -0.0086672621625996839 -0.024872101166150341
leaf_weight=9.2082905769348127 9.4591118246316892 408.60797666013241 1415.2246781736612 168431.6537168622 412.2527272850275 147.81970970332623 10.482194006443025 298.63854944705963 205.30226981639862 98.157764866948128 232.48112273216248 42.149323984980583 27.671472981572151 115.87303821742535 13.300757363438604
leaf_count=40 39 1654 5887 692297 1831 666 46 1289 862 401 977 215 118 620 58
internal_value=-3.36291e-07 -2.51971e-05 6.43781e-06 -2.97253e-05 -0.00810599 -0.0108743 0.00648392 0.00869108 0.0102247 0.00630126 0.0115122 -0.00237509 0.00983047 -0.00522366 -0.0134747
internal_weight=171878 171222 170554 169847 667.689 560.072 656.468 707.247 461.566 107.617 437.783 194.902 36.8798 158.022 23.783
internal_count=707000 704064 701127 698184 2937 2497 2936 2943 1943 440 1839 993 158 835 104
is_linear=0
shrinkage=0.03


Tree=142
num_leaves=16
num_cat=0
split_feature=1 6 7 7 7 7 7 0 4 5 4 7 7 1 0
split_gain=30.6726 44.3719 32.8372 131.453 58.7127 27.5319 71.8866 31.7951 24.4195 23.3683 43.8995 21.7141 8.41698 4.54099 4.06375
threshold=-0.0032251431279270854 -0.01950358073800634 -0.045792696147842642 -0.043012402893504491 -0.05344768543106914 -0.078420028953895202 -0.0577327146855433 0.065595056572833807 0.40521572122125132 0.5478066362735422 -0.00081483502483054016 0.08675649404559628 -0.00051518704870756593 -0.010373777124499812 0.030948646405667989
decision_type=2 2 2 2 2 2 2 2 2 2 2 2 2 2 2
left_child=8 5 4 -4 -3 7 -7 -2 9 10 -1 -11 13 -10 -14
right_child=1 2 3 -5 -6 6 -8 -9 12 11 -12 -13 14 -15 -16
leaf_value=-0.0025633495902738163 0.0081917287118196749 0.00073585248243410162 -0.019762385311112574 -0.00016606938607333698 0.0086267789763453638 -0.0085128918642078232 0.0014487159853870568 -0.0015349564771415555 -0.032107395866337096 -0.00039783759137062132 -6.0857934315334773e-05 0.00095286378326524018 0.0081868211055200375 -0.0013141527073303812 -0.0097580458607248212
leaf_weight=11119.319015085697 1052.473970875144 5195.8086545169353 309.75701002776623 56910.034075856209 1014.2943122088909 670.00041446089745 24234.527514457703 424.44069021940231 22.603110536932949 41758.540920630097 14583.302521914244 14407.709342837334 12.247201323509215 5.3255405575036994 156.37370890378952
leaf_count=46089 4266 21434 1294 233422 4200 2820 99001 1845 103 173152 59814 58800 51 22 687
internal_value=-3.30626e-07 0.000382761 -4.72823e-05 -0.000272153 0.00202468 0.00141673 0.00118072 0.00539644 -0.000419581 -0.000394225 -0.00114347 -5.1357e-05 -0.0109813 -0.0262356 -0.00845468
internal_weight=171877 89811.3 63429.9 57219.8 6210.1 26381.4 24904.5 1476.91 82065.4 81868.9 25702.6 56166.3 196.55 27.9287 168.621
internal_count=707000 368282 260350 234716 25634 107932 101821 6111 338718 337855 105903 231952 863 125 738
is_linear=0
shrinkage=0.03


Tree=143
num_leaves=16
num_cat=0
split_feature=3 4 7 7 7 7 7 7 7 2 3 7 2 2 5
split_gain=30.6331 40.6761 91.3637 230.795 61.3933 98.2864 78.1251 43.7171 27.8091 21.6787 27.2926 21.0177 17.5739 23.0248 5.12924
threshold=0.062640388152270812 -0.0024134938318978723 0.042350000330426692 0.038035284448153302 0.13576358220676513 0.12695122874122669 0.15591940314465849 0.07694626914134807 -0.21139297599414056 0.013040862630092949 0.16863055871142887 -0.16960564226560779 0.0012782666319817442 0.039017834916644796 0.89985031969910234
decision_type=2 2 2 2 2 2 2 2 2 2 2 2 2 2 2
left_child=1 4 3 -3 5 -1 -6 -4 12 11 -11 -10 14 -14 -2
right_child=8 2 7 -5 6 -7 -8 -9 9 10 -12 -13 13 -15 -16
leaf_value=-0.00047661964171885493 0.023304884574113595 0.00090441474770276155 -0.0012821288430424611 0.0089337285225169604 0.0087843260453309702 -0.0090524869471836564 5.8109861041634377e-05 0.00047374918169528179 -0.010915816805841616 -0.0025172480531877087 -0.011023890282466383 -0.0001065290177735246 -0.0017817270313029666 0.022776903741254732 0.051095966373764255
leaf_weight=67689.137840926647 21.456910908222202 31647.344138935208 21752.91673026979 3587.0798126906157 1439.6635404229164 1224.5208779722452 2574.8650221377611 30874.426892206073 166.84906621277332 4909.0490451008081 364.66097190976143 5452.6444463431835 109.44781808555126 50.079135820269585 8.2848351001739484
leaf_count=279751 89 129877 89704 14619 5812 5024 10504 125592 689 20455 1599 22598 447 206 34
internal_value=-3.27218e-07 0.000104821 0.000539541 0.00172185 -0.000418917 -0.000629003 0.00318745 -0.000252023 -0.00152587 -0.00172396 -0.00310546 -0.000427469 0.00987492 0.00592779 0.0310463
internal_weight=171872 160790 87861.8 35234.4 72928.2 68913.7 4014.53 52627.3 11082.5 10893.2 5273.71 5619.49 189.269 159.527 29.7417
internal_count=707000 660883 359792 144496 301091 284775 16316 215296 46117 45341 22054 23287 776 653 123
is_linear=0
shrinkage=0.03


Tree=144
num_leaves=16
num_cat=0
split_feature=0 1 2 1 6 5 4 1 2 1 4 6 4 2 2
split_gain=29.7421 31.1371 96.5264 48.474 43.8562 22.7979 38.6171 18.0974 6.50628 10.8057 17.2272 8.35898 8.88196 3.96913 3.69901
threshold=0.16058760188210922 -0.0032251431279270854 1.0000000180025095e-35 0.0015706914635029124 0.056019176661801513 0.5478066362735422 -0.00081483502483054016 -0.047560969406996258 0.0080627226602951341 0.097102549327435103 0.080972947003810317 0.1338677879420471 -0.046550855165132292 0.063479366934012127 0.0013671994209289106
decision_type=2 2 2 2 2 2 2 2 2 2 2 2 2 2 2
left_child=1 5 3 -3 -4 6 -1 -7 11 13 -11 12 -2 -10 -13
right_child=8 2 4 -5 -6 7 -8 -9 9 10 -12 14 -14 -15 -16
leaf_value=-0.0024733083056553929 0.0028010906936527338 0.0046585624572416861 0.00066829957470291711 0.021119484438189732 -0.00097119676351343782 -0.002417422804371253 -0.00012782985072846143 6.2159967591321802e-05 -0.0076808731485559006 -0.020954811394409672 -0.0054650774161544586 0.02109382856002201 -0.019568311123545221 0.00047495307411061285 -0.00033790831223340682
leaf_weight=11104.351671636105 42.063377037644386 366.13437643647194 70159.373687878251 287.38111859560013 18571.230745136738 2787.5034295171499 14656.155287012458 53358.997900560498 99.679466746747494 116.34065867960453 145.35879643261433 19.453386038541797 25.757345661520958 116.43284696340561 11.551924169063566
leaf_count=46041 205 1624 286902 1161 76595 11951 60123 219865 493 580 661 82 112 552 53
internal_value=-3.25711e-07 2.25721e-05 0.000409761 0.0118972 0.000325155 -0.000399963 -0.00113887 -6.09438e-05 -0.00680216 -0.00825141 -0.0123512 0.000204789 -0.00569449 -0.00328683 0.0131088
internal_weight=171868 171291 89384.1 653.515 88730.6 81907 25760.5 56146.5 576.638 477.812 261.699 98.826 67.8207 216.112 31.0053
internal_count=707000 704262 366282 2785 363497 337980 106164 231816 2738 2286 1241 452 317 1045 135
is_linear=0
shrinkage=0.03


Tree=145
num_leaves=16
num_cat=0
split_feature=7 7 7 7 7 7 7 7 7 6 2 7 1 7 1
split_gain=30.6649 371.179 122.981 103.334 326.997 94.8037 82.5626 194.193 69.0558 53.5681 49.1768 35.3375 31.0718 23.27 8.99568
threshold=-0.023005323275327168 -0.012433950021172256 -0.031967123184603312 0.0047084982816636431 0.013054558192188483 -0.014143974125485513 -0.035740654437621248 -0.037040774722581486 0.0030690030408574436 -0.032070479728839078 0.0075382774221779717 -0.018576802952870394 -0.024450660603950018 -0.029795850614064586 0.0048192954925168913
decision_type=2 2 2 2 2 2 2 2 2 2 2 2 2 2 2
left_child=2 5 6 8 -5 11 7 -1 -3 13 -8 -2 -11 -4 -7
right_child=1 3 9 4 -6 14 10 -9 -10 12 -12 -13 -14 -15 -16
leaf_value=0.00011225833791325007 -0.004180423375432691 0.0019729127284703303 0.017924936808620503 -0.0067788261311992528 0.00022030543056256662 -0.015942917222668555 -0.00093079479204191359 0.015934940163031052 0.0090372557890803784 -0.0069919963957026663 -0.010181290479364107 -0.0095525280381089407 0.0045061595769976094 0.0084847826417258319 -0.023159624429257866
leaf_weight=21439.434393450618 2578.7400791049004 9937.5364282727242 336.20744358003139 6322.243080496788 120698.01886168122 445.21994704008102 1016.3888989686966 721.59351558983326 1423.8041279613972 229.3709082454443 1053.1323170363903 1924.4158251881599 2717.9569386094809 780.73410902917385 238.84922787547112
leaf_count=89213 10680 40938 1376 26468 494773 1858 4200 2955 5837 968 4361 7993 11171 3218 991
internal_value=-3.20924e-07 -0.00017822 0.000902344 0.000117113 -0.000128066 -0.00805691 9.23219e-05 0.000627467 0.00285822 0.00573157 -0.00563816 -0.00647618 0.00361133 0.0113263 -0.0184627
internal_weight=171864 143569 28294.8 138382 127020 5187.23 24230.5 22161 11361.3 4064.27 2069.52 4503.16 2947.33 1116.94 684.069
internal_count=707000 589538 117462 568016 521241 21522 100729 92168 46775 16733 8561 18673 12139 4594 2849
is_linear=0
shrinkage=0.03


Tree=146
num_leaves=15
num_cat=0
split_feature=7 7 7 7 7 3 3 1 1 3 1 3 1 2
split_gain=30.2797 61.2439 188.16 144.969 51.2171 46.9319 43.1402 16.6211 7.41431 7.68101 5.90914 4.13216 4.18437 3.78591
threshold=0.28666687806024133 0.27185133386963328 0.27684666288085874 0.26249953050843139 0.18381394494568773 0.0011644288579967246 0.045649483814900645 0.00070472241305362491 0.03082816558901592 -0.053848252883956109 -0.016295796496048495 0.079212966231213114 0.038768716115526868 0.027338577041470375
decision_type=2 2 2 2 2 2 2 2 2 2 2 2 2 2
left_child=1 3 6 4 -1 -4 -3 -5 9 -2 -11 12 -10 -13
right_child=8 2 5 7 -6 -7 -8 -9 11 10 -12 13 -14 -15
leaf_value=-6.7085607808839635e-05 0.021826506085196193 0.023692432898979734 -0.0099471322823119403 -0.019854271922071575 0.003092763137811377 0.0030281351207370475 0.0017438232634241729 -0.0093493518414385062 0.0090833496558141748 -0.0019448641744977293 -0.0080578669912695876 0.020784436523033984 -0.011747069947710966 -0.002961402608248401
leaf_weight=164003.93018895388 8.6187410801649076 464.63127501308918 380.74513503909111 316.49824698269367 4750.3490228205919 735.60088813304901 97.509713679552078 237.10710608959198 15.669250875711439 185.04435449838638 616.355667501688 18.591419175267223 19.455394595861435 8.9526848345994932
leaf_count=675091 35 1863 1549 1290 19105 2975 395 962 66 806 2659 80 84 40
internal_value=-3.3384e-07 2.81147e-05 0.00573044 -2.84171e-05 2.18626e-05 -0.00139726 0.0198852 -0.0153551 -0.00557427 -0.00634341 -0.00664637 0.00436717 -0.00245453 0.0130663
internal_weight=171859 170986 1678.49 169308 168754 1116.35 562.141 553.605 872.688 810.019 801.4 62.6687 35.1246 27.5441
internal_count=707000 703230 6782 696448 694196 4524 2258 2252 3770 3500 3465 270 150 120
is_linear=0
shrinkage=0.03


Tree=147
num_leaves=16
num_cat=0
split_feature=7 7 4 7 7 7 7 7 4 7 7 3 7 3 7
split_gain=30.2525 129.925 141.596 79.2057 68.3188 76.2808 65.295 99.8063 76.0777 63.7858 134.347 73.5163 63.7272 47.7937 42.9555
threshold=-0.063636436613844868 -0.0577327146855433 -0.028593497624028016 -0.060272034423333669 -0.049620700233285402 -0.052327299980846724 -0.085355310879802623 -0.082040370655703396 0.014541073098772618 -0.10713815006275694 -0.14112623220486983 0.018415733143466676 -0.043012402893504491 0.049872228109815404 -0.062857639786137773
decision_type=2 2 2 2 2 2 2 2 2 2 2 2 2 2 2
left_child=6 2 14 -4 5 -3 9 8 -8 10 -1 -11 -6 -9 -2
right_child=1 4 3 -5 12 -7 7 13 -10 11 -12 -13 -14 -15 -16
leaf_value=-0.0004927323738814531 -0.0081122186550538818 0.0020131293844276774 0.0071584832621434686 -0.012335376661372294 -0.0052077099538500749 0.013964500368199219 0.02241323729007055 0.00340430316010312 0.0027470650676936471 -0.0073720457574324551 0.013410543447651142 0.006115648455521411 -2.164539494106543e-05 -0.0085346836857935864 -0.01977051279692385
leaf_weight=4137.8032814413309 513.07808528840542 2205.2780154943466 627.61244262754917 267.55763740837574 2162.5900904238224 614.5942145138979 436.7509795576334 3367.0120787322521 297.71215622127056 1736.9475999623537 736.91056947410107 460.0346474647522 153321.45406256616 331.48087926208973 638.30163972079754
leaf_count=17646 2221 8983 2639 1230 8981 2609 1785 13668 1207 7095 2989 1880 629806 1351 2910
internal_value=-3.2632e-07 -0.000106942 -0.00761742 0.00133196 -9.8471e-06 0.00461794 0.00148568 0.00434024 0.0144416 -0.000303733 0.00160903 -0.00454781 -9.37771e-05 0.00233426 -0.0145753
internal_weight=171855 160350 2046.55 895.17 158304 2819.87 11504.7 4432.96 734.463 7071.7 4874.71 2196.98 155484 3698.49 1151.38
internal_count=707000 659379 9000 3869 650379 11592 47621 18011 2992 29610 20635 8975 638787 15019 5131
is_linear=0
shrinkage=0.03


Tree=148
num_leaves=16
num_cat=0
split_feature=7 7 7 7 7 7 7 7 7 7 7 4 7 0 7
split_gain=29.9342 340.338 108.787 136.935 104.583 274.564 149.066 125.931 102.629 86.2181 77.6753 76.4462 58.5998 28.9578 24.5
threshold=0.042350000330426692 0.038035284448153302 0.032137354535094372 0.020288782640264461 0.051614015045964974 0.050849254353791402 0.054780484863403596 0.055994705428581322 0.033323863363488145 0.041461326432956642 0.053080840614819221 0.026885819030175288 0.042845442800433904 0.027651599882899971 0.041837582528997726
decision_type=2 2 2 2 2 2 2 2 2 2 2 2 2 2 2
left_child=1 2 3 -1 5 12 10 -8 -4 13 -6 -7 -2 -3 -11
right_child=4 9 8 -5 6 11 7 -9 -10 14 -12 -13 -14 -15 -16
leaf_value=-0.00042697472451370114 -0.0077068073123865814 0.010789482559897444 -0.010773916681983757 0.0029784558509363982 0.0014074123279059559 -0.028723315442496518 -0.0090851447808940108 -0.00012275185316281832 -0.0018591040626250827 -0.0033238974048794764 0.0094571641822104868 -0.0087767950581744639 -0.0010388218731801435 0.0062403144693672285 0.0044444912050093316
leaf_weight=56951.533560298383 1348.1963786184788 2870.5306011885405 1457.7394260168076 13064.990589603782 2154.4586352109909 440.25760015845299 1439.8751122653484 70363.274694487453 5732.9655509144068 736.20486776530743 2160.9464961439371 284.78924134373665 9870.3347971439362 2243.682610720396 725.40273644030094
leaf_count=235965 5545 11673 5993 53484 8852 1810 5925 288398 23544 3016 8868 1173 40592 9193 2969
internal_value=-3.28038e-07 0.000405603 -0.000152409 0.000208474 -0.000386535 -0.00299651 2.29897e-05 -0.000302476 -0.00366636 0.00695728 0.00543834 -0.0208886 -0.00184015 0.00879369 0.00053159
internal_weight=171845 83783 77207.2 70016.5 88062.1 11943.6 76118.6 71803.1 7190.7 6575.82 4315.41 725.047 11218.5 5114.21 1461.61
internal_count=707000 345837 318986 289449 361163 49120 312043 294323 29537 26851 17720 2983 46137 20866 5985
is_linear=0
shrinkage=0.03


Tree=149
num_leaves=16
num_cat=0
split_feature=7 7 7 7 7 7 7 7 7 6 3 7 7 7 0
split_gain=29.6227 348.223 115.786 100.467 152.964 92.066 89.823 77.6386 182.404 50.2393 45.4876 33.3865 30.9186 21.7839 10.7231
threshold=-0.023005323275327168 -0.012433950021172256 -0.031967123184603312 -0.0044901456332057102 -0.0052974768607154102 0.013054558192188483 -0.014143974125485513 -0.035740654437621248 -0.037040774722581486 -0.032070479728839078 -0.010198319278458377 -0.018576802952870394 -0.025738528356851417 -0.029795850614064586 0.020506098080141363
decision_type=2 2 2 2 2 2 2 2 2 2 2 2 2 2 2
left_child=2 6 7 4 -3 -5 11 8 -1 13 -9 -2 -11 -4 -8
right_child=1 3 9 5 -6 -7 14 10 -10 12 -12 -13 -14 -15 -16
leaf_value=0.00011919551337196488 -0.0040430865202950098 0.0023044453901548516 0.017358549447087708 -0.0024851763250495463 0.018173288908837959 0.00020805726388747019 -0.010368486567752392 -0.010551250620218661 0.015437890835181073 0.001395583961702689 -0.0015701317896902654 -0.0092686350336341206 0.0079656677172880511 0.008234608679790395 -0.019827345447344168
leaf_weight=21428.912596151233 2576.5163634717464 4437.092522457242 337.04900752007961 12617.512383133173 623.51145698130131 120699.54830031097 134.35431300103664 895.30141487717628 723.18082904815674 1996.6647946536541 1171.8863871097565 1920.7067747116089 952.01185427606106 781.77155520021915 547.12258256971836
leaf_count=89213 10680 18267 1376 52418 2558 494773 557 3721 2955 8220 4840 7993 3919 3218 2292
internal_value=-3.38929e-07 -0.000175182 0.000886995 0.000110653 0.00425963 -4.68382e-05 -0.00781286 0.000100418 0.000619292 0.00557055 -0.00545986 -0.00627485 0.00351681 0.0109832 -0.0179625
internal_weight=171843 143556 28286.8 138378 5060.6 133317 5178.7 24219.3 22152.1 4067.5 2067.19 4497.22 2948.68 1118.82 681.477
internal_count=707000 589538 117462 568016 20825 547191 21522 100729 92168 16733 8561 18673 12139 4594 2849
is_linear=0
shrinkage=0.03


end of trees

feature_importances:
Market_Regime_200=997
Dist_SMA_10=313
Dist_SMA_50=195
Close_Open_Momentum=165
Relative_Strength_10d=164
Intraday_Range=150
Volume_Ratio=116
Top_Wick_Rejection=95

parameters:
[boosting: gbdt]
[objective: binary]
[metric: binary_logloss]
[tree_learner: serial]
[device_type: cpu]
[data_sample_strategy: bagging]
[data: ]
[valid: ]
[num_iterations: 150]
[learning_rate: 0.03]
[num_leaves: 31]
[num_threads: 12]
[seed: 42]
[deterministic: 0]
[force_col_wise: 0]
[force_row_wise: 0]
[histogram_pool_size: -1]
[max_depth: 4]
[min_data_in_leaf: 20]
[min_sum_hessian_in_leaf: 0.001]
[bagging_fraction: 0.8]
[pos_bagging_fraction: 1]
[neg_bagging_fraction: 1]
[bagging_freq: 0]
[bagging_seed: 400]
[bagging_by_query: 0]
[feature_fraction: 0.8]
[feature_fraction_bynode: 1]
[feature_fraction_seed: 30056]
[extra_trees: 0]
[extra_seed: 12879]
[early_stopping_round: 0]
[early_stopping_min_delta: 0]
[first_metric_only: 0]
[max_delta_step: 0]
[lambda_l1: 0]
[lambda_l2: 0]
[linear_lambda: 0]
[min_gain_to_split: 0]
[drop_rate: 0.1]
[max_drop: 50]
[skip_drop: 0.5]
[xgboost_dart_mode: 0]
[uniform_drop: 0]
[drop_seed: 17869]
[top_rate: 0.2]
[other_rate: 0.1]
[min_data_per_group: 100]
[max_cat_threshold: 32]
[cat_l2: 10]
[cat_smooth: 10]
[max_cat_to_onehot: 4]
[top_k: 20]
[monotone_constraints: ]
[monotone_constraints_method: basic]
[monotone_penalty: 0]
[feature_contri: ]
[forcedsplits_filename: ]
[refit_decay_rate: 0.9]
[cegb_tradeoff: 1]
[cegb_penalty_split: 0]
[cegb_penalty_feature_lazy: ]
[cegb_penalty_feature_coupled: ]
[path_smooth: 0]
[interaction_constraints: ]
[verbosity: -1]
[saved_feature_importance_type: 0]
[use_quantized_grad: 0]
[num_grad_quant_bins: 4]
[quant_train_renew_leaf: 0]
[stochastic_rounding: 1]
[linear_tree: 0]
[max_bin: 255]
[max_bin_by_feature: ]
[min_data_in_bin: 3]
[bin_construct_sample_cnt: 200000]
[data_random_seed: 175]
[is_enable_sparse: 1]
[enable_bundle: 1]
[use_missing: 1]
[zero_as_missing: 0]
[feature_pre_filter: 1]
[pre_partition: 0]
[two_round: 0]
[header: 0]
[label_column: ]
[weight_column: ]
[group_column: ]
[ignore_column: ]
[categorical_feature: ]
[forcedbins_filename: ]
[precise_float_parser: 0]
[parser_config_file: ]
[objective_seed: 16083]
[num_class: 1]
[is_unbalance: 0]
[scale_pos_weight: 1]
[sigmoid: 1]
[boost_from_average: 1]
[reg_sqrt: 0]
[alpha: 0.9]
[fair_c: 1]
[poisson_max_delta_step: 0.7]
[tweedie_variance_power: 1.5]
[lambdarank_truncation_level: 30]
[lambdarank_norm: 1]
[label_gain: ]
[lambdarank_position_bias_regularization: 0]
[eval_at: ]
[multi_error_top_k: 1]
[auc_mu_weights: ]
[num_machines: 1]
[local_listen_port: 12400]
[time_out: 120]
[machine_list_filename: ]
[machines: ]
[gpu_platform_id: -1]
[gpu_device_id: -1]
[gpu_device_id_list: ]
[gpu_use_dp: 0]
[num_gpu: 1]

end of parameters

pandas_categorical:[]
